{
  "sigma_0": 1.0,
  "free_max_rel_error": 0.0003359449755231594,
  "lsbridge_max_rel_error": 2.220769611898957,
  "free_sigma_data": {
    "t": [
      0.0,
      0.2,
      0.4,
      0.6005,
      0.8,
      1.0,
      1.2,
      1.4000000000000001,
      1.6,
      1.8,
      2.0,
      2.2,
      2.4,
      2.6,
      2.8000000000000003,
      3.0005,
      3.2005,
      3.4005,
      3.6005000000000003,
      3.8005
    ],
    "sigma_PDE": [
      0.9999999999999999,
      1.004983294309073,
      1.0197870794245565,
      1.0440654818242205,
      1.0769692425715174,
      1.117938077895157,
      1.1660579686496735,
      1.2204833756243962,
      1.2804104801899554,
      1.3451041480367447,
      1.4139102461018083,
      1.4862577309061602,
      1.561654489637709,
      1.639679935540327,
      1.719976360506761,
      1.8024481499215674,
      1.88642608318341,
      1.9718950897941696,
      2.0586694651338875,
      2.1465909092967776
    ],
    "sigma_analytic": [
      1.0,
      1.004987562112089,
      1.019803902718557,
      1.044102515321173,
      1.077032961426901,
      1.118033988749895,
      1.16619037896906,
      1.2206555615733703,
      1.2806248474865698,
      1.3453624047073711,
      1.4142135623730951,
      1.4866068747318506,
      1.5620499351813308,
      1.6401219466856727,
      1.7204650534085255,
      1.8029836556386196,
      1.8870082306391776,
      1.9725237799580517,
      2.0593445710953766,
      2.147312288070834
    ]
  },
  "lsbridge_sigma_data": {
    "t": [
      0.0,
      0.2,
      0.4,
      0.6002000000000001,
      0.8,
      1.0,
      1.2,
      1.4000000000000001,
      1.6,
      1.8,
      2.0,
      2.2,
      2.4,
      2.6,
      2.8000000000000003,
      3.0002,
      3.2002,
      3.4002000000000003,
      3.6002,
      3.8002000000000002
    ],
    "sigma_PDE": [
      0.9999999999999999,
      3.4575344222127455,
      3.457534422247387,
      3.45753442227527,
      3.457534422302476,
      3.457534422325992,
      3.457534422346285,
      3.457534422366839,
      3.4575344223833135,
      3.4575344223999633,
      3.45753442241891,
      3.45753442243648,
      3.457534422452144,
      3.4575344224681515,
      3.4575344224834197,
      3.4575344224972495,
      3.4575344225133775,
      3.4575344225284623,
      3.4575344225418783,
      3.4575344225541604
    ],
    "sigma_ODE": [
      1.0,
      1.0735118741306655,
      1.1466597205982947,
      1.2192053147092876,
      1.2906779926935505,
      1.3610910010867534,
      1.4302151602935544,
      1.4979332975869428,
      1.5641623304008638,
      1.6288476508806082,
      1.6919581369075967,
      1.7534817147097643,
      1.8134215230419681,
      1.8717926631077806,
      1.928619480934914,
      1.9839878477302768,
      2.037823724641775,
      2.0902232853651297,
      2.141229115704925,
      2.1908852891489636
    ]
  },
  "plot": "results/lsbridge_predictions/pde_simulator/pde_vs_ode_sigma0=1.0.png"
}