[    0.0s] Plancherel finite-size references
[    2.1s]   uniform-permutation LIS n=56: skew +0.3436
[    3.3s]   uniform-permutation LIS n=64: skew +0.3477
[    3.3s] quantum n=56: 2000 paths
Solve 1: Forcing phase 2 since near primal feasible with unperturbed costs
num / max / sum primal infeasiblitiles
1 /   0.0001268 /   0.0001268 (  perturbed bounds)
1 /   0.0001269 /   0.0001269 (unperturbed bounds)
Solve 1: Forcing phase 2 since near primal feasible with unperturbed costs
num / max / sum primal infeasiblitiles
1 /   0.0002253 /   0.0002253 (  perturbed bounds)
1 /   0.0002255 /   0.0002255 (unperturbed bounds)
Solve 1: Forcing phase 2 since near primal feasible with unperturbed costs
num / max / sum primal infeasiblitiles
1 /   0.0002726 /   0.0002726 (  perturbed bounds)
1 /   0.0002728 /   0.0002728 (unperturbed bounds)
Solve 1: Forcing phase 2 since near primal feasible with unperturbed costs
num / max / sum primal infeasiblitiles
1 /   0.0001647 /   0.0001647 (  perturbed bounds)
1 /   0.0001649 /   0.0001649 (unperturbed bounds)
Solve 1: Forcing phase 2 since near primal feasible with unperturbed costs
num / max / sum primal infeasiblitiles
1 /   0.0002042 /   0.0002042 (  perturbed bounds)
1 /   0.0002042 /   0.0002042 (unperturbed bounds)
Solve 1: Forcing phase 2 since near primal feasible with unperturbed costs
num / max / sum primal infeasiblitiles
1 /   5.619e-05 /   5.619e-05 (  perturbed bounds)
1 /   5.637e-05 /   5.637e-05 (unperturbed bounds)
Solve 1: Forcing phase 2 since near primal feasible with unperturbed costs
num / max / sum primal infeasiblitiles
1 /   4.713e-05 /   4.713e-05 (  perturbed bounds)
1 /   4.717e-05 /   4.717e-05 (unperturbed bounds)
Solve 1: Forcing phase 2 since near primal feasible with unperturbed costs
num / max / sum primal infeasiblitiles
1 /   0.0001052 /   0.0001052 (  perturbed bounds)
1 /   0.0001052 /   0.0001052 (unperturbed bounds)
Solve 1: Forcing phase 2 since near primal feasible with unperturbed costs
num / max / sum primal infeasiblitiles
1 /   0.0001194 /   0.0001194 (  perturbed bounds)
1 /   0.0001194 /   0.0001194 (unperturbed bounds)
Solve 1: Forcing phase 2 since near primal feasible with unperturbed costs
num / max / sum primal infeasiblitiles
1 /   0.0002171 /   0.0002171 (  perturbed bounds)
1 /   0.0002172 /   0.0002172 (unperturbed bounds)
Solve 1: Forcing phase 2 since near primal feasible with unperturbed costs
num / max / sum primal infeasiblitiles
1 /   0.0003033 /   0.0003033 (  perturbed bounds)
1 /   0.0003035 /   0.0003035 (unperturbed bounds)
Solve 1: Forcing phase 2 since near primal feasible with unperturbed costs
num / max / sum primal infeasiblitiles
1 /   0.0002724 /   0.0002724 (  perturbed bounds)
1 /   0.0002724 /   0.0002724 (unperturbed bounds)
Solve 1: Forcing phase 2 since near primal feasible with unperturbed costs
num / max / sum primal infeasiblitiles
1 /   0.0002511 /   0.0002511 (  perturbed bounds)
1 /   0.0002511 /   0.0002511 (unperturbed bounds)
Solve 1: Forcing phase 2 since near primal feasible with unperturbed costs
num / max / sum primal infeasiblitiles
1 /   0.0002027 /   0.0002027 (  perturbed bounds)
1 /   0.0002027 /   0.0002027 (unperturbed bounds)
Solve 1: Forcing phase 2 since near primal feasible with unperturbed costs
num / max / sum primal infeasiblitiles
1 /   9.817e-05 /   9.817e-05 (  perturbed bounds)
1 /   9.821e-05 /   9.821e-05 (unperturbed bounds)
Solve 1: Forcing phase 2 since near primal feasible with unperturbed costs
num / max / sum primal infeasiblitiles
1 /   0.0002955 /   0.0002955 (  perturbed bounds)
1 /   0.0002956 /   0.0002956 (unperturbed bounds)
Solve 1: Forcing phase 2 since near primal feasible with unperturbed costs
num / max / sum primal infeasiblitiles
1 /   0.0002305 /   0.0002305 (  perturbed bounds)
1 /   0.0002305 /   0.0002305 (unperturbed bounds)
Solve 1: Forcing phase 2 since near primal feasible with unperturbed costs
num / max / sum primal infeasiblitiles
1 /   0.0001613 /   0.0001613 (  perturbed bounds)
1 /   0.0001613 /   0.0001613 (unperturbed bounds)
Solve 1: Forcing phase 2 since near primal feasible with unperturbed costs
num / max / sum primal infeasiblitiles
1 /    3.16e-05 /    3.16e-05 (  perturbed bounds)
1 /   3.164e-05 /   3.164e-05 (unperturbed bounds)
Solve 1: Forcing phase 2 since near primal feasible with unperturbed costs
num / max / sum primal infeasiblitiles
1 /   7.672e-06 /   7.672e-06 (  perturbed bounds)
1 /   7.858e-06 /   7.858e-06 (unperturbed bounds)
Solve 1: Forcing phase 2 since near primal feasible with unperturbed costs
num / max / sum primal infeasiblitiles
1 /   6.393e-05 /   6.393e-05 (  perturbed bounds)
1 /   6.396e-05 /   6.396e-05 (unperturbed bounds)
Solve 1: Forcing phase 2 since near primal feasible with unperturbed costs
num / max / sum primal infeasiblitiles
1 /   0.0003105 /   0.0003105 (  perturbed bounds)
1 /   0.0003107 /   0.0003107 (unperturbed bounds)
Solve 1: Forcing phase 2 since near primal feasible with unperturbed costs
num / max / sum primal infeasiblitiles
1 /   0.0003094 /   0.0003094 (  perturbed bounds)
1 /   0.0003096 /   0.0003096 (unperturbed bounds)
Solve 1: Forcing phase 2 since near primal feasible with unperturbed costs
num / max / sum primal infeasiblitiles
1 /   0.0001901 /   0.0001901 (  perturbed bounds)
1 /   0.0001903 /   0.0001903 (unperturbed bounds)
Solve 1: Forcing phase 2 since near primal feasible with unperturbed costs
num / max / sum primal infeasiblitiles
1 /   4.646e-05 /   4.646e-05 (  perturbed bounds)
1 /   4.662e-05 /   4.662e-05 (unperturbed bounds)
Solve 1: Forcing phase 2 since near primal feasible with unperturbed costs
num / max / sum primal infeasiblitiles
1 /    5.97e-05 /    5.97e-05 (  perturbed bounds)
1 /   5.972e-05 /   5.972e-05 (unperturbed bounds)
Solve 1: Forcing phase 2 since near primal feasible with unperturbed costs
num / max / sum primal infeasiblitiles
1 /   0.0002679 /   0.0002679 (  perturbed bounds)
1 /   0.0002679 /   0.0002679 (unperturbed bounds)
Solve 1: Forcing phase 2 since near primal feasible with unperturbed costs
num / max / sum primal infeasiblitiles
1 /   0.0001804 /   0.0001804 (  perturbed bounds)
1 /   0.0001804 /   0.0001804 (unperturbed bounds)
Solve 1: Forcing phase 2 since near primal feasible with unperturbed costs
num / max / sum primal infeasiblitiles
1 /     4.6e-05 /     4.6e-05 (  perturbed bounds)
1 /   4.604e-05 /   4.604e-05 (unperturbed bounds)
Solve 1: Forcing phase 2 since near primal feasible with unperturbed costs
num / max / sum primal infeasiblitiles
1 /   0.0001474 /   0.0001474 (  perturbed bounds)
1 /   0.0001476 /   0.0001476 (unperturbed bounds)
Solve 1: Forcing phase 2 since near primal feasible with unperturbed costs
num / max / sum primal infeasiblitiles
1 /   0.0002352 /   0.0002352 (  perturbed bounds)
1 /   0.0002354 /   0.0002354 (unperturbed bounds)
Solve 1: Forcing phase 2 since near primal feasible with unperturbed costs
num / max / sum primal infeasiblitiles
1 /   0.0002044 /   0.0002044 (  perturbed bounds)
1 /   0.0002046 /   0.0002046 (unperturbed bounds)
Solve 1: Forcing phase 2 since near primal feasible with unperturbed costs
num / max / sum primal infeasiblitiles
1 /   0.0003111 /   0.0003111 (  perturbed bounds)
1 /   0.0003112 /   0.0003112 (unperturbed bounds)
Solve 1: Forcing phase 2 since near primal feasible with unperturbed costs
num / max / sum primal infeasiblitiles
1 /   0.0002333 /   0.0002333 (  perturbed bounds)
1 /   0.0002335 /   0.0002335 (unperturbed bounds)
Solve 1: Forcing phase 2 since near primal feasible with unperturbed costs
num / max / sum primal infeasiblitiles
1 /   0.0002181 /   0.0002181 (  perturbed bounds)
1 /   0.0002182 /   0.0002182 (unperturbed bounds)
Solve 1: Forcing phase 2 since near primal feasible with unperturbed costs
num / max / sum primal infeasiblitiles
1 /   0.0001407 /   0.0001407 (  perturbed bounds)
1 /   0.0001407 /   0.0001407 (unperturbed bounds)
Solve 1: Forcing phase 2 since near primal feasible with unperturbed costs
num / max / sum primal infeasiblitiles
1 /   4.936e-05 /   4.936e-05 (  perturbed bounds)
1 /   4.938e-05 /   4.938e-05 (unperturbed bounds)
Solve 1: Forcing phase 2 since near primal feasible with unperturbed costs
num / max / sum primal infeasiblitiles
1 /   6.783e-05 /   6.783e-05 (  perturbed bounds)
1 /   6.802e-05 /   6.802e-05 (unperturbed bounds)
Solve 1: Forcing phase 2 since near primal feasible with unperturbed costs
num / max / sum primal infeasiblitiles
2 /   0.0002986 /   0.0004469 (  perturbed bounds)
2 /   0.0002986 /   0.0004469 (unperturbed bounds)
Solve 1: Forcing phase 2 since near primal feasible with unperturbed costs
num / max / sum primal infeasiblitiles
1 /   0.0001846 /   0.0001846 (  perturbed bounds)
1 /   0.0001845 /   0.0001845 (unperturbed bounds)
Solve 1: Forcing phase 2 since near primal feasible with unperturbed costs
num / max / sum primal infeasiblitiles
1 /   0.0001471 /   0.0001471 (  perturbed bounds)
1 /   0.0001473 /   0.0001473 (unperturbed bounds)
Solve 1: Forcing phase 2 since near primal feasible with unperturbed costs
num / max / sum primal infeasiblitiles
1 /   2.271e-05 /   2.271e-05 (  perturbed bounds)
1 /   2.291e-05 /   2.291e-05 (unperturbed bounds)
Solve 1: Forcing phase 2 since near primal feasible with unperturbed costs
num / max / sum primal infeasiblitiles
1 /   0.0002453 /   0.0002453 (  perturbed bounds)
1 /   0.0002455 /   0.0002455 (unperturbed bounds)
Solve 1: Forcing phase 2 since near primal feasible with unperturbed costs
num / max / sum primal infeasiblitiles
1 /   0.0001827 /   0.0001827 (  perturbed bounds)
1 /   0.0001829 /   0.0001829 (unperturbed bounds)
Solve 1: Forcing phase 2 since near primal feasible with unperturbed costs
num / max / sum primal infeasiblitiles
1 /   0.0001062 /   0.0001062 (  perturbed bounds)
1 /   0.0001062 /   0.0001062 (unperturbed bounds)
Solve 1: Forcing phase 2 since near primal feasible with unperturbed costs
num / max / sum primal infeasiblitiles
1 /   0.0001619 /   0.0001619 (  perturbed bounds)
1 /    0.000162 /    0.000162 (unperturbed bounds)
Solve 1: Forcing phase 2 since near primal feasible with unperturbed costs
num / max / sum primal infeasiblitiles
1 /   9.335e-05 /   9.335e-05 (  perturbed bounds)
1 /   9.338e-05 /   9.338e-05 (unperturbed bounds)
Solve 1: Forcing phase 2 since near primal feasible with unperturbed costs
num / max / sum primal infeasiblitiles
1 /   9.847e-05 /   9.847e-05 (  perturbed bounds)
1 /   9.865e-05 /   9.865e-05 (unperturbed bounds)
Solve 1: Forcing phase 2 since near primal feasible with unperturbed costs
num / max / sum primal infeasiblitiles
1 /   0.0003127 /   0.0003127 (  perturbed bounds)
1 /   0.0003129 /   0.0003129 (unperturbed bounds)
Solve 1: Forcing phase 2 since near primal feasible with unperturbed costs
num / max / sum primal infeasiblitiles
1 /   8.529e-06 /   8.529e-06 (  perturbed bounds)
1 /   8.565e-06 /   8.565e-06 (unperturbed bounds)
Solve 1: Forcing phase 2 since near primal feasible with unperturbed costs
num / max / sum primal infeasiblitiles
1 /   9.961e-05 /   9.961e-05 (  perturbed bounds)
1 /   9.965e-05 /   9.965e-05 (unperturbed bounds)
Solve 1: Forcing phase 2 since near primal feasible with unperturbed costs
num / max / sum primal infeasiblitiles
1 /   7.462e-05 /   7.462e-05 (  perturbed bounds)
1 /   7.465e-05 /   7.465e-05 (unperturbed bounds)
Solve 1: Forcing phase 2 since near primal feasible with unperturbed costs
num / max / sum primal infeasiblitiles
1 /   9.951e-05 /   9.951e-05 (  perturbed bounds)
1 /   9.954e-05 /   9.954e-05 (unperturbed bounds)
Solve 1: Forcing phase 2 since near primal feasible with unperturbed costs
num / max / sum primal infeasiblitiles
1 /   4.682e-05 /   4.682e-05 (  perturbed bounds)
1 /   4.702e-05 /   4.702e-05 (unperturbed bounds)
Solve 1: Forcing phase 2 since near primal feasible with unperturbed costs
num / max / sum primal infeasiblitiles
1 /   0.0002644 /   0.0002644 (  perturbed bounds)
1 /   0.0002646 /   0.0002646 (unperturbed bounds)
Solve 1: Forcing phase 2 since near primal feasible with unperturbed costs
num / max / sum primal infeasiblitiles
1 /   0.0003067 /   0.0003067 (  perturbed bounds)
1 /   0.0003069 /   0.0003069 (unperturbed bounds)
Solve 1: Forcing phase 2 since near primal feasible with unperturbed costs
num / max / sum primal infeasiblitiles
1 /   0.0001285 /   0.0001285 (  perturbed bounds)
1 /   0.0001286 /   0.00012[  245.2s]   [q56] 164/2000
86 (unperturbed bounds)
Solve 1: Forcing phase 2 since near primal feasible with unperturbed costs
num / max / sum primal infeasiblitiles
1 /   7.641e-05 /   7.641e-05 (  perturbed bounds)
1 /   7.659e-05 /   7.659e-05 (unperturbed bounds)
Solve 1: Forcing phase 2 since near primal feasible with unperturbed costs
num / max / sum primal infeasiblitiles
1 /   8.127e-05 /   8.127e-05 (  perturbed bounds)
1 /   8.146e-05 /   8.146e-05 (unperturbed bounds)
Solve 1: Forcing phase 2 since near primal feasible with unperturbed costs
num / max / sum primal infeasiblitiles
1 /   0.0001559 /   0.0001559 (  perturbed bounds)
1 /   0.0001559 /   0.0001559 (unperturbed bounds)
Solve 1: Forcing phase 2 since near primal feasible with unperturbed costs
num / max / sum primal infeasiblitiles
1 /   0.0002613 /   0.0002613 (  perturbed bounds)
1 /   0.0002615 /   0.0002615 (unperturbed bounds)
Solve 1: Forcing phase 2 since near primal feasible with unperturbed costs
num / max / sum primal infeasiblitiles
1 /   0.0002431 /   0.0002431 (  perturbed bounds)
1 /   0.0002432 /   0.0002432 (unperturbed bounds)
Solve 1: Forcing phase 2 since near primal feasible with unperturbed costs
num / max / sum primal infeasiblitiles
1 /   5.885e-05 /   5.885e-05 (  perturbed bounds)
1 /     5.9e-05 /     5.9e-05 (unperturbed bounds)
Solve 1: Forcing phase 2 since near primal feasible with unperturbed costs
num / max / sum primal infeasiblitiles
1 /   7.087e-05 /   7.087e-05 (  perturbed bounds)
1 /   7.105e-05 /   7.105e-05 (unperturbed bounds)
Solve 1: Forcing phase 2 since near primal feasible with unperturbed costs
num / max / sum primal infeasiblitiles
1 /   0.0001903 /   0.0001903 (  perturbed bounds)
1 /   0.0001905 /   0.0001905 (unperturbed bounds)
Solve 1: Forcing phase 2 since near primal feasible with unperturbed costs
num / max / sum primal infeasiblitiles
1 /   0.0002592 /   0.0002592 (  perturbed bounds)
1 /   0.0002592 /   0.0002592 (unperturbed bounds)
Solve 1: Forcing phase 2 since near primal feasible with unperturbed costs
num / max / sum primal infeasiblitiles
1 /   0.0002171 /   0.0002171 (  perturbed bounds)
1 /   0.0002172 /   0.0002172 (unperturbed bounds)
Solve 1: Forcing phase 2 since near primal feasible with unperturbed costs
num / max / sum primal infeasiblitiles
1 /   0.0002202 /   0.0002202 (  perturbed bounds)
1 /   0.0002204 /   0.0002204 (unperturbed bounds)
Solve 1: Forcing phase 2 since near primal feasible with unperturbed costs
num / max / sum primal infeasiblitiles
1 /   0.0001361 /   0.0001361 (  perturbed bounds)
1 /   0.0001361 /   0.0001361 (unperturbed bounds)
Solve 1: Forcing phase 2 since near primal feasible with unperturbed costs
num / max / sum primal infeasiblitiles
1 /    0.000223 /    0.000223 (  perturbed bounds)
1 /   0.0002232 /   0.0002232 (unperturbed bounds)
Solve 1: Forcing phase 2 since near primal feasible with unperturbed costs
num / max / sum primal infeasiblitiles
1 /   0.0002788 /   0.0002788 (  perturbed bounds)
1 /   0.0002788 /   0.0002788 (unperturbed bounds)
Solve 1: Forcing phase 2 since near primal feasible with unperturbed costs
num / max / sum primal infeasiblitiles
1 /   0.0001302 /   0.0001302 (  perturbed bounds)
1 /   0.0001304 /   0.0001304 (unperturbed bounds)
Solve 1: Forcing phase 2 since near primal feasible with unperturbed costs
num / max / sum primal infeasiblitiles
1 /   0.0002154 /   0.0002154 (  perturbed bounds)
1 /   0.0002154 /   0.0002154 (unperturbed bounds)
Solve 1: Forcing phase 2 since near primal feasible with unperturbed costs
num / max / sum primal infeasiblitiles
1 /   8.628e-05 /   8.628e-05 (  perturbed bounds)
1 /   8.632e-05 /   8.632e-05 (unperturbed bounds)
Solve 1: Forcing phase 2 since near primal feasible with unperturbed costs
num / max / sum primal infeasiblitiles
1 /   7.723e-05 /   7.723e-05 (  perturbed bounds)
1 /   7.726e-05 /   7.726e-05 (unperturbed bounds)
Solve 1: Forcing phase 2 since near primal feasible with unperturbed costs
num / max / sum primal infeasiblitiles
1 /   0.0001544 /   0.0001544 (  perturbed bounds)
1 /   0.0001545 /   0.0001545 (unperturbed bounds)
Solve 1: Forcing phase 2 since near primal feasible with unperturbed costs
num / max / sum primal infeasiblitiles
1 /   0.0001698 /   0.0001698 (  perturbed bounds)
1 /     0.00017 /     0.00017 (unperturbed bounds)
Solve 1: Forcing phase 2 since near primal feasible with unperturbed costs
num / max / sum primal infeasiblitiles
1 /   2.428e-06 /   2.428e-06 (  perturbed bounds)
1 /   2.614e-06 /   2.614e-06 (unperturbed bounds)
Solve 1: Forcing phase 2 since near primal feasible with unperturbed costs
num / max / sum primal infeasiblitiles
1 /   0.0002094 /   0.0002094 (  perturbed bounds)
1 /   0.0002095 /   0.0002095 (unperturbed bounds)
Solve 1: Forcing phase 2 since near primal feasible with unperturbed costs
num / max / sum primal infeasiblitiles
1 /   0.0002187 /   0.0002187 (  perturbed bounds)
1 /   0.0002189 /   0.0002189 (unperturbed bounds)
Solve 1: Forcing phase 2 since near primal feasible with unperturbed costs
num / max / sum primal infeasiblitiles
1 /   8.763e-05 /   8.763e-05 (  perturbed bounds)
1 /   8.782e-05 /   8.782e-05 (unperturbed bounds)
Solve 1: Forcing phase 2 since near primal feasible with unperturbed costs
num / max / sum primal infeasiblitiles
1 /   3.834e-05 /   3.834e-05 (  perturbed bounds)
1 /   3.853e-05 /   3.853e-05 (unperturbed bounds)
Solve 1: Forcing phase 2 since near primal feasible with unperturbed costs
num / max / sum primal infeasiblitiles
1 /   6.469e-05 /   6.469e-05 (  perturbed bounds)
1 /   6.485e-05 /   6.485e-05 (unperturbed bounds)
Solve 1: Forcing phase 2 since near primal feasible with unperturbed costs
num / max / sum primal infeasiblitiles
1 /   7.106e-06 /   7.106e-06 (  perturbed bounds)
1 /   7.292e-06 /   7.292e-06 (unperturbed bounds)
Solve 1: Forcing phase 2 since near primal feasible with unperturbed costs
num / max / sum primal infeasiblitiles
1 /   0.0001433 /   0.0001433 (  perturbed bounds)
1 /   0.0001435 /   0.0001435 (unperturbed bounds)
Solve 1: Forcing phase 2 since near primal feasible with unperturbed costs
num / max / sum primal infeasiblitiles
1 /   0.0002209 /   0.0002209 (  perturbed bounds)
1 /    0.000221 /    0.000221 (unperturbed bounds)
Solve 1: Forcing phase 2 since near primal feasible with unperturbed costs
num / max / sum primal infeasiblitiles
1 /   0.0002293 /   0.0002293 (  perturbed bounds)
1 /   0.0002295 /   0.0002295 (unperturbed bounds)
Solve 1: Forcing phase 2 since near primal feasible with unperturbed costs
num / max / sum primal infeasiblitiles
1 /   0.0002443 /   0.0002443 (  perturbed bounds)
1 /   0.0002445 /   0.0002445 (unperturbed bounds)
Solve 1: Forcing phase 2 since near primal feasible with unperturbed costs
num / max / sum primal infeasiblitiles
1 /   0.0002128 /   0.0002128 (  perturbed bounds)
1 /    0.000213 /    0.000213 (unperturbed bounds)
Solve 1: Forcing phase 2 since near primal feasible with unperturbed costs
num / max / sum primal infeasiblitiles
1 /   0.0002254 /   0.0002254 (  perturbed bounds)
1 /   0.0002255 /   0.0002255 (unperturbed bounds)
Solve 1: Forcing phase 2 since near primal feasible with unperturbed costs
num / max / sum primal infeasiblitiles
1 /   0.0001453 /   0.0001453 (  perturbed bounds)
1 /   0.0001454 /   0.0001454 (unperturbed bounds)
Solve 1: Forcing phase 2 since near primal feasible with unperturbed costs
num / max / sum primal infeasiblitiles
1 /    0.000111 /    0.000111 (  perturbed bounds)
1 /    0.000111 /    0.000111 (unperturbed bounds)
Solve 1: Forcing phase 2 since near primal feasible with unperturbed costs
num / max / sum primal infeasiblitiles
1 /   1.688e-05 /   1.688e-05 (  perturbed bounds)
1 /   1.706e-05 /   1.706e-05 (unperturbed bounds)
Solve 1: Forcing phase 2 since near primal feasible with unperturbed costs
num / max / sum primal infeasiblitiles
1 /     0.00031 /     0.00031 (  perturbed bounds)
1 /     0.00031 /     0.00031 (unperturbed bounds)
Solve 1: Forcing phase 2 since near primal feasible with unperturbed costs
num / max / sum primal infeasiblitiles
1 /   0.0002739 /   0.0002739 (  perturbed bounds)
1 /   0.0002741 /   0.0002741 (unperturbed bounds)
Solve 1: Forcing phase 2 since near primal feasible with unperturbed costs
num / max / sum primal infeasiblitiles
1 /   0.0002542 /   0.0002542 (  perturbed bounds)
1 /   0.0002544 /   0.0002544 (unperturbed bounds)
Solve 1: Forcing phase 2 since near primal feasible with unperturbed costs
num / max / sum primal infeasiblitiles
2 /   0.0001481 /   0.0001883 (  perturbed bounds)
2 /   0.0001481 /   0.0001886 (unperturbed bounds)
Solve 1: Forcing phase 2 since near primal feasible with unperturbed costs
num / max / sum primal infeasiblitiles
1 /   0.0001578 /   0.0001578 (  perturbed bounds)
1 /   0.0001578 /   0.0001578 (unperturbed bounds)
Solve 1: Forcing phase 2 since near primal feasible with unperturbed costs
num / max / sum primal infeasiblitiles
1 /   0.0002832 /   0.0002832 (  perturbed bounds)
1 /   0.0002833 /   0.0002833 (unperturbed bounds)
Solve 1: Forcing phase 2 since near primal feasible with unperturbed costs
num / max / sum primal infeasiblitiles
1 /   0.0001208 /   0.0001208 (  perturbed bounds)
1 /   0.0001209 /   0.0001209 (unperturbed bounds)
Solve 1: Forcing phase 2 since near primal feasible with unperturbed costs
num / max / sum primal infeasiblitiles
1 /   0.0001734 /   0.0001734 (  perturbed bounds)
1 /   0.0001736 /   0.0001736 (unperturbed bounds)
Solve 1: Forcing phase 2 since near primal feasible with unperturbed costs
num / max / sum primal infeasiblitiles
1 /   0.0002207 /   0.0002207 (  perturbed bounds)
1 /   0.0002208 /   0.0002208 (unperturbed bounds)
Solve 1: Forcing phase 2 since near primal feasible with unperturbed costs
num / max / sum primal infeasiblitiles
1 /   0.0002194 /   0.0002194 (  perturbed bounds)
1 /   0.0002195 /   0.0002195 (unperturbed bounds)
Solve 1: Forcing phase 2 since near primal feasible with unperturbed costs
num / max / sum primal infeasiblitiles
1 /   0.0002971 /   0.0002971 (  perturbed bounds)
1 /   0.0002971 /   0.0002971 (unperturbed bounds)
Solve 1: Forcing phase 2 since near primal feasible with unperturbed costs
num / max / sum primal infeasiblitiles
1 /   0.0001141 /   0.0001141 (  perturbed bounds)
1 /   0.0001143 /   0.0001143 (unperturbed bounds)
Solve 1: Forcing phase 2 since near primal feasible with unperturbed costs
num / max / sum primal infeasiblitiles
1 /   0.0001676 /   0.0001676 (  perturbed bounds)
1 /   0.0001678 /   0.0001678 (unperturbed bounds)
Solve 1: Forcing phase 2 since near primal feasible with unperturbed costs
num / max / sum primal infeasiblitiles
1 /   0.0001841 /   0.0001841 (  perturbed bounds)
1 /   0.0001841 /   0.0001841 (unperturbed bounds)
Solve 1: Forcing phase 2 since near primal feasible with unperturbed costs
num / max / sum primal infeasiblitiles
1 /   0.0003107 /   0.0003107 (  perturbed bounds)
1 /   0.0003107 /   0.0003107 (unperturbed bounds)
Solve 1: Forcing phase 2 since near primal feasible with unperturbed costs
num / max / sum primal infeasiblitiles
1 /   0.0001793 /   0.0001793 (  perturbed bounds)
1 /   0.0001794 /   0.0001794 (unperturbed bounds)
Solve 1: Forcing phase 2 since near primal feasible with unperturbed costs
num / max / sum primal infeasiblitiles
1 /   0.0003087 /   0.0003087 (  perturbed bounds)
1 /   0.0003088 /   0.0003088 (unperturbed bounds)
Solve 1: Forcing phase 2 since near primal feasible with unperturbed costs
num / max / sum primal infeasiblitiles
1 /   0.0002186 /   0.0002186 (  perturbed bounds)
1 /   0.0002188 /   0.0002188 (unperturbed bounds)
Solve 1: Forcing phase 2 since near primal feasible with unperturbed costs
num / max / sum primal infeasiblitiles
1 /   0.0002065 /   0.0002065 (  perturbed bounds)
1 /   0.0002065 /   0.0002065 (unperturbed bounds)
Solve 1: Forcing phase 2 since near primal feasible with unperturbed costs
num / max / sum primal infeasiblitiles
1 /   7.425e-05 /   7.425e-05 (  perturbed bounds)
1 /   7.421e-05 /   7.421e-05 (unperturbed bounds)
Solve 1: Forcing phase 2 since near primal feasible with unperturbed costs
num / max / sum primal infeasiblitiles
1 /   9.521e-05 /   9.521e-05 (  perturbed bounds)
1 /[  486.0s]   [q56] 341/2000
   9.525e-05 /   9.525e-05 (unperturbed bounds)
Solve 1: Forcing phase 2 since near primal feasible with unperturbed costs
num / max / sum primal infeasiblitiles
1 /   0.0003087 /   0.0003087 (  perturbed bounds)
1 /   0.0003088 /   0.0003088 (unperturbed bounds)
Solve 1: Forcing phase 2 since near primal feasible with unperturbed costs
num / max / sum primal infeasiblitiles
1 /   0.0001431 /   0.0001431 (  perturbed bounds)
1 /   0.0001433 /   0.0001433 (unperturbed bounds)
Solve 1: Forcing phase 2 since near primal feasible with unperturbed costs
num / max / sum primal infeasiblitiles
1 /   0.0002438 /   0.0002438 (  perturbed bounds)
1 /    0.000244 /    0.000244 (unperturbed bounds)
Solve 1: Forcing phase 2 since near primal feasible with unperturbed costs
num / max / sum primal infeasiblitiles
1 /   0.0001381 /   0.0001381 (  perturbed bounds)
1 /   0.0001381 /   0.0001381 (unperturbed bounds)
Solve 1: Forcing phase 2 since near primal feasible with unperturbed costs
num / max / sum primal infeasiblitiles
1 /   0.0001254 /   0.0001254 (  perturbed bounds)
1 /   0.0001256 /   0.0001256 (unperturbed bounds)
Solve 1: Forcing phase 2 since near primal feasible with unperturbed costs
num / max / sum primal infeasiblitiles
1 /   0.0001019 /   0.0001019 (  perturbed bounds)
1 /   0.0001021 /   0.0001021 (unperturbed bounds)
Solve 1: Forcing phase 2 since near primal feasible with unperturbed costs
num / max / sum primal infeasiblitiles
1 /   0.0002032 /   0.0002032 (  perturbed bounds)
1 /   0.0002032 /   0.0002032 (unperturbed bounds)
Solve 1: Forcing phase 2 since near primal feasible with unperturbed costs
num / max / sum primal infeasiblitiles
1 /   0.0002159 /   0.0002159 (  perturbed bounds)
1 /   0.0002161 /   0.0002161 (unperturbed bounds)
Solve 1: Forcing phase 2 since near primal feasible with unperturbed costs
num / max / sum primal infeasiblitiles
1 /   0.0001172 /   0.0001172 (  perturbed bounds)
1 /   0.0001172 /   0.0001172 (unperturbed bounds)
Solve 1: Forcing phase 2 since near primal feasible with unperturbed costs
num / max / sum primal infeasiblitiles
1 /   0.0002554 /   0.0002554 (  perturbed bounds)
1 /   0.0002555 /   0.0002555 (unperturbed bounds)
Solve 1: Forcing phase 2 since near primal feasible with unperturbed costs
num / max / sum primal infeasiblitiles
1 /   0.0001641 /   0.0001641 (  perturbed bounds)
1 /   0.0001643 /   0.0001643 (unperturbed bounds)
Solve 1: Forcing phase 2 since near primal feasible with unperturbed costs
num / max / sum primal infeasiblitiles
1 /   0.0002043 /   0.0002043 (  perturbed bounds)
1 /   0.0002045 /   0.0002045 (unperturbed bounds)
Solve 1: Forcing phase 2 since near primal feasible with unperturbed costs
num / max / sum primal infeasiblitiles
1 /   0.0002701 /   0.0002701 (  perturbed bounds)
1 /   0.0002703 /   0.0002703 (unperturbed bounds)
Solve 1: Forcing phase 2 since near primal feasible with unperturbed costs
num / max / sum primal infeasiblitiles
1 /   0.0001901 /   0.0001901 (  perturbed bounds)
1 /   0.0001903 /   0.0001903 (unperturbed bounds)
Solve 1: Forcing phase 2 since near primal feasible with unperturbed costs
num / max / sum primal infeasiblitiles
1 /     0.00023 /     0.00023 (  perturbed bounds)
1 /   0.0002302 /   0.0002302 (unperturbed bounds)
Solve 1: Forcing phase 2 since near primal feasible with unperturbed costs
num / max / sum primal infeasiblitiles
1 /   0.0001375 /   0.0001375 (  perturbed bounds)
1 /   0.0001376 /   0.0001376 (unperturbed bounds)
Solve 1: Forcing phase 2 since near primal feasible with unperturbed costs
num / max / sum primal infeasiblitiles
1 /   0.0001873 /   0.0001873 (  perturbed bounds)
1 /   0.0001875 /   0.0001875 (unperturbed bounds)
Solve 1: Forcing phase 2 since near primal feasible with unperturbed costs
num / max / sum primal infeasiblitiles
1 /   0.0002009 /   0.0002009 (  perturbed bounds)
1 /   0.0002011 /   0.0002011 (unperturbed bounds)
Solve 1: Forcing phase 2 since near primal feasible with unperturbed costs
num / max / sum primal infeasiblitiles
1 /   0.0002686 /   0.0002686 (  perturbed bounds)
1 /   0.0002687 /   0.0002687 (unperturbed bounds)
Solve 1: Forcing phase 2 since near primal feasible with unperturbed costs
num / max / sum primal infeasiblitiles
1 /   2.955e-05 /   2.955e-05 (  perturbed bounds)
1 /   2.958e-05 /   2.958e-05 (unperturbed bounds)
Solve 1: Forcing phase 2 since near primal feasible with unperturbed costs
num / max / sum primal infeasiblitiles
1 /   0.0001932 /   0.0001932 (  perturbed bounds)
1 /   0.0001934 /   0.0001934 (unperturbed bounds)
Solve 1: Forcing phase 2 since near primal feasible with unperturbed costs
num / max / sum primal infeasiblitiles
1 /   0.0001416 /   0.0001416 (  perturbed bounds)
1 /   0.0001416 /   0.0001416 (unperturbed bounds)
Solve 1: Forcing phase 2 since near primal feasible with unperturbed costs
num / max / sum primal infeasiblitiles
1 /   7.649e-05 /   7.649e-05 (  perturbed bounds)
1 /   7.653e-05 /   7.653e-05 (unperturbed bounds)
Solve 1: Forcing phase 2 since near primal feasible with unperturbed costs
num / max / sum primal infeasiblitiles
1 /   0.0002374 /   0.0002374 (  perturbed bounds)
1 /   0.0002376 /   0.0002376 (unperturbed bounds)
Solve 1: Forcing phase 2 since near primal feasible with unperturbed costs
num / max / sum primal infeasiblitiles
1 /   3.098e-05 /   3.098e-05 (  perturbed bounds)
1 /   3.101e-05 /   3.101e-05 (unperturbed bounds)
Solve 1: Forcing phase 2 since near primal feasible with unperturbed costs
num / max / sum primal infeasiblitiles
1 /   3.655e-05 /   3.655e-05 (  perturbed bounds)
1 /   3.658e-05 /   3.658e-05 (unperturbed bounds)
Solve 1: Forcing phase 2 since near primal feasible with unperturbed costs
num / max / sum primal infeasiblitiles
1 /   0.0003155 /   0.0003155 (  perturbed bounds)
1 /   0.0003157 /   0.0003157 (unperturbed bounds)
Solve 1: Forcing phase 2 since near primal feasible with unperturbed costs
num / max / sum primal infeasiblitiles
1 /    0.000131 /    0.000131 (  perturbed bounds)
1 /   0.0001311 /   0.0001311 (unperturbed bounds)
Solve 1: Forcing phase 2 since near primal feasible with unperturbed costs
num / max / sum primal infeasiblitiles
1 /   0.0003106 /   0.0003106 (  perturbed bounds)
1 /   0.0003107 /   0.0003107 (unperturbed bounds)
Solve 1: Forcing phase 2 since near primal feasible with unperturbed costs
num / max / sum primal infeasiblitiles
1 /   0.0002648 /   0.0002648 (  perturbed bounds)
1 /   0.0002648 /   0.0002648 (unperturbed bounds)
Solve 1: Forcing phase 2 since near primal feasible with unperturbed costs
num / max / sum primal infeasiblitiles
1 /   0.0001725 /   0.0001725 (  perturbed bounds)
1 /   0.0001725 /   0.0001725 (unperturbed bounds)
Solve 1: Forcing phase 2 since near primal feasible with unperturbed costs
num / max / sum primal infeasiblitiles
1 /   0.0002041 /   0.0002041 (  perturbed bounds)
1 /   0.0002041 /   0.0002041 (unperturbed bounds)
Solve 1: Forcing phase 2 since near primal feasible with unperturbed costs
num / max / sum primal infeasiblitiles
1 /   0.0002906 /   0.0002906 (  perturbed bounds)
1 /   0.0002908 /   0.0002908 (unperturbed bounds)
Solve 1: Forcing phase 2 since near primal feasible with unperturbed costs
num / max / sum primal infeasiblitiles
1 /   6.557e-05 /   6.557e-05 (  perturbed bounds)
1 /   6.577e-05 /   6.577e-05 (unperturbed bounds)
Solve 1: Forcing phase 2 since near primal feasible with unperturbed costs
num / max / sum primal infeasiblitiles
1 /   0.0001343 /   0.0001343 (  perturbed bounds)
1 /   0.0001343 /   0.0001343 (unperturbed bounds)
Solve 1: Forcing phase 2 since near primal feasible with unperturbed costs
num / max / sum primal infeasiblitiles
1 /   0.0002887 /   0.0002887 (  perturbed bounds)
1 /   0.0002889 /   0.0002889 (unperturbed bounds)
Solve 1: Forcing phase 2 since near primal feasible with unperturbed costs
num / max / sum primal infeasiblitiles
1 /   4.915e-05 /   4.915e-05 (  perturbed bounds)
1 /   4.933e-05 /   4.933e-05 (unperturbed bounds)
Solve 1: Forcing phase 2 since near primal feasible with unperturbed costs
num / max / sum primal infeasiblitiles
1 /   0.0001921 /   0.0001921 (  perturbed bounds)
1 /   0.0001921 /   0.0001921 (unperturbed bounds)
Solve 1: Forcing phase 2 since near primal feasible with unperturbed costs
num / max / sum primal infeasiblitiles
1 /   0.0001522 /   0.0001522 (  perturbed bounds)
1 /   0.0001523 /   0.0001523 (unperturbed bounds)
Solve 1: Forcing phase 2 since near primal feasible with unperturbed costs
num / max / sum primal infeasiblitiles
1 /    0.000276 /    0.000276 (  perturbed bounds)
1 /   0.0002762 /   0.0002762 (unperturbed bounds)
Solve 1: Forcing phase 2 since near primal feasible with unperturbed costs
num / max / sum primal infeasiblitiles
1 /   0.0001199 /   0.0001199 (  perturbed bounds)
1 /   0.0001201 /   0.0001201 (unperturbed bounds)
Solve 1: Forcing phase 2 since near primal feasible with unperturbed costs
num / max / sum primal infeasiblitiles
1 /   1.559e-05 /   1.559e-05 (  perturbed bounds)
1 /   1.578e-05 /   1.578e-05 (unperturbed bounds)
Solve 1: Forcing phase 2 since near primal feasible with unperturbed costs
num / max / sum primal infeasiblitiles
1 /   0.0001136 /   0.0001136 (  perturbed bounds)
1 /   0.0001138 /   0.0001138 (unperturbed bounds)
Solve 1: Forcing phase 2 since near primal feasible with unperturbed costs
num / max / sum primal infeasiblitiles
1 /    0.000276 /    0.000276 (  perturbed bounds)
1 /   0.0002762 /   0.0002762 (unperturbed bounds)
Solve 1: Forcing phase 2 since near primal feasible with unperturbed costs
num / max / sum primal infeasiblitiles
1 /   0.0001805 /   0.0001805 (  perturbed bounds)
1 /   0.0001807 /   0.0001807 (unperturbed bounds)
Solve 1: Forcing phase 2 since near primal feasible with unperturbed costs
num / max / sum primal infeasiblitiles
1 /    0.000316 /    0.000316 (  perturbed bounds)
1 /    0.000316 /    0.000316 (unperturbed bounds)
Solve 1: Forcing phase 2 since near primal feasible with unperturbed costs
num / max / sum primal infeasiblitiles
1 /   0.0001865 /   0.0001865 (  perturbed bounds)
1 /   0.0001867 /   0.0001867 (unperturbed bounds)
Solve 1: Forcing phase 2 since near primal feasible with unperturbed costs
num / max / sum primal infeasiblitiles
1 /   8.016e-05 /   8.016e-05 (  perturbed bounds)
1 /   8.019e-05 /   8.019e-05 (unperturbed bounds)
Solve 1: Forcing phase 2 since near primal feasible with unperturbed costs
num / max / sum primal infeasiblitiles
1 /   0.0002596 /   0.0002596 (  perturbed bounds)
1 /   0.0002596 /   0.0002596 (unperturbed bounds)
Solve 1: Forcing phase 2 since near primal feasible with unperturbed costs
num / max / sum primal infeasiblitiles
1 /   0.0003121 /   0.0003121 (  perturbed bounds)
1 /   0.0003123 /   0.0003123 (unperturbed bounds)
Solve 1: Forcing phase 2 since near primal feasible with unperturbed costs
num / max / sum primal infeasiblitiles
1 /   0.0001415 /   0.0001415 (  perturbed bounds)
1 /   0.0001416 /   0.0001416 (unperturbed bounds)
Solve 1: Forcing phase 2 since near primal feasible with unperturbed costs
num / max / sum primal infeasiblitiles
1 /   0.0002942 /   0.0002942 (  perturbed bounds)
1 /   0.0002944 /   0.0002944 (unperturbed bounds)
Solve 1: Forcing phase 2 since near primal feasible with unperturbed costs
num / max / sum primal infeasiblitiles
1 /   0.0001828 /   0.0001828 (  perturbed bounds)
1 /    0.000183 /    0.000183 (unperturbed bounds)
Solve 1: Forcing phase 2 since near primal feasible with unperturbed costs
num / max / sum primal infeasiblitiles
1 /   7.654e-05 /   7.654e-05 (  perturbed bounds)
1 /   7.673e-05 /   7.673e-05 (unperturbed bounds)
Solve 1: Forcing phase 2 since near primal feasible with unperturbed costs
num / max / sum primal infeasiblitiles
1 /   0.0002295 /   0.0002295 (  perturbed bounds)
1 /   0.0002297 /   0.0002297 (unperturbed bounds)
Solve 1: Forcing phase 2 since near primal feasible with unperturbed costs
num / max / sum primal infeasiblitiles
1 /   0.0002495 /   0.0002495 (  perturbed bounds)
1 /   0.0002495 /   0.0002495 (unperturbed bounds)
Solve 1: Forcing phase 2 since near primal feasible with unperturbed costs
num / max / sum primal infeasiblitiles
1 /   0.0002538 /   0.0002538 (  perturbed bounds)
1 /    0.000254 /    0.000254 (unperturbed bounds)
Solve 1: Forcing phase 2 since near primal feasible with unperturbed costs
num / max / sum primal infeasiblitiles
1 /   0.0001773 /   0.0001773 (  perturbed bounds)
1 /   0.0001775 /   0.0001775 (unperturbed bounds)
Solve 1: Forcing phase 2 since near primal feasible with unperturbed costs
num / max / sum primal infeasiblitiles
1 /   4.236e-05 /   4.236e-05 (  perturbed bounds)
1 /   4.256e-05 /   4.256e-05 (unperturbed bounds)
Solve 1: Forcing phase 2 since near primal feasible with unperturbed costs
num / max / sum primal infeasiblitiles
1 /   0.0001307 /   0.0001307 (  perturbed bounds)
1 /   0.0001308 /   0.0001308 (unperturbed bounds)
Solve 1: Forcing phase 2 since near primal feasible with unperturbed costs
num / max / sum primal infeasiblitiles
1 /   0.0001435 /   0.0001435 (  perturbed bounds)
1 /   0.0001437 /   0.0001437 (unperturbed bounds)
Solve 1: Forcing phase 2 since near primal feasible with unperturbed costs
num / max / sum primal infeasiblitiles
1 /   0.0002435 /   0.0002435 (  perturbed bounds)
1 /   0.0002437 /   0.0002437 (unperturbed bounds)
Solve 1: Forcing phase 2 since near primal feasible with unperturbed costs
num / max / sum primal infeasiblitiles
1 /   4.013e-05 /   4.013e-05 (  perturbed bounds)
1 /   4.032e-05 /   4.032e-05 (unperturbed bounds)
Solve 1: Forcing phase 2 since near primal feasible with unperturbed costs
num / max / sum primal infeasiblitiles
1 /   0.0001658 /   0.0001658 (  perturbed bounds)
1 /    0.000166 /    0.000166 (unperturbed bounds)
Solve 1: Forcing phase 2 since near primal feasible with unperturbed costs
num / max / sum primal infeasiblitiles
1 /   9.385e-05 /   9.385e-05 (  perturbed bounds)
1 /   9.403e-05 /   9.403e-05 (unperturbed bounds)
Solve 1: Forcing phase 2 since near primal feasible with unperturbed costs
num / max / sum primal infeasiblitiles
1 /   2.154e-05 /   2.154e-05 (  perturbed bounds)
1 /   2.158e-05 /   2.158e-05 (unperturbed bounds)
Solve 1: Forcing phase 2 since near primal feasible with unperturbed costs
num / max / sum primal infeasiblitiles
1 /   0.0002009 /   0.0002009 (  perturbed bounds)
1 /   0.0002009 /   0.0002009 (unperturbed bounds)
Solve 1: Forcing phase 2 since near primal feasible with unperturbed costs
num / max / sum primal infeasiblitiles
1 /   0.0002529 /   0.0002529 (  perturbed bounds)
1 /   0.0002529 /   0.0002529 (unperturbed bounds)
Solve 1: Forcing phase 2 since near primal feasible with unperturbed costs
num / max / sum primal infeasiblitiles
1 /   5.087e-05 /   5.087e-05 (  perturbed bounds)
1 /   5.106e-05 /   5.106e-05 (unperturbed bounds)
Solve 1: Forcing phase 2 since near primal feasible with unperturbed costs
num / max / sum primal infeasiblitiles
1 /   0.0001151 /   0.0001151 (  perturbed bounds)
1 /   0.0001151 /   0.0001151 (unperturbed bounds)
Solve 1: Forcing phase 2 since near primal feasible with unperturbed costs
num / max / sum primal infeasiblitiles
1 /   0.0002209 /   0.0002209 (  perturbed bounds)
1 /    0.000221 /    0.000221 (unperturbed bounds)
Solve 1: Forcing phase 2 since near primal feasible with unperturbed costs
num / max / sum primal infeasiblitiles
1 /   0.0002042 /   0.0002042 (  perturbed bounds)
1 /   0.0002042 /   0.0002042 (unperturbed bounds)
Solve 1: Forcing phase 2 since near primal feasible with unperturbed costs
num / max / sum primal infeasiblitiles
1 /   0.0002232 /   0.0002232 (  perturbed bounds)
1 /   0.0002232 /   0.0002232 (unperturbed bounds)
Solve 1: Forcing phase 2 since near primal feasible with unperturbed costs
num / max / sum primal infeasiblitiles
1 /   0.0001344 /   0.0001344 (  perturbed bounds)
1 /   0.0001344 /   0.0001344 (unperturbed bounds)
Solve 1: Forcing phase 2 since near primal feasible with unperturbed costs
num / max / sum primal infeasiblitiles
1 /   6.768e-05 /   6.768e-05 (  perturbed bounds)
1 /   6.783e-05 /   6.783e-05 (unperturbed bounds)
Solve 1: Forcing phase 2 since near primal feasible with unperturbed costs
num / max / sum primal infeasiblitiles
1 /   0.0001347 /   0.0001347 (  perturbed bounds)
1 /   0.0001347 /   0.0001347 (unperturbed bounds)
Solve 1: Forcing phase 2 since near primal feasible with unperturbed costs
num / max / sum primal infeasiblitiles
1 /   0.0003005 /   0.0003005 (  perturbed bounds)
1 /   0.0003006 /   0.0003006 (unperturbed bounds)
Solve 1: Forcing phase 2 since near primal feasible with unperturbed costs
num / max / sum primal infeasiblitiles
1 /   0.0002025 /   0.0002025 (  perturbed bounds)
1 /   0.0002025 /   0.0002025 (unperturbed bounds)
Solve 1: Forcing phase 2 since near primal feasible with unperturbed costs
num / max / sum primal infeasiblitiles
1 /   0.0002553 /   0.0002553 (  perturbed bounds)
1 /   0.0002555 /   0.0002555 (unperturbed bounds)
Solve 1: Forcing phase 2 since near primal feasible with unperturbed costs
num / max / sum primal infeasiblitiles
1 /   0.0002264 /   0.0002264 (  perturbed bounds)
1 /   0.0002266 /   0.0002266 (unperturbed bounds)
Solve 1: Forcing phase 2 since near primal feasible with unperturbed costs
num / max / sum primal infeasiblitiles
1 /    0.000311 /    0.000311 (  perturbed bounds)
1 /   0.0003112 /   0.0003112 (unperturbed bounds)
Solve 1: Forcing phase 2 since near primal feasible with unperturbed costs
num / max / sum primal infeasiblitiles
1 /    0.000254 /    0.000254 (  perturbed bounds)
1 /    0.000254 /    0.000254 (unperturbed bounds)
Solve 1: Forcing phase 2 since near primal feasible with unperturbed costs
num / max / sum primal infeasiblitiles
1 /   0.0002278 /   0.0002278 (  perturbed bounds)
1 /   0.0002278 /   0.0002278 (unperturbed bounds)
Solve 1: Forcing phase 2 since near primal feasible with unperturbed costs
num / max / sum primal infeasiblitiles
1 /   0.0001109 /   0.0001109 (  perturbed bounds)
1 /    0.000111 /    0.000111 (unperturbed bounds)
Solve 1: Forcing phase 2 since near primal feasible with unperturbed costs
num / max / sum primal infeasiblitiles
1 /   0.0002189 /   0.0002189 (  perturbed bounds)
1 /   0.0002189 /   0.0002189 (unperturbed bounds)
Solve 1: Forcing phase 2 since near primal feasible with unperturbed costs
num / max / sum primal infeasiblitiles
1 /    0.000164 /    0.000164 (  perturbed bounds)
1 /   0.0001641 /   0.0001641 (unperturbed bounds)
Solve 1: Forcing phase 2 since near primal feasible with unperturbed costs
num / max / sum primal infeasiblitiles
1 /    0.000276 /    0.000276 (  perturbed bounds)
1 /   0.0002762 /   0.0002762 (unperturbed bounds)
Solve 1: Forcing phase 2 since near primal feasible with unperturbed costs
num / max / sum primal infeasiblitiles
1 /   0.0002967 /   0.0002967 (  perturbed bounds)
1 /   0.0002969 /   0.0002969 (unperturbed bounds)
Solve 1: Forcing phase 2 since near primal feasible with unperturbed costs
num / max / sum primal infeasiblitiles
1 /   8.664e-05 /   8.664e-05 (  perturbed bounds)
1 /   8.666e-05 /   8.666e-05 (unperturbed bounds)
Solve 1: Forcing phase 2 since near primal feasible with unperturbed costs
num / max / sum primal infeasiblitiles
1 /   0.0002709 /   0.0002709 (  perturbed bounds)
1 /   0.0002711 /   0.0002711 (unperturbed bounds)
Solve 1: Forcing phase 2 since near primal feasible with unperturbed costs
num / max / sum primal infeasiblitiles
1 /   0.0001293 /   0.0001293 (  perturbed bounds)
1 /   0.0001295 /   0.0001295 (unperturbed bounds)
Solve 1: Forcing phase 2 since near primal feasible with unperturbed costs
num / max / sum primal infeasiblitiles
2 /   0.0003015 /   0.0003481 (  perturbed bounds)
2 /   0.0003017 /   0.0003485 (unperturbed bounds)
Solve 1: Forcing phase 2 since near primal feasible with unperturbed costs
num / max / sum primal infeasiblitiles
1 /   0.0002912 /   0.0002912 (  perturbed bounds)
1 /   0.0002912 /   0.0002912 (unperturbed bounds)
Solve 1: Forcing phase 2 since near primal feasible with unperturbed costs
num / max / sum primal infeasiblitiles
1 /   0.0002828 /   0.0002828 (  perturbed bounds)
1 /   0.0002828 /   0.0002828 (unperturbed bounds)
Solve 1: Forcing phase 2 since near primal feasible with unperturbed costs
num / max / sum primal infeasiblitiles
1 /   0.000179[  726.0s]   [q56] 577/2000
1 /   0.0001791 (  perturbed bounds)
1 /   0.0001791 /   0.0001791 (unperturbed bounds)
Solve 1: Forcing phase 2 since near primal feasible with unperturbed costs
num / max / sum primal infeasiblitiles
1 /    0.000187 /    0.000187 (  perturbed bounds)
1 /   0.0001872 /   0.0001872 (unperturbed bounds)
Solve 1: Forcing phase 2 since near primal feasible with unperturbed costs
num / max / sum primal infeasiblitiles
1 /   0.0002301 /   0.0002301 (  perturbed bounds)
1 /   0.0002302 /   0.0002302 (unperturbed bounds)
Solve 1: Forcing phase 2 since near primal feasible with unperturbed costs
num / max / sum primal infeasiblitiles
1 /   0.0001555 /   0.0001555 (  perturbed bounds)
1 /   0.0001555 /   0.0001555 (unperturbed bounds)
Solve 1: Forcing phase 2 since near primal feasible with unperturbed costs
num / max / sum primal infeasiblitiles
1 /   0.0002241 /   0.0002241 (  perturbed bounds)
1 /   0.0002243 /   0.0002243 (unperturbed bounds)
Solve 1: Forcing phase 2 since near primal feasible with unperturbed costs
num / max / sum primal infeasiblitiles
1 /   0.0001458 /   0.0001458 (  perturbed bounds)
1 /    0.000146 /    0.000146 (unperturbed bounds)
Solve 1: Forcing phase 2 since near primal feasible with unperturbed costs
num / max / sum primal infeasiblitiles
1 /   9.759e-05 /   9.759e-05 (  perturbed bounds)
1 /   9.761e-05 /   9.761e-05 (unperturbed bounds)
Solve 1: Forcing phase 2 since near primal feasible with unperturbed costs
num / max / sum primal infeasiblitiles
2 /     0.00022 /   0.0002314 (  perturbed bounds)
2 /     0.00022 /   0.0002316 (unperturbed bounds)
Solve 1: Forcing phase 2 since near primal feasible with unperturbed costs
num / max / sum primal infeasiblitiles
1 /   0.0001888 /   0.0001888 (  perturbed bounds)
1 /   0.0001889 /   0.0001889 (unperturbed bounds)
Solve 1: Forcing phase 2 since near primal feasible with unperturbed costs
num / max / sum primal infeasiblitiles
1 /   0.0002796 /   0.0002796 (  perturbed bounds)
1 /   0.0002796 /   0.0002796 (unperturbed bounds)
Solve 1: Forcing phase 2 since near primal feasible with unperturbed costs
num / max / sum primal infeasiblitiles
1 /   0.0002678 /   0.0002678 (  perturbed bounds)
1 /   0.0002678 /   0.0002678 (unperturbed bounds)
Solve 1: Forcing phase 2 since near primal feasible with unperturbed costs
num / max / sum primal infeasiblitiles
1 /   9.441e-05 /   9.441e-05 (  perturbed bounds)
1 /   9.458e-05 /   9.458e-05 (unperturbed bounds)
Solve 1: Forcing phase 2 since near primal feasible with unperturbed costs
num / max / sum primal infeasiblitiles
1 /    0.000117 /    0.000117 (  perturbed bounds)
1 /   0.0001172 /   0.0001172 (unperturbed bounds)
Solve 1: Forcing phase 2 since near primal feasible with unperturbed costs
num / max / sum primal infeasiblitiles
1 /   0.0001725 /   0.0001725 (  perturbed bounds)
1 /   0.0001726 /   0.0001726 (unperturbed bounds)
Solve 1: Forcing phase 2 since near primal feasible with unperturbed costs
num / max / sum primal infeasiblitiles
1 /   0.0002773 /   0.0002773 (  perturbed bounds)
1 /   0.0002775 /   0.0002775 (unperturbed bounds)
Solve 1: Forcing phase 2 since near primal feasible with unperturbed costs
num / max / sum primal infeasiblitiles
1 /   0.0002313 /   0.0002313 (  perturbed bounds)
1 /   0.0002314 /   0.0002314 (unperturbed bounds)
Solve 1: Forcing phase 2 since near primal feasible with unperturbed costs
num / max / sum primal infeasiblitiles
1 /    8.82e-05 /    8.82e-05 (  perturbed bounds)
1 /   8.839e-05 /   8.839e-05 (unperturbed bounds)
Solve 1: Forcing phase 2 since near primal feasible with unperturbed costs
num / max / sum primal infeasiblitiles
1 /   0.0001921 /   0.0001921 (  perturbed bounds)
1 /   0.0001921 /   0.0001921 (unperturbed bounds)
Solve 1: Forcing phase 2 since near primal feasible with unperturbed costs
num / max / sum primal infeasiblitiles
1 /   9.341e-05 /   9.341e-05 (  perturbed bounds)
1 /   9.361e-05 /   9.361e-05 (unperturbed bounds)
Solve 1: Forcing phase 2 since near primal feasible with unperturbed costs
num / max / sum primal infeasiblitiles
1 /   7.716e-05 /   7.716e-05 (  perturbed bounds)
1 /    7.72e-05 /    7.72e-05 (unperturbed bounds)
Solve 1: Forcing phase 2 since near primal feasible with unperturbed costs
num / max / sum primal infeasiblitiles
1 /   0.0001433 /   0.0001433 (  perturbed bounds)
1 /   0.0001435 /   0.0001435 (unperturbed bounds)
Solve 1: Forcing phase 2 since near primal feasible with unperturbed costs
num / max / sum primal infeasiblitiles
1 /   0.0001078 /   0.0001078 (  perturbed bounds)
1 /    0.000108 /    0.000108 (unperturbed bounds)
Solve 1: Forcing phase 2 since near primal feasible with unperturbed costs
num / max / sum primal infeasiblitiles
1 /   0.0003009 /   0.0003009 (  perturbed bounds)
1 /   0.0003009 /   0.0003009 (unperturbed bounds)
Solve 1: Forcing phase 2 since near primal feasible with unperturbed costs
num / max / sum primal infeasiblitiles
1 /   4.873e-05 /   4.873e-05 (  perturbed bounds)
1 /   4.889e-05 /   4.889e-05 (unperturbed bounds)
Solve 1: Forcing phase 2 since near primal feasible with unperturbed costs
num / max / sum primal infeasiblitiles
1 /    0.000241 /    0.000241 (  perturbed bounds)
1 /   0.0002412 /   0.0002412 (unperturbed bounds)
Solve 1: Forcing phase 2 since near primal feasible with unperturbed costs
num / max / sum primal infeasiblitiles
1 /   0.0002966 /   0.0002966 (  perturbed bounds)
1 /   0.0002966 /   0.0002966 (unperturbed bounds)
Solve 1: Forcing phase 2 since near primal feasible with unperturbed costs
num / max / sum primal infeasiblitiles
1 /   0.0002762 /   0.0002762 (  perturbed bounds)
1 /   0.0002762 /   0.0002762 (unperturbed bounds)
Solve 1: Forcing phase 2 since near primal feasible with unperturbed costs
num / max / sum primal infeasiblitiles
1 /   8.049e-05 /   8.049e-05 (  perturbed bounds)
1 /   8.065e-05 /   8.065e-05 (unperturbed bounds)
Solve 1: Forcing phase 2 since near primal feasible with unperturbed costs
num / max / sum primal infeasiblitiles
1 /   0.0002926 /   0.0002926 (  perturbed bounds)
1 /   0.0002927 /   0.0002927 (unperturbed bounds)
Solve 1: Forcing phase 2 since near primal feasible with unperturbed costs
num / max / sum primal infeasiblitiles
1 /   0.0003082 /   0.0003082 (  perturbed bounds)
1 /   0.0003084 /   0.0003084 (unperturbed bounds)
Solve 1: Forcing phase 2 since near primal feasible with unperturbed costs
num / max / sum primal infeasiblitiles
1 /   0.0002964 /   0.0002964 (  perturbed bounds)
1 /   0.0002966 /   0.0002966 (unperturbed bounds)
Solve 1: Forcing phase 2 since near primal feasible with unperturbed costs
num / max / sum primal infeasiblitiles
1 /   0.0002601 /   0.0002601 (  perturbed bounds)
1 /   0.0002602 /   0.0002602 (unperturbed bounds)
Solve 1: Forcing phase 2 since near primal feasible with unperturbed costs
num / max / sum primal infeasiblitiles
1 /   6.321e-05 /   6.321e-05 (  perturbed bounds)
1 /   6.341e-05 /   6.341e-05 (unperturbed bounds)
Solve 1: Forcing phase 2 since near primal feasible with unperturbed costs
num / max / sum primal infeasiblitiles
1 /   0.0001973 /   0.0001973 (  perturbed bounds)
1 /   0.0001973 /   0.0001973 (unperturbed bounds)
Solve 1: Forcing phase 2 since near primal feasible with unperturbed costs
num / max / sum primal infeasiblitiles
1 /   7.549e-05 /   7.549e-05 (  perturbed bounds)
1 /   7.567e-05 /   7.567e-05 (unperturbed bounds)
Solve 1: Forcing phase 2 since near primal feasible with unperturbed costs
num / max / sum primal infeasiblitiles
1 /   0.0001845 /   0.0001845 (  perturbed bounds)
1 /   0.0001845 /   0.0001845 (unperturbed bounds)
Solve 1: Forcing phase 2 since near primal feasible with unperturbed costs
num / max / sum primal infeasiblitiles
1 /   0.0002055 /   0.0002055 (  perturbed bounds)
1 /   0.0002056 /   0.0002056 (unperturbed bounds)
Solve 1: Forcing phase 2 since near primal feasible with unperturbed costs
num / max / sum primal infeasiblitiles
1 /   0.0002123 /   0.0002123 (  perturbed bounds)
1 /   0.0002125 /   0.0002125 (unperturbed bounds)
Solve 1: Forcing phase 2 since near primal feasible with unperturbed costs
num / max / sum primal infeasiblitiles
1 /   0.0001404 /   0.0001404 (  perturbed bounds)
1 /   0.0001404 /   0.0001404 (unperturbed bounds)
Solve 1: Forcing phase 2 since near primal feasible with unperturbed costs
num / max / sum primal infeasiblitiles
1 /   3.776e-05 /   3.776e-05 (  perturbed bounds)
1 /   3.779e-05 /   3.779e-05 (unperturbed bounds)
Solve 1: Forcing phase 2 since near primal feasible with unperturbed costs
num / max / sum primal infeasiblitiles
1 /   0.0002761 /   0.0002761 (  perturbed bounds)
1 /   0.0002762 /   0.0002762 (unperturbed bounds)
Solve 1: Forcing phase 2 since near primal feasible with unperturbed costs
num / max / sum primal infeasiblitiles
1 /   0.0002188 /   0.0002188 (  perturbed bounds)
1 /   0.0002188 /   0.0002188 (unperturbed bounds)
Solve 1: Forcing phase 2 since near primal feasible with unperturbed costs
num / max / sum primal infeasiblitiles
1 /   0.0001443 /   0.0001443 (  perturbed bounds)
1 /   0.0001444 /   0.0001444 (unperturbed bounds)
Solve 1: Forcing phase 2 since near primal feasible with unperturbed costs
num / max / sum primal infeasiblitiles
1 /   3.732e-05 /   3.732e-05 (  perturbed bounds)
1 /   3.735e-05 /   3.735e-05 (unperturbed bounds)
Solve 1: Forcing phase 2 since near primal feasible with unperturbed costs
num / max / sum primal infeasiblitiles
1 /   0.0002205 /   0.0002205 (  perturbed bounds)
1 /   0.0002206 /   0.0002206 (unperturbed bounds)
Solve 1: Forcing phase 2 since near primal feasible with unperturbed costs
num / max / sum primal infeasiblitiles
1 /   0.0001576 /   0.0001576 (  perturbed bounds)
1 /   0.0001578 /   0.0001578 (unperturbed bounds)
Solve 1: Forcing phase 2 since near primal feasible with unperturbed costs
num / max / sum primal infeasiblitiles
1 /   3.335e-05 /   3.335e-05 (  perturbed bounds)
1 /   3.353e-05 /   3.353e-05 (unperturbed bounds)
Solve 1: Forcing phase 2 since near primal feasible with unperturbed costs
num / max / sum primal infeasiblitiles
1 /   0.0001031 /   0.0001031 (  perturbed bounds)
1 /   0.0001033 /   0.0001033 (unperturbed bounds)
Solve 1: Forcing phase 2 since near primal feasible with unperturbed costs
num / max / sum primal infeasiblitiles
1 /   0.0003004 /   0.0003004 (  perturbed bounds)
1 /   0.0003004 /   0.0003004 (unperturbed bounds)
Solve 1: Forcing phase 2 since near primal feasible with unperturbed costs
num / max / sum primal infeasiblitiles
1 /   0.0002865 /   0.0002865 (  perturbed bounds)
1 /   0.0002865 /   0.0002865 (unperturbed bounds)
Solve 1: Forcing phase 2 since near primal feasible with unperturbed costs
num / max / sum primal infeasiblitiles
1 /   0.0002027 /   0.0002027 (  perturbed bounds)
1 /   0.0002027 /   0.0002027 (unperturbed bounds)
Solve 1: Forcing phase 2 since near primal feasible with unperturbed costs
num / max / sum primal infeasiblitiles
1 /   0.0001942 /   0.0001942 (  perturbed bounds)
1 /   0.0001943 /   0.0001943 (unperturbed bounds)
Solve 1: Forcing phase 2 since near primal feasible with unperturbed costs
num / max / sum primal infeasiblitiles
1 /    4.47e-05 /    4.47e-05 (  perturbed bounds)
1 /   4.473e-05 /   4.473e-05 (unperturbed bounds)
Solve 1: Forcing phase 2 since near primal feasible with unperturbed costs
num / max / sum primal infeasiblitiles
1 /   8.009e-05 /   8.009e-05 (  perturbed bounds)
1 /   8.028e-05 /   8.028e-05 (unperturbed bounds)
Solve 1: Forcing phase 2 since near primal feasible with unperturbed costs
num / max / sum primal infeasiblitiles
1 /   0.0002004 /   0.0002004 (  perturbed bounds)
1 /   0.0002006 /   0.0002006 (unperturbed bounds)
Solve 1: Forcing phase 2 since near primal feasible with unperturbed costs
num / max / sum primal infeasiblitiles
1 /   6.557e-05 /   6.557e-05 (  perturbed bounds)
1 /   6.577e-05 /   6.577e-05 (unperturbed bounds)
Solve 1: Forcing phase 2 since near primal feasible with unperturbed costs
num / max / sum primal infeasiblitiles
1 /   0.0002421 /   0.0002421 (  perturbed bounds)
1 /   0.0002422 /   0.0002422 (unperturbed bounds)
Solve 1: Forcing phase 2 since near primal feasible with unperturbed costs
num / max / sum primal infeasiblitiles
1 /   0.0001754 /   0.0001754 (  perturbed bounds)
1 /   0.0001755 /   0.0001755 (unperturbed bounds)
Solve 1: Forcing phase 2 since near primal feasible with unperturbed costs
num / max / sum primal infeasiblitiles
1 /   0.0001095 /   0.0001095 (  perturbed bounds)
1 /   0.0001097 /   0.0001097 (unperturbed bounds)
Solve 1: Forcing phase 2 since near primal feasible with unperturbed costs
num / max / sum primal infeasiblitiles
1 /   0.0001081 /   0.0001081 (  perturbed bounds)
1 /   0.0001083 /   0.0001083 (unperturbed bounds)
Solve 1: Forcing phase 2 since near primal feasible with unperturbed costs
num / max / sum primal infeasiblitiles
1 /     9.4e-05 /     9.4e-05 (  perturbed bounds)
1 /   9.403e-05 /   9.403e-05 (unperturbed bounds)
Solve 1: Forcing phase 2 since near primal feasible with unperturbed costs
num / max / sum primal infeasiblitiles
1 /   0.0002859 /   0.0002859 (  perturbed bounds)
1 /    0.000286 /    0.000286 (unperturbed bounds)
Solve 1: Forcing phase 2 since near primal feasible with unperturbed costs
num / max / sum primal infeasiblitiles
1 /   4.832e-05 /   4.832e-05 (  perturbed bounds)
1 /   4.835e-05 /   4.835e-05 (unperturbed bounds)
Solve 1: Forcing phase 2 since near primal feasible with unperturbed costs
num / max / sum primal infeasiblitiles
1 /   0.0001045 /   0.0001045 (  perturbed bounds)
1 /   0.0001045 /   0.0001045 (unperturbed bounds)
Solve 1: Forcing phase 2 since near primal feasible with unperturbed costs
num / max / sum primal infeasiblitiles
1 /   0.0002083 /   0.0002083 (  perturbed bounds)
1 /   0.0002085 /   0.0002085 (unperturbed bounds)
Solve 1: Forcing phase 2 since near primal feasible with unperturbed costs
num / max / sum primal infeasiblitiles
1 /   0.0001222 /   0.0001222 (  perturbed bounds)
1 /   0.0001223 /   0.0001223 (unperturbed bounds)
Solve 1: Forcing phase 2 since near primal feasible with unperturbed costs
num / max / sum primal infeasiblitiles
1 /   0.0002645 /   0.0002645 (  perturbed bounds)
1 /   0.0002646 /   0.0002646 (unperturbed bounds)
Solve 1: Forcing phase 2 since near primal feasible with unperturbed costs
num / max / sum primal infeasiblitiles
1 /   0.0002204 /   0.0002204 (  perturbed bounds)
1 /   0.0002204 /   0.0002204 (unperturbed bounds)
Solve 1: Forcing phase 2 since near primal feasible with unperturbed costs
num / max / sum primal infeasiblitiles
1 /   5.097e-05 /   5.097e-05 (  perturbed bounds)
1 /   5.117e-05 /   5.117e-05 (unperturbed bounds)
Solve 1: Forcing phase 2 since near primal feasible with unperturbed costs
num / max / sum primal infeasiblitiles
1 /   0.0001579 /   0.0001579 (  perturbed bounds)
1 /   0.0001581 /   0.0001581 (unperturbed bounds)
Solve 1: Forcing phase 2 since near primal feasible with unperturbed costs
num / max / sum primal infeasiblitiles
1 /   0.0001494 /   0.0001494 (  perturbed bounds)
1 /   0.0001496 /   0.0001496 (unperturbed bounds)
Solve 1: Forcing phase 2 since near primal feasible with unperturbed costs
num / max / sum primal infeasiblitiles
2 /   0.0002604 /   0.0003138 (  perturbed bounds)
2 /   0.0002603 /   0.0003139 (unperturbed bounds)
Solve 1: Forcing phase 2 since near primal feasible with unperturbed costs
num / max / sum primal infeasiblitiles
1 /   0.0002036 /   0.0002036 (  perturbed bounds)
1 /   0.0002037 /   0.0002037 (unperturbed bounds)
Solve 1: Forcing phase 2 since near primal feasible with unperturbed costs
num / max / sum primal infeasiblitiles
1 /   0.0001083 /   0.0001083 (  perturbed bounds)
1 /   0.0001083 /   0.0001083 (unperturbed bounds)
Solve 1: Forcing phase 2 since near primal feasible with unperturbed costs
num / max / sum primal infeasiblitiles
1 /   0.0001149 /   0.0001149 (  perturbed bounds)
1 /   0.0001151 /   0.0001151 (unperturbed bounds)
Solve 1: Forcing phase 2 since near primal feasible with unperturbed costs
num / max / sum primal infeasiblitiles
1 /   0.0002634 /   0.0002634 (  perturbed bounds)
1 /   0.0002635 /   0.0002635 (unperturbed bounds)
Solve 1: Forcing phase 2 since near primal feasible with unperturbed costs
num / max / sum primal infeasiblitiles
1 /   0.0002984 /   0.0002984 (  perturbed bounds)
1 /   0.0002986 /   0.0002986 (unperturbed bounds)
Solve 1: Forcing phase 2 since near primal feasible with unperturbed costs
num / max / sum primal infeasiblitiles
1 /   0.0001617 /   0.0001617 (  perturbed bounds)
1 /   0.0001617 /   0.0001617 (unperturbed bounds)
Solve 1: Forcing phase 2 since near primal feasible with unperturbed costs
num / max / sum primal infeasiblitiles
1 /    0.000244 /    0.000244 (  perturbed bounds)
1 /   0.0002442 /   0.0002442 (unperturbed bounds)
Solve 1: Forcing phase 2 since near primal feasible with unperturbed costs
num / max / sum primal infeasiblitiles
1 /   0.0002253 /   0.0002253 (  perturbed bounds)
1 /   0.0002253 /   0.0002253 (unperturbed bounds)
Solve 1: Forcing phase 2 since near primal feasible with unperturbed costs
num / max / sum primal infeasiblitiles
1 /   9.128e-05 /   9.128e-05 (  perturbed bounds)
1 /   9.131e-05 /   9.131e-05 (unperturbed bounds)
Solve 1: Forcing phase 2 since near primal feasible with unperturbed costs
num / max / sum primal infeasiblitiles
1 /   0.0002013 /   0.0002013 (  perturbed bounds)
1 /   0.0002013 /   0.0002013 (unperturbed bounds)
Solve 1: Forcing phase 2 since near primal feasible with unperturbed costs
num / max / sum primal infeasiblitiles
1 /   0.0001922 /   0.0001922 (  perturbed bounds)
1 /   0.0001924 /   0.0001924 (unperturbed bounds)
Solve 1: Forcing phase 2 since near primal feasible with unperturbed costs
num / max / sum primal infeasiblitiles
1 /   0.0001564 /   0.0001564 (  perturbed bounds)
1 /   0.0001566 /   0.0001566 (unperturbed bounds)
Solve 1: Forcing phase 2 since near primal feasible with unperturbed costs
num / max / sum primal infeasiblitiles
1 /   0.0001857 /   0.0001857 (  perturbed bounds)
1 /   0.0001857 /   0.0001857 (unperturbed bounds)
Solve 1: Forcing phase 2 since near primal feasible with unperturbed costs
num / max / sum primal infeasiblitiles
1 /   0.0001666 /   0.0001666 (  perturbed bounds)
1 /   0.0001668 /   0.0001668 (unperturbed bounds)
Solve 1: Forcing phase 2 since near primal feasible with unperturbed costs
num / max / sum primal infeasiblitiles
1 /   7.549e-05 /   7.549e-05 (  perturbed bounds)
1 /   7.567e-05 /   7.567e-05 (unperturbed bounds)
Solve 1: Forcing phase 2 since near primal feasible with unperturbed costs
num / max / sum primal infeasiblitiles
1 /   0.0002025 /   0.0002025 (  perturbed bounds)
1 /   0.0002027 /   0.0002027 (unperturbed bounds)
Solve 1: Forcing phase 2 since near primal feasible with unperturbed costs
num / max / sum primal infeasiblitiles
1 /   0.0001811 /   0.0001811 (  perturbed bounds)
1 /   0.0001811 /   0.0001811 (unperturbed bounds)
Solve 1: Forcing phase 2 since near primal feasible with unperturbed costs
num / max / sum primal infeasiblitiles
1 /   0.0001652 /   0.0001652 (  perturbed bounds)
1 /   0.0001654 /   0.0001654 (unperturbed bounds)
Solve 1: Forcing phase 2 since near primal feasible with unperturbed costs
num / max / sum primal infeasiblitiles
1 /   8.616e-05 /   8.616e-05 (  perturbed bounds)
1 /   8.632e-05 /   8.632e-05 (unperturbed bounds)
Solve 1: Forcing phase 2 since near primal feasible with unperturbed costs
num / max / sum primal infeasiblitiles
1 /   0.0002237 /   0.0002237 (  perturbed bounds)
1 /   0.0002238 /   0.0002238 (unperturbed bounds)
Solve 1: Forcing phase 2 since near primal feasible with unperturbed costs
num / max / sum primal infeasiblitiles
1 /   8.136e-05 /   8.136e-05 (  perturbed bounds)
1 /   8.154e-05 /   8.154e-05 (unperturbed bounds)
Solve 1: Forcing phase 2 since near primal feasible with unperturbed costs
num / max / sum primal infeasiblitiles
1 /    1.47e-05 /    1.47e-05 (  perturbed bounds)
1 /   1.489e-05 /   1.489e-05 (unperturbed bounds)
Solve 1: Forcing phase 2 since near primal feasible with unperturbed costs
num / max / sum primal infeasiblitiles
1 /    0.000196 /    0.000196 (  perturbed bounds)
1 /    0.000196 /    0.000196 (unperturbed bounds)
Solve 1: Forcing phase 2 since near primal feasible with unperturbed costs
num / max / s[  966.3s]   [q56] 832/2000
um primal infeasiblitiles
1 /   0.0001304 /   0.0001304 (  perturbed bounds)
1 /   0.0001305 /   0.0001305 (unperturbed bounds)
Solve 1: Forcing phase 2 since near primal feasible with unperturbed costs
num / max / sum primal infeasiblitiles
1 /   7.812e-05 /   7.812e-05 (  perturbed bounds)
1 /   7.815e-05 /   7.815e-05 (unperturbed bounds)
Solve 1: Forcing phase 2 since near primal feasible with unperturbed costs
num / max / sum primal infeasiblitiles
1 /   0.0002186 /   0.0002186 (  perturbed bounds)
1 /   0.0002188 /   0.0002188 (unperturbed bounds)
Solve 1: Forcing phase 2 since near primal feasible with unperturbed costs
num / max / sum primal infeasiblitiles
1 /   0.0003127 /   0.0003127 (  perturbed bounds)
1 /   0.0003129 /   0.0003129 (unperturbed bounds)
Solve 1: Forcing phase 2 since near primal feasible with unperturbed costs
num / max / sum primal infeasiblitiles
1 /   0.0002538 /   0.0002538 (  perturbed bounds)
1 /    0.000254 /    0.000254 (unperturbed bounds)
Solve 1: Forcing phase 2 since near primal feasible with unperturbed costs
num / max / sum primal infeasiblitiles
1 /   1.181e-05 /   1.181e-05 (  perturbed bounds)
1 /   1.185e-05 /   1.185e-05 (unperturbed bounds)
Solve 1: Forcing phase 2 since near primal feasible with unperturbed costs
num / max / sum primal infeasiblitiles
1 /    0.000109 /    0.000109 (  perturbed bounds)
1 /    0.000109 /    0.000109 (unperturbed bounds)
Solve 1: Forcing phase 2 since near primal feasible with unperturbed costs
num / max / sum primal infeasiblitiles
1 /   4.499e-05 /   4.499e-05 (  perturbed bounds)
1 /   4.519e-05 /   4.519e-05 (unperturbed bounds)
Solve 1: Forcing phase 2 since near primal feasible with unperturbed costs
num / max / sum primal infeasiblitiles
1 /    0.000287 /    0.000287 (  perturbed bounds)
1 /    0.000287 /    0.000287 (unperturbed bounds)
Solve 1: Forcing phase 2 since near primal feasible with unperturbed costs
num / max / sum primal infeasiblitiles
1 /   0.0002646 /   0.0002646 (  perturbed bounds)
1 /   0.0002646 /   0.0002646 (unperturbed bounds)
Solve 1: Forcing phase 2 since near primal feasible with unperturbed costs
num / max / sum primal infeasiblitiles
1 /   0.0002854 /   0.0002854 (  perturbed bounds)
1 /   0.0002856 /   0.0002856 (unperturbed bounds)
Solve 1: Forcing phase 2 since near primal feasible with unperturbed costs
num / max / sum primal infeasiblitiles
1 /   0.0001037 /   0.0001037 (  perturbed bounds)
1 /   0.0001037 /   0.0001037 (unperturbed bounds)
Solve 1: Forcing phase 2 since near primal feasible with unperturbed costs
num / max / sum primal infeasiblitiles
1 /   0.0001572 /   0.0001572 (  perturbed bounds)
1 /   0.0001572 /   0.0001572 (unperturbed bounds)
Solve 1: Forcing phase 2 since near primal feasible with unperturbed costs
num / max / sum primal infeasiblitiles
1 /   0.0002538 /   0.0002538 (  perturbed bounds)
1 /    0.000254 /    0.000254 (unperturbed bounds)
Solve 1: Forcing phase 2 since near primal feasible with unperturbed costs
num / max / sum primal infeasiblitiles
1 /   0.0002979 /   0.0002979 (  perturbed bounds)
1 /   0.0002981 /   0.0002981 (unperturbed bounds)
Solve 1: Forcing phase 2 since near primal feasible with unperturbed costs
num / max / sum primal infeasiblitiles
1 /    0.000174 /    0.000174 (  perturbed bounds)
1 /    0.000174 /    0.000174 (unperturbed bounds)
Solve 1: Forcing phase 2 since near primal feasible with unperturbed costs
num / max / sum primal infeasiblitiles
1 /   8.707e-05 /   8.707e-05 (  perturbed bounds)
1 /   8.725e-05 /   8.725e-05 (unperturbed bounds)
Solve 1: Forcing phase 2 since near primal feasible with unperturbed costs
num / max / sum primal infeasiblitiles
1 /   0.0002435 /   0.0002435 (  perturbed bounds)
1 /   0.0002437 /   0.0002437 (unperturbed bounds)
Solve 1: Forcing phase 2 since near primal feasible with unperturbed costs
num / max / sum primal infeasiblitiles
1 /   9.208e-05 /   9.208e-05 (  perturbed bounds)
1 /   9.228e-05 /   9.228e-05 (unperturbed bounds)
Solve 1: Forcing phase 2 since near primal feasible with unperturbed costs
num / max / sum primal infeasiblitiles
1 /   3.493e-05 /   3.493e-05 (  perturbed bounds)
1 /    3.51e-05 /    3.51e-05 (unperturbed bounds)
Solve 1: Forcing phase 2 since near primal feasible with unperturbed costs
num / max / sum primal infeasiblitiles
1 /   0.0002349 /   0.0002349 (  perturbed bounds)
1 /   0.0002351 /   0.0002351 (unperturbed bounds)
Solve 1: Forcing phase 2 since near primal feasible with unperturbed costs
num / max / sum primal infeasiblitiles
1 /   0.0001782 /   0.0001782 (  perturbed bounds)
1 /   0.0001782 /   0.0001782 (unperturbed bounds)
Solve 1: Forcing phase 2 since near primal feasible with unperturbed costs
num / max / sum primal infeasiblitiles
1 /   1.797e-05 /   1.797e-05 (  perturbed bounds)
1 /   1.816e-05 /   1.816e-05 (unperturbed bounds)
Solve 1: Forcing phase 2 since near primal feasible with unperturbed costs
num / max / sum primal infeasiblitiles
1 /   0.0001432 /   0.0001432 (  perturbed bounds)
1 /   0.0001433 /   0.0001433 (unperturbed bounds)
Solve 1: Forcing phase 2 since near primal feasible with unperturbed costs
num / max / sum primal infeasiblitiles
1 /   0.0002207 /   0.0002207 (  perturbed bounds)
1 /   0.0002207 /   0.0002207 (unperturbed bounds)
Solve 1: Forcing phase 2 since near primal feasible with unperturbed costs
num / max / sum primal infeasiblitiles
1 /   0.0001097 /   0.0001097 (  perturbed bounds)
1 /   0.0001099 /   0.0001099 (unperturbed bounds)
Solve 1: Forcing phase 2 since near primal feasible with unperturbed costs
num / max / sum primal infeasiblitiles
1 /   0.0002453 /   0.0002453 (  perturbed bounds)
1 /   0.0002455 /   0.0002455 (unperturbed bounds)
Solve 1: Forcing phase 2 since near primal feasible with unperturbed costs
num / max / sum primal infeasiblitiles
1 /   0.0002046 /   0.0002046 (  perturbed bounds)
1 /   0.0002046 /   0.0002046 (unperturbed bounds)
Solve 1: Forcing phase 2 since near primal feasible with unperturbed costs
num / max / sum primal infeasiblitiles
1 /    0.000249 /    0.000249 (  perturbed bounds)
1 /   0.0002492 /   0.0002492 (unperturbed bounds)
Solve 1: Forcing phase 2 since near primal feasible with unperturbed costs
num / max / sum primal infeasiblitiles
1 /   0.0001102 /   0.0001102 (  perturbed bounds)
1 /   0.0001102 /   0.0001102 (unperturbed bounds)
Solve 1: Forcing phase 2 since near primal feasible with unperturbed costs
num / max / sum primal infeasiblitiles
1 /   0.0001318 /   0.0001318 (  perturbed bounds)
1 /   0.0001319 /   0.0001319 (unperturbed bounds)
Solve 1: Forcing phase 2 since near primal feasible with unperturbed costs
num / max / sum primal infeasiblitiles
1 /   0.0003134 /   0.0003134 (  perturbed bounds)
1 /   0.0003134 /   0.0003134 (unperturbed bounds)
Solve 1: Forcing phase 2 since near primal feasible with unperturbed costs
num / max / sum primal infeasiblitiles
1 /   0.0002951 /   0.0002951 (  perturbed bounds)
1 /   0.0002953 /   0.0002953 (unperturbed bounds)
Solve 1: Forcing phase 2 since near primal feasible with unperturbed costs
num / max / sum primal infeasiblitiles
1 /   0.0003112 /   0.0003112 (  perturbed bounds)
1 /   0.0003112 /   0.0003112 (unperturbed bounds)
Solve 1: Forcing phase 2 since near primal feasible with unperturbed costs
num / max / sum primal infeasiblitiles
1 /   0.0002478 /   0.0002478 (  perturbed bounds)
1 /    0.000248 /    0.000248 (unperturbed bounds)
Solve 1: Forcing phase 2 since near primal feasible with unperturbed costs
num / max / sum primal infeasiblitiles
1 /   0.0001624 /   0.0001624 (  perturbed bounds)
1 /   0.0001626 /   0.0001626 (unperturbed bounds)
Solve 1: Forcing phase 2 since near primal feasible with unperturbed costs
num / max / sum primal infeasiblitiles
1 /   0.0001796 /   0.0001796 (  perturbed bounds)
1 /   0.0001797 /   0.0001797 (unperturbed bounds)
Solve 1: Forcing phase 2 since near primal feasible with unperturbed costs
num / max / sum primal infeasiblitiles
1 /    0.000104 /    0.000104 (  perturbed bounds)
1 /   0.0001042 /   0.0001042 (unperturbed bounds)
Solve 1: Forcing phase 2 since near primal feasible with unperturbed costs
num / max / sum primal infeasiblitiles
1 /   3.323e-05 /   3.323e-05 (  perturbed bounds)
1 /   3.342e-05 /   3.342e-05 (unperturbed bounds)
Solve 1: Forcing phase 2 since near primal feasible with unperturbed costs
num / max / sum primal infeasiblitiles
1 /   0.0001151 /   0.0001151 (  perturbed bounds)
1 /   0.0001151 /   0.0001151 (unperturbed bounds)
Solve 1: Forcing phase 2 since near primal feasible with unperturbed costs
num / max / sum primal infeasiblitiles
1 /   2.037e-05 /   2.037e-05 (  perturbed bounds)
1 /   2.056e-05 /   2.056e-05 (unperturbed bounds)
Solve 1: Forcing phase 2 since near primal feasible with unperturbed costs
num / max / sum primal infeasiblitiles
1 /   0.0002093 /   0.0002093 (  perturbed bounds)
1 /   0.0002095 /   0.0002095 (unperturbed bounds)
Solve 1: Forcing phase 2 since near primal feasible with unperturbed costs
num / max / sum primal infeasiblitiles
1 /   0.0002092 /   0.0002092 (  perturbed bounds)
1 /   0.0002092 /   0.0002092 (unperturbed bounds)
Solve 1: Forcing phase 2 since near primal feasible with unperturbed costs
num / max / sum primal infeasiblitiles
1 /   1.935e-05 /   1.935e-05 (  perturbed bounds)
1 /   1.954e-05 /   1.954e-05 (unperturbed bounds)
Solve 1: Forcing phase 2 since near primal feasible with unperturbed costs
num / max / sum primal infeasiblitiles
1 /   0.0002583 /   0.0002583 (  perturbed bounds)
1 /   0.0002584 /   0.0002584 (unperturbed bounds)
Solve 1: Forcing phase 2 since near primal feasible with unperturbed costs
num / max / sum primal infeasiblitiles
1 /   0.0002113 /   0.0002113 (  perturbed bounds)
1 /   0.0002113 /   0.0002113 (unperturbed bounds)
Solve 1: Forcing phase 2 since near primal feasible with unperturbed costs
num / max / sum primal infeasiblitiles
1 /   0.0001442 /   0.0001442 (  perturbed bounds)
1 /   0.0001444 /   0.0001444 (unperturbed bounds)
Solve 1: Forcing phase 2 since near primal feasible with unperturbed costs
num / max / sum primal infeasiblitiles
1 /   0.0002694 /   0.0002694 (  perturbed bounds)
1 /   0.0002695 /   0.0002695 (unperturbed bounds)
Solve 1: Forcing phase 2 since near primal feasible with unperturbed costs
num / max / sum primal infeasiblitiles
1 /   8.481e-05 /   8.481e-05 (  perturbed bounds)
1 /   8.499e-05 /   8.499e-05 (unperturbed bounds)
Solve 1: Forcing phase 2 since near primal feasible with unperturbed costs
num / max / sum primal infeasiblitiles
1 /     0.00031 /     0.00031 (  perturbed bounds)
1 /   0.0003101 /   0.0003101 (unperturbed bounds)
Solve 1: Forcing phase 2 since near primal feasible with unperturbed costs
num / max / sum primal infeasiblitiles
1 /    0.000288 /    0.000288 (  perturbed bounds)
1 /   0.0002881 /   0.0002881 (unperturbed bounds)
Solve 1: Forcing phase 2 since near primal feasible with unperturbed costs
num / max / sum primal infeasiblitiles
1 /   5.734e-05 /   5.734e-05 (  perturbed bounds)
1 /   5.753e-05 /   5.753e-05 (unperturbed bounds)
Solve 1: Forcing phase 2 since near primal feasible with unperturbed costs
num / max / sum primal infeasiblitiles
1 /    2.78e-05 /    2.78e-05 (  perturbed bounds)
1 /   2.783e-05 /   2.783e-05 (unperturbed bounds)
Solve 1: Forcing phase 2 since near primal feasible with unperturbed costs
num / max / sum primal infeasiblitiles
1 /   0.0003067 /   0.0003067 (  perturbed bounds)
1 /   0.0003069 /   0.0003069 (unperturbed bounds)
Solve 1: Forcing phase 2 since near primal feasible with unperturbed costs
num / max / sum primal infeasiblitiles
1 /   0.0001201 /   0.0001201 (  perturbed bounds)
1 /   0.0001201 /   0.0001201 (unperturbed bounds)
Solve 1: Forcing phase 2 since near primal feasible with unperturbed costs
num / max / sum primal infeasiblitiles
1 /   0.0001663 /   0.0001663 (  perturbed bounds)
1 /   0.0001663 /   0.0001663 (unperturbed bounds)
Solve 1: Forcing phase 2 since near primal feasible with unperturbed costs
num / max / sum primal infeasiblitiles
1 /    2.95e-05 /    2.95e-05 (  perturbed bounds)
1 /    2.97e-05 /    2.97e-05 (unperturbed bounds)
Solve 1: Forcing phase 2 since near primal feasible with unperturbed costs
num / max / sum primal infeasiblitiles
1 /   7.973e-05 /   7.973e-05 (  perturbed bounds)
1 /   7.992e-05 /   7.992e-05 (unperturbed bounds)
Solve 1: Forcing phase 2 since near primal feasible with unperturbed costs
num / max / sum primal infeasiblitiles
1 /   4.379e-05 /   4.379e-05 (  perturbed bounds)
1 /   4.397e-05 /   4.397e-05 (unperturbed bounds)
Solve 1: Forcing phase 2 since near primal feasible with unperturbed costs
num / max / sum primal infeasiblitiles
1 /   0.0003067 /   0.0003067 (  perturbed bounds)
1 /   0.0003069 /   0.0003069 (unperturbed bounds)
Solve 1: Forcing phase 2 since near primal feasible with unperturbed costs
num / max / sum primal infeasiblitiles
1 /   8.471e-05 /   8.471e-05 (  perturbed bounds)
1 /   8.474e-05 /   8.474e-05 (unperturbed bounds)
Solve 1: Forcing phase 2 since near primal feasible with unperturbed costs
num / max / sum primal infeasiblitiles
1 /    0.000275 /    0.000275 (  perturbed bounds)
1 /   0.0002751 /   0.0002751 (unperturbed bounds)
Solve 1: Forcing phase 2 since near primal feasible with unperturbed costs
num / max / sum primal infeasiblitiles
1 /   0.0002689 /   0.0002689 (  perturbed bounds)
1 /   0.0002691 /   0.0002691 (unperturbed bounds)
Solve 1: Forcing phase 2 since near primal feasible with unperturbed costs
num / max / sum primal infeasiblitiles
1 /   0.0001939 /   0.0001939 (  perturbed bounds)
1 /    0.000194 /    0.000194 (unperturbed bounds)
Solve 1: Forcing phase 2 since near primal feasible with unperturbed costs
num / max / sum primal infeasiblitiles
1 /   0.0001106 /   0.0001106 (  perturbed bounds)
1 /   0.0001108 /   0.0001108 (unperturbed bounds)
Solve 1: Forcing phase 2 since near primal feasible with unperturbed costs
num / max / sum primal infeasiblitiles
1 /   0.0002911 /   0.0002911 (  perturbed bounds)
1 /   0.0002911 /   0.0002911 (unperturbed bounds)
Solve 1: Forcing phase 2 since near primal feasible with unperturbed costs
num / max / sum primal infeasiblitiles
1 /   3.192e-05 /   3.192e-05 (  perturbed bounds)
1 /   3.212e-05 /   3.212e-05 (unperturbed bounds)
Solve 1: Forcing phase 2 since near primal feasible with unperturbed costs
num / max / sum primal infeasiblitiles
1 /   0.0002465 /   0.0002465 (  perturbed bounds)
1 /   0.0002466 /   0.0002466 (unperturbed bounds)
Solve 1: Forcing phase 2 since near primal feasible with unperturbed costs
num / max / sum primal infeasiblitiles
1 /   0.0001815 /   0.0001815 (  perturbed bounds)
1 /   0.0001815 /   0.0001815 (unperturbed bounds)
Solve 1: Forcing phase 2 since near primal feasible with unperturbed costs
num / max / sum primal infeasiblitiles
1 /   7.064e-05 /   7.064e-05 (  perturbed bounds)
1 /   7.082e-05 /   7.082e-05 (unperturbed bounds)
Solve 1: Forcing phase 2 since near primal feasible with unperturbed costs
num / max / sum primal infeasiblitiles
1 /   0.0002049 /   0.0002049 (  perturbed bounds)
1 /   0.0002051 /   0.0002051 (unperturbed bounds)
Solve 1: Forcing phase 2 since near primal feasible with unperturbed costs
num / max / sum primal infeasiblitiles
1 /   2.837e-05 /   2.837e-05 (  perturbed bounds)
1 /    2.84e-05 /    2.84e-05 (unperturbed bounds)
Solve 1: Forcing phase 2 since near primal feasible with unperturbed costs
num / max / sum primal infeasiblitiles
1 /   0.0002221 /   0.0002221 (  perturbed bounds)
1 /   0.0002221 /   0.0002221 (unperturbed bounds)
Solve 1: Forcing phase 2 since near primal feasible with unperturbed costs
num / max / sum primal infeasiblitiles
1 /   0.0002208 /   0.0002208 (  perturbed bounds)
1 /    0.000221 /    0.000221 (unperturbed bounds)
Solve 1: Forcing phase 2 since near primal feasible with unperturbed costs
num / max / sum primal infeasiblitiles
1 /   0.0001078 /   0.0001078 (  perturbed bounds)
1 /    0.000108 /    0.000108 (unperturbed bounds)
Solve 1: Forcing phase 2 since near primal feasible with unperturbed costs
num / max / sum primal infeasiblitiles
1 /   0.0001881 /   0.0001881 (  perturbed bounds)
1 /   0.0001883 /   0.0001883 (unperturbed bounds)
Solve 1: Forcing phase 2 since near primal feasible with unperturbed costs
num / max / sum primal infeasiblitiles
1 /   0.0001281 /   0.0001281 (  perturbed bounds)
1 /   0.0001281 /   0.0001281 (unperturbed bounds)
Solve 1: Forcing phase 2 since near primal feasible with unperturbed costs
num / max / sum primal infeasiblitiles
1 /   0.0002166 /   0.0002166 (  perturbed bounds)
1 /   0.0002166 /   0.0002166 (unperturbed bounds)
Solve 1: Forcing phase 2 since near primal feasible with unperturbed costs
num / max / sum primal infeasiblitiles
1 /   0.0002051 /   0.0002051 (  perturbed bounds)
1 /   0.0002053 /   0.0002053 (unperturbed bounds)
Solve 1: Forcing phase 2 since near primal feasible with unperturbed costs
num / max / sum primal infeasiblitiles
1 /   3.113e-05 /   3.113e-05 (  perturbed bounds)
1 /   3.131e-05 /   3.131e-05 (unperturbed bounds)
Solve 1: Forcing phase 2 since near primal feasible with unperturbed costs
num / max / sum primal infeasiblitiles
1 /   0.0001347 /   0.0001347 (  perturbed bounds)
1 /   0.0001347 /   0.0001347 (unperturbed bounds)
Solve 1: Forcing phase 2 since near primal feasible with unperturbed costs
num / max / sum primal infeasiblitiles
1 /   0.0003143 /   0.0003143 (  perturbed bounds)
1 /   0.0003144 /   0.0003144 (unperturbed bounds)
Solve 1: Forcing phase 2 since near primal feasible with unperturbed costs
num / max / sum primal infeasiblitiles
1 /   0.0002913 /   0.0002913 (  perturbed bounds)
1 /   0.0002914 /   0.0002914 (unperturbed bounds)
Solve 1: Forcing phase 2 since near primal feasible with unperturbed costs
num / max / sum primal infeasiblitiles
1 /   5.905e-05 /   5.905e-05 (  perturbed bounds)
1 /   5.908e-05 /   5.908e-05 (unperturbed bounds)
Solve 1: Forcing phase 2 since near primal feasible with unperturbed costs
num / max / sum primal infeasiblitiles
1 /   0.0001673 /   0.0001673 (  perturbed bounds)
1 /   0.0001674 /   0.0001674 (unperturbed bounds)
Solve 1: Forcing phase 2 since near primal feasible with unperturbed costs
num / max / sum primal infeasiblitiles
1 /   6.028e-06 /   6.028e-06 (  perturbed bounds)
1 /   6.061e-06 /   6.061e-06 (unperturbed bounds)
Solve 1: Forcing phase 2 since near primal feasible with unperturbed costs
num / max / sum primal infeasiblitiles
1 /   1.755e-05 /   1.755e-05 (  perturbed bounds)
1 /   1.771e-05 /   1.771e-05 (unperturbed bounds)
Solve 1: Forcing phase 2 since near primal feasible with unperturbed costs
num / max / sum primal infeasiblitiles
1 /   0.0002769 /   0.0002769 (  perturbed bounds)
1 /   0.0002771 /   0.0002771 (unperturbed bounds)
Solve 1: Forcing phase 2 since near primal feasible with unperturbed costs
num / max / sum primal infeasiblitiles
1 /   0.0001847 /   0.0001847 (  perturbed bounds)
1 /   0.0001847 /   0.0001847 (unperturbed bounds)
Solve 1: Forcing phase 2 since near primal feasible with unperturbed costs
num / max / sum primal infeasiblitiles
1 /   0.0002469 /   0.0002469 (  perturbed bounds)
1 /   0.0002469 /   0.0002469 (unperturbed bounds)
Solve 1: Forcing phase 2 since near primal feasible with unperturbed costs
num / max / sum primal infeasiblitiles
1 /   5.342e-05 /   5.342e-05 (  perturbed bounds)
1 /    5.36e-05 /    5.36e-05 (unperturbed bounds)
Solve 1: Forcing phase 2 since near primal feasible with unperturbed costs
num / max / sum primal infeasiblitiles
1 /   5.024e-05 /   5.024e-05 (  perturbed bounds)
1 /   5.028e-05 /   5.028e-05 (unperturbed bounds)
Solve 1: Forcing phase 2 since near primal feasible with unperturbed costs
num / max / sum primal infeasiblitiles
1 /   0.0003149 /   0.0003149 (  perturbed bounds)
1 /   0.0003151 /   0.0003151 (unperturbed bounds)
Solve 1: Forcing phase 2 since near primal feasible with unperturbed costs
num / max / sum primal infeasiblitiles
1 /   0.0002047 /   0.0002047 (  perturbed bounds)
1 /   0.0002049 /   0.0002049 (unperturbed bounds)
Solve 1: Forcing phase 2 since near primal feasible with unperturbed costs
num / max / sum primal infeasiblitiles
1 /   0.0002464 /   0.0002464 (  perturbed bounds)
1 /   0.0002466 /   0.0002466 (unperturbed bounds)
Solve 1: Forcing phase 2 since near primal feasi[ 1207.2s]   [q56] 1089/2000
ble with unperturbed costs
num / max / sum primal infeasiblitiles
1 /   5.618e-05 /   5.618e-05 (  perturbed bounds)
1 /   5.637e-05 /   5.637e-05 (unperturbed bounds)
Solve 1: Forcing phase 2 since near primal feasible with unperturbed costs
num / max / sum primal infeasiblitiles
1 /   0.0001023 /   0.0001023 (  perturbed bounds)
1 /   0.0001023 /   0.0001023 (unperturbed bounds)
Solve 1: Forcing phase 2 since near primal feasible with unperturbed costs
num / max / sum primal infeasiblitiles
1 /   9.347e-05 /   9.347e-05 (  perturbed bounds)
1 /   9.363e-05 /   9.363e-05 (unperturbed bounds)
Solve 1: Forcing phase 2 since near primal feasible with unperturbed costs
num / max / sum primal infeasiblitiles
1 /   3.083e-05 /   3.083e-05 (  perturbed bounds)
1 /   3.101e-05 /   3.101e-05 (unperturbed bounds)
Solve 1: Forcing phase 2 since near primal feasible with unperturbed costs
num / max / sum primal infeasiblitiles
1 /   0.0002374 /   0.0002374 (  perturbed bounds)
1 /   0.0002376 /   0.0002376 (unperturbed bounds)
Solve 1: Forcing phase 2 since near primal feasible with unperturbed costs
num / max / sum primal infeasiblitiles
1 /    0.000201 /    0.000201 (  perturbed bounds)
1 /   0.0002012 /   0.0002012 (unperturbed bounds)
Solve 1: Forcing phase 2 since near primal feasible with unperturbed costs
num / max / sum primal infeasiblitiles
1 /   5.397e-05 /   5.397e-05 (  perturbed bounds)
1 /   5.417e-05 /   5.417e-05 (unperturbed bounds)
Solve 1: Forcing phase 2 since near primal feasible with unperturbed costs
num / max / sum primal infeasiblitiles
1 /   0.0001698 /   0.0001698 (  perturbed bounds)
1 /     0.00017 /     0.00017 (unperturbed bounds)
Solve 1: Forcing phase 2 since near primal feasible with unperturbed costs
num / max / sum primal infeasiblitiles
1 /   6.118e-05 /   6.118e-05 (  perturbed bounds)
1 /   6.138e-05 /   6.138e-05 (unperturbed bounds)
Solve 1: Forcing phase 2 since near primal feasible with unperturbed costs
num / max / sum primal infeasiblitiles
1 /     5.1e-05 /     5.1e-05 (  perturbed bounds)
1 /   5.103e-05 /   5.103e-05 (unperturbed bounds)
Solve 1: Forcing phase 2 since near primal feasible with unperturbed costs
num / max / sum primal infeasiblitiles
1 /   0.0001617 /   0.0001617 (  perturbed bounds)
1 /   0.0001619 /   0.0001619 (unperturbed bounds)
Solve 1: Forcing phase 2 since near primal feasible with unperturbed costs
num / max / sum primal infeasiblitiles
1 /   0.0002405 /   0.0002405 (  perturbed bounds)
1 /   0.0002405 /   0.0002405 (unperturbed bounds)
Solve 1: Forcing phase 2 since near primal feasible with unperturbed costs
num / max / sum primal infeasiblitiles
1 /   2.557e-05 /   2.557e-05 (  perturbed bounds)
1 /   2.576e-05 /   2.576e-05 (unperturbed bounds)
Solve 1: Forcing phase 2 since near primal feasible with unperturbed costs
num / max / sum primal infeasiblitiles
1 /   0.0002363 /   0.0002363 (  perturbed bounds)
1 /   0.0002363 /   0.0002363 (unperturbed bounds)
Solve 1: Forcing phase 2 since near primal feasible with unperturbed costs
num / max / sum primal infeasiblitiles
1 /   0.0001329 /   0.0001329 (  perturbed bounds)
1 /   0.0001331 /   0.0001331 (unperturbed bounds)
Solve 1: Forcing phase 2 since near primal feasible with unperturbed costs
num / max / sum primal infeasiblitiles
1 /   0.0001973 /   0.0001973 (  perturbed bounds)
1 /   0.0001973 /   0.0001973 (unperturbed bounds)
Solve 1: Forcing phase 2 since near primal feasible with unperturbed costs
num / max / sum primal infeasiblitiles
1 /   0.0001571 /   0.0001571 (  perturbed bounds)
1 /   0.0001571 /   0.0001571 (unperturbed bounds)
Solve 1: Forcing phase 2 since near primal feasible with unperturbed costs
num / max / sum primal infeasiblitiles
1 /   0.0001206 /   0.0001206 (  perturbed bounds)
1 /   0.0001207 /   0.0001207 (unperturbed bounds)
Solve 1: Forcing phase 2 since near primal feasible with unperturbed costs
num / max / sum primal infeasiblitiles
1 /   0.0002831 /   0.0002831 (  perturbed bounds)
1 /   0.0002833 /   0.0002833 (unperturbed bounds)
Solve 1: Forcing phase 2 since near primal feasible with unperturbed costs
num / max / sum primal infeasiblitiles
1 /   0.0002549 /   0.0002549 (  perturbed bounds)
1 /   0.0002551 /   0.0002551 (unperturbed bounds)
Solve 1: Forcing phase 2 since near primal feasible with unperturbed costs
num / max / sum primal infeasiblitiles
1 /   0.0003145 /   0.0003145 (  perturbed bounds)
1 /   0.0003145 /   0.0003145 (unperturbed bounds)
Solve 1: Forcing phase 2 since near primal feasible with unperturbed costs
num / max / sum primal infeasiblitiles
1 /   0.0001201 /   0.0001201 (  perturbed bounds)
1 /   0.0001201 /   0.0001201 (unperturbed bounds)
Solve 1: Forcing phase 2 since near primal feasible with unperturbed costs
num / max / sum primal infeasiblitiles
1 /    0.000207 /    0.000207 (  perturbed bounds)
1 /    0.000207 /    0.000207 (unperturbed bounds)
Solve 1: Forcing phase 2 since near primal feasible with unperturbed costs
num / max / sum primal infeasiblitiles
1 /   0.0002907 /   0.0002907 (  perturbed bounds)
1 /   0.0002908 /   0.0002908 (unperturbed bounds)
Solve 1: Forcing phase 2 since near primal feasible with unperturbed costs
num / max / sum primal infeasiblitiles
1 /   0.0002677 /   0.0002677 (  perturbed bounds)
1 /   0.0002678 /   0.0002678 (unperturbed bounds)
Solve 1: Forcing phase 2 since near primal feasible with unperturbed costs
num / max / sum primal infeasiblitiles
1 /   5.468e-05 /   5.468e-05 (  perturbed bounds)
1 /   5.487e-05 /   5.487e-05 (unperturbed bounds)
Solve 1: Forcing phase 2 since near primal feasible with unperturbed costs
num / max / sum primal infeasiblitiles
1 /   0.0003067 /   0.0003067 (  perturbed bounds)
1 /   0.0003069 /   0.0003069 (unperturbed bounds)
Solve 1: Forcing phase 2 since near primal feasible with unperturbed costs
num / max / sum primal infeasiblitiles
1 /   0.0002158 /   0.0002158 (  perturbed bounds)
1 /   0.0002158 /   0.0002158 (unperturbed bounds)
Solve 1: Forcing phase 2 since near primal feasible with unperturbed costs
num / max / sum primal infeasiblitiles
1 /   2.309e-05 /   2.309e-05 (  perturbed bounds)
1 /   2.313e-05 /   2.313e-05 (unperturbed bounds)
Solve 1: Forcing phase 2 since near primal feasible with unperturbed costs
num / max / sum primal infeasiblitiles
1 /   0.0002595 /   0.0002595 (  perturbed bounds)
1 /   0.0002597 /   0.0002597 (unperturbed bounds)
Solve 1: Forcing phase 2 since near primal feasible with unperturbed costs
num / max / sum primal infeasiblitiles
1 /   0.0002067 /   0.0002067 (  perturbed bounds)
1 /   0.0002068 /   0.0002068 (unperturbed bounds)
Solve 1: Forcing phase 2 since near primal feasible with unperturbed costs
num / max / sum primal infeasiblitiles
1 /   0.0002598 /   0.0002598 (  perturbed bounds)
1 /     0.00026 /     0.00026 (unperturbed bounds)
Solve 1: Forcing phase 2 since near primal feasible with unperturbed costs
num / max / sum primal infeasiblitiles
1 /     0.00023 /     0.00023 (  perturbed bounds)
1 /   0.0002302 /   0.0002302 (unperturbed bounds)
Solve 1: Forcing phase 2 since near primal feasible with unperturbed costs
num / max / sum primal infeasiblitiles
1 /   4.925e-05 /   4.925e-05 (  perturbed bounds)
1 /   4.943e-05 /   4.943e-05 (unperturbed bounds)
Solve 1: Forcing phase 2 since near primal feasible with unperturbed costs
num / max / sum primal infeasiblitiles
1 /   0.0002349 /   0.0002349 (  perturbed bounds)
1 /   0.0002351 /   0.0002351 (unperturbed bounds)
Solve 1: Forcing phase 2 since near primal feasible with unperturbed costs
num / max / sum primal infeasiblitiles
1 /   4.014e-05 /   4.014e-05 (  perturbed bounds)
1 /   4.018e-05 /   4.018e-05 (unperturbed bounds)
Solve 1: Forcing phase 2 since near primal feasible with unperturbed costs
num / max / sum primal infeasiblitiles
1 /   0.0002124 /   0.0002124 (  perturbed bounds)
1 /   0.0002125 /   0.0002125 (unperturbed bounds)
Solve 1: Forcing phase 2 since near primal feasible with unperturbed costs
num / max / sum primal infeasiblitiles
1 /   1.769e-05 /   1.769e-05 (  perturbed bounds)
1 /   1.788e-05 /   1.788e-05 (unperturbed bounds)
Solve 1: Forcing phase 2 since near primal feasible with unperturbed costs
num / max / sum primal infeasiblitiles
1 /   6.796e-05 /   6.796e-05 (  perturbed bounds)
1 /   6.815e-05 /   6.815e-05 (unperturbed bounds)
Solve 1: Forcing phase 2 since near primal feasible with unperturbed costs
num / max / sum primal infeasiblitiles
1 /    0.000162 /    0.000162 (  perturbed bounds)
1 /    0.000162 /    0.000162 (unperturbed bounds)
Solve 1: Forcing phase 2 since near primal feasible with unperturbed costs
num / max / sum primal infeasiblitiles
1 /   4.957e-05 /   4.957e-05 (  perturbed bounds)
1 /   4.977e-05 /   4.977e-05 (unperturbed bounds)
Solve 1: Forcing phase 2 since near primal feasible with unperturbed costs
num / max / sum primal infeasiblitiles
1 /   2.588e-05 /   2.588e-05 (  perturbed bounds)
1 /   2.606e-05 /   2.606e-05 (unperturbed bounds)
Solve 1: Forcing phase 2 since near primal feasible with unperturbed costs
num / max / sum primal infeasiblitiles
1 /   3.335e-05 /   3.335e-05 (  perturbed bounds)
1 /   3.353e-05 /   3.353e-05 (unperturbed bounds)
Solve 1: Forcing phase 2 since near primal feasible with unperturbed costs
num / max / sum primal infeasiblitiles
1 /   0.0002067 /   0.0002067 (  perturbed bounds)
1 /   0.0002068 /   0.0002068 (unperturbed bounds)
Solve 1: Forcing phase 2 since near primal feasible with unperturbed costs
num / max / sum primal infeasiblitiles
1 /   0.0001903 /   0.0001903 (  perturbed bounds)
1 /   0.0001905 /   0.0001905 (unperturbed bounds)
Solve 1: Forcing phase 2 since near primal feasible with unperturbed costs
num / max / sum primal infeasiblitiles
1 /   5.065e-05 /   5.065e-05 (  perturbed bounds)
1 /   5.068e-05 /   5.068e-05 (unperturbed bounds)
Solve 1: Forcing phase 2 since near primal feasible with unperturbed costs
num / max / sum primal infeasiblitiles
1 /   0.0001471 /   0.0001471 (  perturbed bounds)
1 /   0.0001473 /   0.0001473 (unperturbed bounds)
Solve 1: Forcing phase 2 since near primal feasible with unperturbed costs
num / max / sum primal infeasiblitiles
1 /   9.849e-06 /   9.849e-06 (  perturbed bounds)
1 /   1.004e-05 /   1.004e-05 (unperturbed bounds)
Solve 1: Forcing phase 2 since near primal feasible with unperturbed costs
num / max / sum primal infeasiblitiles
1 /   0.0002603 /   0.0002603 (  perturbed bounds)
1 /   0.0002605 /   0.0002605 (unperturbed bounds)
Solve 1: Forcing phase 2 since near primal feasible with unperturbed costs
num / max / sum primal infeasiblitiles
1 /   6.274e-05 /   6.274e-05 (  perturbed bounds)
1 /   6.278e-05 /   6.278e-05 (unperturbed bounds)
Solve 1: Forcing phase 2 since near primal feasible with unperturbed costs
num / max / sum primal infeasiblitiles
1 /   0.0001875 /   0.0001875 (  perturbed bounds)
1 /   0.0001877 /   0.0001877 (unperturbed bounds)
Solve 1: Forcing phase 2 since near primal feasible with unperturbed costs
num / max / sum primal infeasiblitiles
1 /    8.46e-05 /    8.46e-05 (  perturbed bounds)
1 /   8.478e-05 /   8.478e-05 (unperturbed bounds)
Solve 1: Forcing phase 2 since near primal feasible with unperturbed costs
num / max / sum primal infeasiblitiles
1 /   0.0002677 /   0.0002677 (  perturbed bounds)
1 /   0.0002678 /   0.0002678 (unperturbed bounds)
Solve 1: Forcing phase 2 since near primal feasible with unperturbed costs
num / max / sum primal infeasiblitiles
1 /   0.0002599 /   0.0002599 (  perturbed bounds)
1 /     0.00026 /     0.00026 (unperturbed bounds)
Solve 1: Forcing phase 2 since near primal feasible with unperturbed costs
num / max / sum primal infeasiblitiles
1 /   0.0001032 /   0.0001032 (  perturbed bounds)
1 /   0.0001034 /   0.0001034 (unperturbed bounds)
Solve 1: Forcing phase 2 since near primal feasible with unperturbed costs
num / max / sum primal infeasiblitiles
1 /   0.0002103 /   0.0002103 (  perturbed bounds)
1 /   0.0002104 /   0.0002104 (unperturbed bounds)
Solve 1: Forcing phase 2 since near primal feasible with unperturbed costs
num / max / sum primal infeasiblitiles
1 /   0.0003057 /   0.0003057 (  perturbed bounds)
1 /   0.0003058 /   0.0003058 (unperturbed bounds)
Solve 1: Forcing phase 2 since near primal feasible with unperturbed costs
num / max / sum primal infeasiblitiles
1 /   0.0001203 /   0.0001203 (  perturbed bounds)
1 /   0.0001203 /   0.0001203 (unperturbed bounds)
Solve 1: Forcing phase 2 since near primal feasible with unperturbed costs
num / max / sum primal infeasiblitiles
1 /   0.0001017 /   0.0001017 (  perturbed bounds)
1 /   0.0001017 /   0.0001017 (unperturbed bounds)
Solve 1: Forcing phase 2 since near primal feasible with unperturbed costs
num / max / sum primal infeasiblitiles
1 /   0.0002728 /   0.0002728 (  perturbed bounds)
1 /   0.0002728 /   0.0002728 (unperturbed bounds)
Solve 1: Forcing phase 2 since near primal feasible with unperturbed costs
num / max / sum primal infeasiblitiles
1 /   0.0001887 /   0.0001887 (  perturbed bounds)
1 /   0.0001889 /   0.0001889 (unperturbed bounds)
Solve 1: Forcing phase 2 since near primal feasible with unperturbed costs
num / max / sum primal infeasiblitiles
1 /   3.803e-05 /   3.803e-05 (  perturbed bounds)
1 /   3.807e-05 /   3.807e-05 (unperturbed bounds)
Solve 1: Forcing phase 2 since near primal feasible with unperturbed costs
num / max / sum primal infeasiblitiles
1 /   0.0001464 /   0.0001464 (  perturbed bounds)
1 /   0.0001466 /   0.0001466 (unperturbed bounds)
Solve 1: Forcing phase 2 since near primal feasible with unperturbed costs
num / max / sum primal infeasiblitiles
1 /   0.0001493 /   0.0001493 (  perturbed bounds)
1 /   0.0001493 /   0.0001493 (unperturbed bounds)
Solve 1: Forcing phase 2 since near primal feasible with unperturbed costs
num / max / sum primal infeasiblitiles
1 /   4.466e-05 /   4.466e-05 (  perturbed bounds)
1 /   4.468e-05 /   4.468e-05 (unperturbed bounds)
Solve 1: Forcing phase 2 since near primal feasible with unperturbed costs
num / max / sum primal infeasiblitiles
1 /   7.623e-05 /   7.623e-05 (  perturbed bounds)
1 /   7.641e-05 /   7.641e-05 (unperturbed bounds)
Solve 1: Forcing phase 2 since near primal feasible with unperturbed costs
num / max / sum primal infeasiblitiles
1 /   0.0001737 /   0.0001737 (  perturbed bounds)
1 /   0.0001738 /   0.0001738 (unperturbed bounds)
Solve 1: Forcing phase 2 since near primal feasible with unperturbed costs
num / max / sum primal infeasiblitiles
1 /   0.0002745 /   0.0002745 (  perturbed bounds)
1 /   0.0002745 /   0.0002745 (unperturbed bounds)
Solve 1: Forcing phase 2 since near primal feasible with unperturbed costs
num / max / sum primal infeasiblitiles
1 /   0.0003141 /   0.0003141 (  perturbed bounds)
1 /   0.0003143 /   0.0003143 (unperturbed bounds)
Solve 1: Forcing phase 2 since near primal feasible with unperturbed costs
num / max / sum primal infeasiblitiles
1 /   0.0001709 /   0.0001709 (  perturbed bounds)
1 /    0.000171 /    0.000171 (unperturbed bounds)
Solve 1: Forcing phase 2 since near primal feasible with unperturbed costs
num / max / sum primal infeasiblitiles
1 /   0.0002906 /   0.0002906 (  perturbed bounds)
1 /   0.0002908 /   0.0002908 (unperturbed bounds)
Solve 1: Forcing phase 2 since near primal feasible with unperturbed costs
num / max / sum primal infeasiblitiles
1 /   0.0001427 /   0.0001427 (  perturbed bounds)
1 /   0.0001428 /   0.0001428 (unperturbed bounds)
Solve 1: Forcing phase 2 since near primal feasible with unperturbed costs
num / max / sum primal infeasiblitiles
1 /   0.0001379 /   0.0001379 (  perturbed bounds)
1 /   0.0001381 /   0.0001381 (unperturbed bounds)
Solve 1: Forcing phase 2 since near primal feasible with unperturbed costs
num / max / sum primal infeasiblitiles
1 /   0.0002681 /   0.0002681 (  perturbed bounds)
1 /   0.0002682 /   0.0002682 (unperturbed bounds)
Solve 1: Forcing phase 2 since near primal feasible with unperturbed costs
num / max / sum primal infeasiblitiles
1 /   0.0002453 /   0.0002453 (  perturbed bounds)
1 /   0.0002455 /   0.0002455 (unperturbed bounds)
Solve 1: Forcing phase 2 since near primal feasible with unperturbed costs
num / max / sum primal infeasiblitiles
1 /   0.0002338 /   0.0002338 (  perturbed bounds)
1 /   0.0002338 /   0.0002338 (unperturbed bounds)
Solve 1: Forcing[ 1447.3s]   [q56] 1332/2000
 phase 2 since near primal feasible with unperturbed costs
num / max / sum primal infeasiblitiles
1 /   4.925e-05 /   4.925e-05 (  perturbed bounds)
1 /   4.943e-05 /   4.943e-05 (unperturbed bounds)
Solve 1: Forcing phase 2 since near primal feasible with unperturbed costs
num / max / sum primal infeasiblitiles
1 /   4.719e-05 /   4.719e-05 (  perturbed bounds)
1 /   4.737e-05 /   4.737e-05 (unperturbed bounds)
Solve 1: Forcing phase 2 since near primal feasible with unperturbed costs
num / max / sum primal infeasiblitiles
1 /   0.0001358 /   0.0001358 (  perturbed bounds)
1 /    0.000136 /    0.000136 (unperturbed bounds)
Solve 1: Forcing phase 2 since near primal feasible with unperturbed costs
num / max / sum primal infeasiblitiles
1 /   0.0002849 /   0.0002849 (  perturbed bounds)
1 /   0.0002851 /   0.0002851 (unperturbed bounds)
Solve 1: Forcing phase 2 since near primal feasible with unperturbed costs
num / max / sum primal infeasiblitiles
1 /    0.000109 /    0.000109 (  perturbed bounds)
1 /    0.000109 /    0.000109 (unperturbed bounds)
Solve 1: Forcing phase 2 since near primal feasible with unperturbed costs
num / max / sum primal infeasiblitiles
1 /   6.148e-05 /   6.148e-05 (  perturbed bounds)
1 /   6.168e-05 /   6.168e-05 (unperturbed bounds)
Solve 1: Forcing phase 2 since near primal feasible with unperturbed costs
num / max / sum primal infeasiblitiles
1 /   0.0002906 /   0.0002906 (  perturbed bounds)
1 /   0.0002908 /   0.0002908 (unperturbed bounds)
Solve 1: Forcing phase 2 since near primal feasible with unperturbed costs
num / max / sum primal infeasiblitiles
1 /   0.0002709 /   0.0002709 (  perturbed bounds)
1 /   0.0002711 /   0.0002711 (unperturbed bounds)
Solve 1: Forcing phase 2 since near primal feasible with unperturbed costs
num / max / sum primal infeasiblitiles
1 /   9.424e-05 /   9.424e-05 (  perturbed bounds)
1 /   9.423e-05 /   9.423e-05 (unperturbed bounds)
Solve 1: Forcing phase 2 since near primal feasible with unperturbed costs
num / max / sum primal infeasiblitiles
1 /   0.0001199 /   0.0001199 (  perturbed bounds)
1 /   0.0001201 /   0.0001201 (unperturbed bounds)
Solve 1: Forcing phase 2 since near primal feasible with unperturbed costs
num / max / sum primal infeasiblitiles
1 /   0.0001462 /   0.0001462 (  perturbed bounds)
1 /   0.0001464 /   0.0001464 (unperturbed bounds)
Solve 1: Forcing phase 2 since near primal feasible with unperturbed costs
num / max / sum primal infeasiblitiles
1 /   0.0001049 /   0.0001049 (  perturbed bounds)
1 /    0.000105 /    0.000105 (unperturbed bounds)
Solve 1: Forcing phase 2 since near primal feasible with unperturbed costs
num / max / sum primal infeasiblitiles
1 /   2.548e-05 /   2.548e-05 (  perturbed bounds)
1 /   2.552e-05 /   2.552e-05 (unperturbed bounds)
Solve 1: Forcing phase 2 since near primal feasible with unperturbed costs
num / max / sum primal infeasiblitiles
1 /   0.0001071 /   0.0001071 (  perturbed bounds)
1 /   0.0001073 /   0.0001073 (unperturbed bounds)
Solve 1: Forcing phase 2 since near primal feasible with unperturbed costs
num / max / sum primal infeasiblitiles
1 /   0.0002629 /   0.0002629 (  perturbed bounds)
1 /   0.0002631 /   0.0002631 (unperturbed bounds)
Solve 1: Forcing phase 2 since near primal feasible with unperturbed costs
num / max / sum primal infeasiblitiles
1 /   8.147e-05 /   8.147e-05 (  perturbed bounds)
1 /    8.15e-05 /    8.15e-05 (unperturbed bounds)
Solve 1: Forcing phase 2 since near primal feasible with unperturbed costs
num / max / sum primal infeasiblitiles
1 /   0.0002568 /   0.0002568 (  perturbed bounds)
1 /   0.0002569 /   0.0002569 (unperturbed bounds)
Solve 1: Forcing phase 2 since near primal feasible with unperturbed costs
num / max / sum primal infeasiblitiles
1 /   0.0001279 /   0.0001279 (  perturbed bounds)
1 /   0.0001279 /   0.0001279 (unperturbed bounds)
Solve 1: Forcing phase 2 since near primal feasible with unperturbed costs
num / max / sum primal infeasiblitiles
1 /   0.0002374 /   0.0002374 (  perturbed bounds)
1 /   0.0002376 /   0.0002376 (unperturbed bounds)
Solve 1: Forcing phase 2 since near primal feasible with unperturbed costs
num / max / sum primal infeasiblitiles
1 /   7.277e-05 /   7.277e-05 (  perturbed bounds)
1 /   7.281e-05 /   7.281e-05 (unperturbed bounds)
Solve 1: Forcing phase 2 since near primal feasible with unperturbed costs
num / max / sum primal infeasiblitiles
1 /   8.845e-05 /   8.845e-05 (  perturbed bounds)
1 /   8.848e-05 /   8.848e-05 (unperturbed bounds)
Solve 1: Forcing phase 2 since near primal feasible with unperturbed costs
num / max / sum primal infeasiblitiles
1 /   0.0002462 /   0.0002462 (  perturbed bounds)
1 /   0.0002462 /   0.0002462 (unperturbed bounds)
Solve 1: Forcing phase 2 since near primal feasible with unperturbed costs
num / max / sum primal infeasiblitiles
1 /   0.0001671 /   0.0001671 (  perturbed bounds)
1 /   0.0001671 /   0.0001671 (unperturbed bounds)
Solve 1: Forcing phase 2 since near primal feasible with unperturbed costs
num / max / sum primal infeasiblitiles
1 /   0.0001795 /   0.0001795 (  perturbed bounds)
1 /   0.0001797 /   0.0001797 (unperturbed bounds)
Solve 1: Forcing phase 2 since near primal feasible with unperturbed costs
num / max / sum primal infeasiblitiles
1 /   0.0001538 /   0.0001538 (  perturbed bounds)
1 /   0.0001538 /   0.0001538 (unperturbed bounds)
Solve 1: Forcing phase 2 since near primal feasible with unperturbed costs
num / max / sum primal infeasiblitiles
1 /   0.0001666 /   0.0001666 (  perturbed bounds)
1 /   0.0001666 /   0.0001666 (unperturbed bounds)
Solve 1: Forcing phase 2 since near primal feasible with unperturbed costs
num / max / sum primal infeasiblitiles
1 /   3.123e-05 /   3.123e-05 (  perturbed bounds)
1 /   3.139e-05 /   3.139e-05 (unperturbed bounds)
Solve 1: Forcing phase 2 since near primal feasible with unperturbed costs
num / max / sum primal infeasiblitiles
1 /   0.0002221 /   0.0002221 (  perturbed bounds)
1 /   0.0002221 /   0.0002221 (unperturbed bounds)
Solve 1: Forcing phase 2 since near primal feasible with unperturbed costs
num / max / sum primal infeasiblitiles
1 /   0.0002575 /   0.0002575 (  perturbed bounds)
1 /   0.0002577 /   0.0002577 (unperturbed bounds)
Solve 1: Forcing phase 2 since near primal feasible with unperturbed costs
num / max / sum primal infeasiblitiles
1 /   0.0003145 /   0.0003145 (  perturbed bounds)
1 /   0.0003145 /   0.0003145 (unperturbed bounds)
Solve 1: Forcing phase 2 since near primal feasible with unperturbed costs
num / max / sum primal infeasiblitiles
1 /   0.0002007 /   0.0002007 (  perturbed bounds)
1 /   0.0002009 /   0.0002009 (unperturbed bounds)
Solve 1: Forcing phase 2 since near primal feasible with unperturbed costs
num / max / sum primal infeasiblitiles
1 /   0.0001501 /   0.0001501 (  perturbed bounds)
1 /   0.0001503 /   0.0001503 (unperturbed bounds)
Solve 1: Forcing phase 2 since near primal feasible with unperturbed costs
num / max / sum primal infeasiblitiles
1 /   2.496e-05 /   2.496e-05 (  perturbed bounds)
1 /     2.5e-05 /     2.5e-05 (unperturbed bounds)
Solve 1: Forcing phase 2 since near primal feasible with unperturbed costs
num / max / sum primal infeasiblitiles
1 /   0.0001142 /   0.0001142 (  perturbed bounds)
1 /   0.0001142 /   0.0001142 (unperturbed bounds)
Solve 1: Forcing phase 2 since near primal feasible with unperturbed costs
num / max / sum primal infeasiblitiles
1 /   0.0002915 /   0.0002915 (  perturbed bounds)
1 /   0.0002917 /   0.0002917 (unperturbed bounds)
Solve 1: Forcing phase 2 since near primal feasible with unperturbed costs
num / max / sum primal infeasiblitiles
1 /   0.0002947 /   0.0002947 (  perturbed bounds)
1 /   0.0002946 /   0.0002946 (unperturbed bounds)
Solve 1: Forcing phase 2 since near primal feasible with unperturbed costs
num / max / sum primal infeasiblitiles
1 /   0.0001973 /   0.0001973 (  perturbed bounds)
1 /   0.0001973 /   0.0001973 (unperturbed bounds)
Solve 1: Forcing phase 2 since near primal feasible with unperturbed costs
num / max / sum primal infeasiblitiles
1 /     0.00023 /     0.00023 (  perturbed bounds)
1 /   0.0002302 /   0.0002302 (unperturbed bounds)
Solve 1: Forcing phase 2 since near primal feasible with unperturbed costs
num / max / sum primal infeasiblitiles
1 /   0.0002846 /   0.0002846 (  perturbed bounds)
1 /   0.0002847 /   0.0002847 (unperturbed bounds)
Solve 1: Forcing phase 2 since near primal feasible with unperturbed costs
num / max / sum primal infeasiblitiles
1 /   0.0002035 /   0.0002035 (  perturbed bounds)
1 /   0.0002037 /   0.0002037 (unperturbed bounds)
Solve 1: Forcing phase 2 since near primal feasible with unperturbed costs
num / max / sum primal infeasiblitiles
1 /   0.0001903 /   0.0001903 (  perturbed bounds)
1 /   0.0001905 /   0.0001905 (unperturbed bounds)
Solve 1: Forcing phase 2 since near primal feasible with unperturbed costs
num / max / sum primal infeasiblitiles
1 /   0.0002908 /   0.0002908 (  perturbed bounds)
1 /    0.000291 /    0.000291 (unperturbed bounds)
Solve 1: Forcing phase 2 since near primal feasible with unperturbed costs
num / max / sum primal infeasiblitiles
1 /   0.0001124 /   0.0001124 (  perturbed bounds)
1 /   0.0001126 /   0.0001126 (unperturbed bounds)
Solve 1: Forcing phase 2 since near primal feasible with unperturbed costs
num / max / sum primal infeasiblitiles
1 /   0.0002062 /   0.0002062 (  perturbed bounds)
1 /   0.0002063 /   0.0002063 (unperturbed bounds)
Solve 1: Forcing phase 2 since near primal feasible with unperturbed costs
num / max / sum primal infeasiblitiles
1 /   0.0003155 /   0.0003155 (  perturbed bounds)
1 /   0.0003157 /   0.0003157 (unperturbed bounds)
Solve 1: Forcing phase 2 since near primal feasible with unperturbed costs
num / max / sum primal infeasiblitiles
1 /   0.0001913 /   0.0001913 (  perturbed bounds)
1 /   0.0001913 /   0.0001913 (unperturbed bounds)
Solve 1: Forcing phase 2 since near primal feasible with unperturbed costs
num / max / sum primal infeasiblitiles
1 /   0.0001426 /   0.0001426 (  perturbed bounds)
1 /   0.0001428 /   0.0001428 (unperturbed bounds)
Solve 1: Forcing phase 2 since near primal feasible with unperturbed costs
num / max / sum primal infeasiblitiles
1 /   0.0002788 /   0.0002788 (  perturbed bounds)
1 /   0.0002788 /   0.0002788 (unperturbed bounds)
Solve 1: Forcing phase 2 since near primal feasible with unperturbed costs
num / max / sum primal infeasiblitiles
1 /   0.0002551 /   0.0002551 (  perturbed bounds)
1 /   0.0002551 /   0.0002551 (unperturbed bounds)
Solve 1: Forcing phase 2 since near primal feasible with unperturbed costs
num / max / sum primal infeasiblitiles
1 /   0.0002549 /   0.0002549 (  perturbed bounds)
1 /   0.0002551 /   0.0002551 (unperturbed bounds)
Solve 1: Forcing phase 2 since near primal feasible with unperturbed costs
num / max / sum primal infeasiblitiles
1 /   4.416e-05 /   4.416e-05 (  perturbed bounds)
1 /   4.419e-05 /   4.419e-05 (unperturbed bounds)
Solve 1: Forcing phase 2 since near primal feasible with unperturbed costs
num / max / sum primal infeasiblitiles
1 /   0.0001267 /   0.0001267 (  perturbed bounds)
1 /   0.0001269 /   0.0001269 (unperturbed bounds)
Solve 1: Forcing phase 2 since near primal feasible with unperturbed costs
num / max / sum primal infeasiblitiles
1 /   1.272e-05 /   1.272e-05 (  perturbed bounds)
1 /   1.276e-05 /   1.276e-05 (unperturbed bounds)
Solve 1: Forcing phase 2 since near primal feasible with unperturbed costs
num / max / sum primal infeasiblitiles
1 /   0.0001449 /   0.0001449 (  perturbed bounds)
1 /   0.0001449 /   0.0001449 (unperturbed bounds)
Solve 1: Forcing phase 2 since near primal feasible with unperturbed costs
num / max / sum primal infeasiblitiles
1 /   8.003e-05 /   8.003e-05 (  perturbed bounds)
1 /   8.006e-05 /   8.006e-05 (unperturbed bounds)
Solve 1: Forcing phase 2 since near primal feasible with unperturbed costs
num / max / sum primal infeasiblitiles
1 /   9.514e-05 /   9.514e-05 (  perturbed bounds)
1 /   9.532e-05 /   9.532e-05 (unperturbed bounds)
Solve 1: Forcing phase 2 since near primal feasible with unperturbed costs
num / max / sum primal infeasiblitiles
1 /   0.0001002 /   0.0001002 (  perturbed bounds)
1 /   0.0001002 /   0.0001002 (unperturbed bounds)
Solve 1: Forcing phase 2 since near primal feasible with unperturbed costs
num / max / sum primal infeasiblitiles
1 /   0.0002056 /   0.0002056 (  perturbed bounds)
1 /   0.0002058 /   0.0002058 (unperturbed bounds)
Solve 1: Forcing phase 2 since near primal feasible with unperturbed costs
num / max / sum primal infeasiblitiles
1 /   1.303e-05 /   1.303e-05 (  perturbed bounds)
1 /   1.306e-05 /   1.306e-05 (unperturbed bounds)
Solve 1: Forcing phase 2 since near primal feasible with unperturbed costs
num / max / sum primal infeasiblitiles
1 /   0.0001283 /   0.0001283 (  perturbed bounds)
1 /   0.0001285 /   0.0001285 (unperturbed bounds)
Solve 1: Forcing phase 2 since near primal feasible with unperturbed costs
num / max / sum primal infeasiblitiles
1 /   3.818e-05 /   3.818e-05 (  perturbed bounds)
1 /   3.836e-05 /   3.836e-05 (unperturbed bounds)
Solve 1: Forcing phase 2 since near primal feasible with unperturbed costs
num / max / sum primal infeasiblitiles
1 /   0.0002569 /   0.0002569 (  perturbed bounds)
1 /   0.0002569 /   0.0002569 (unperturbed bounds)
Solve 1: Forcing phase 2 since near primal feasible with unperturbed costs
num / max / sum primal infeasiblitiles
1 /   0.0001284 /   0.0001284 (  perturbed bounds)
1 /   0.0001285 /   0.0001285 (unperturbed bounds)
Solve 1: Forcing phase 2 since near primal feasible with unperturbed costs
num / max / sum primal infeasiblitiles
1 /   6.187e-05 /   6.187e-05 (  perturbed bounds)
1 /   6.207e-05 /   6.207e-05 (unperturbed bounds)
Solve 1: Forcing phase 2 since near primal feasible with unperturbed costs
num / max / sum primal infeasiblitiles
1 /   0.0001259 /   0.0001259 (  perturbed bounds)
1 /   0.0001259 /   0.0001259 (unperturbed bounds)
Solve 1: Forcing phase 2 since near primal feasible with unperturbed costs
num / max / sum primal infeasiblitiles
1 /   5.024e-06 /   5.024e-06 (  perturbed bounds)
1 /   5.182e-06 /   5.182e-06 (unperturbed bounds)
Solve 1: Forcing phase 2 since near primal feasible with unperturbed costs
num / max / sum primal infeasiblitiles
1 /    0.000138 /    0.000138 (  perturbed bounds)
1 /   0.0001382 /   0.0001382 (unperturbed bounds)
Solve 1: Forcing phase 2 since near primal feasible with unperturbed costs
num / max / sum primal infeasiblitiles
1 /   0.0002176 /   0.0002176 (  perturbed bounds)
1 /   0.0002178 /   0.0002178 (unperturbed bounds)
Solve 1: Forcing phase 2 since near primal feasible with unperturbed costs
num / max / sum primal infeasiblitiles
1 /   3.309e-05 /   3.309e-05 (  perturbed bounds)
1 /   3.313e-05 /   3.313e-05 (unperturbed bounds)
Solve 1: Forcing phase 2 since near primal feasible with unperturbed costs
num / max / sum primal infeasiblitiles
1 /    0.000242 /    0.000242 (  perturbed bounds)
1 /   0.0002422 /   0.0002422 (unperturbed bounds)
Solve 1: Forcing phase 2 since near primal feasible with unperturbed costs
num / max / sum primal infeasiblitiles
1 /   0.0002306 /   0.0002306 (  perturbed bounds)
1 /   0.0002308 /   0.0002308 (unperturbed bounds)
Solve 1: Forcing phase 2 since near primal feasible with unperturbed costs
num / max / sum primal infeasiblitiles
1 /   0.0001967 /   0.0001967 (  perturbed bounds)
1 /   0.0001969 /   0.0001969 (unperturbed bounds)
Solve 1: Forcing phase 2 since near primal feasible with unperturbed costs
num / max / sum primal infeasiblitiles
1 /   2.983e-05 /   2.983e-05 (  perturbed bounds)
1 /   2.986e-05 /   2.986e-05 (unperturbed bounds)
Solve 1: Forcing phase 2 since near primal feasible with unperturbed costs
num / max / sum primal infeasiblitiles
2 /   0.0002774 /   0.0003576 (  perturbed bounds)
2 /   0.0002776 /   0.0003578 (unperturbed bounds)
Solve 1: Forcing phase 2 since near primal feasible with unperturbed costs
num / max / sum primal infeasiblitiles
1 /   0.0001601 /   0.0001601 (  perturbed bounds)
1 /   0.0001601 /   0.0001601 (unperturbed bounds)
Solve 1: Forcing phase 2 since near primal feasible with unperturbed costs
num / max / sum primal infeasiblitiles
1 /   9.226e-05 /   9.226e-05 (  perturbed bounds)
1 /    9.23e-05 /    9.23e-05 (unperturbed bounds)
Solve 1: Forcing phase 2 since near primal feasible with unperturbed costs
num / max / sum primal infeasiblitiles
1 /   0.0002668 /   0.0002668 (  perturbed bounds)
1 /    0.000267 /    0.000267 (unperturbed bounds)
Solve 1: Forcing phase 2 since near primal feasible with unperturbed costs
num / max / sum primal infeasiblitiles
1 /   0.0001824 /   0.0001824 (  perturbed bounds)
1 /   0.0001824 /   0.0001824 (unperturbed bounds)
Solve 1: Forcing phase 2 since near primal feasible with unperturbed costs
num / max / sum primal infeasiblitiles
1 /    8.65e-05 /    8.65e-05 (  perturbed bounds)
1 /   8.666e-05 /   8.666e-05 (unperturbed bounds)
Solve 1: Forcing phase 2 since near primal feasible with unperturbed costs
num / max / sum primal infeasiblitiles
1 /   0.0002133 /   0.0002133 (  perturbed bounds)
1 /   0.0002134 /   0.0002134 (unperturbed bounds)
Solve 1: Forcing phase 2 since near primal feasible with unperturbed costs
num / max / sum primal infeasiblitiles
1 /   0.0001561 /   0.0001561 (  perturbed bounds)
1 /   0.0001561 /   0.0001561 (unperturbed bounds)
Solve 1: Forcing phase 2 since near primal feasible with unperturbed costs
num / max / sum primal infeasiblitiles
1 /   0.0002492 /   0.0002492 (  perturbed bounds)
1 /   0.0002494 /   0.0002494 (unperturbed bounds)
Solve 1: Forcing phase 2 since near primal feasible with unperturbed costs
num / max / sum primal infeasiblitiles
1 /   0.0001726 /   0.0001726 (  perturbed bounds)
1 /   0.0001726 /   0.0001726 (unperturbed bounds)
Solve 1: Forcing phase 2 since near primal feasible with unperturbed costs
num / max / sum primal infeasiblitiles
1 /   0.0002984 /   0.0002984 (  perturbed bounds)
1 /   0.0002986 /   0.0002986 (unperturbed bounds)
Solve 1: Forcing phase 2 since near primal feasible with unperturbed costs
num / max / sum primal infeasiblitiles
1 /   0.0002339 /   0.0002339 (  perturbed bounds)
1 /   0.0002341 /   0.0002341 (unperturbed bounds)
Solve 1: Forcing phase 2 since near primal feasible with unperturbed costs
num / max / sum primal infeasiblitiles
1 /   0.0003067 /   0.0003067 (  perturbed bounds)
1 /   0.0003069 /   0.0003069 (unperturbed bounds)
Solve 1: Forcing phase 2 since near primal feasible with unperturbed costs
num / max / sum primal infeasiblitiles
1 /   0.0001661 /   0.0001661 (  perturbed bounds)
1 /   0.0001661 /   0.0001661 (unperturbed bounds)
Solve 1: Forcing phase 2 since near primal feasible with unperturbed costs
num / max / sum primal infeasiblitiles
1 /    3.97e-05 /    3.97e-05 (  perturbed bounds)
1 /   3.989e-05 /   3.989e-05 (unperturbed bounds)
Solve 1: Forcing phase 2 since near primal feasible with unperturbed costs
num / max / sum primal infeasiblitiles
1 /   0.0001711 /   0.0001711 (  perturbed bounds)
1 /   0.0001713 /   0.0001713 (unperturbed bounds)
Solve 1: Forcing phase 2 since near primal feasible with unperturbed costs
num / max / sum primal infeasiblitiles
1 /   0.0002543 /   0.0002543 (  perturbed bounds)
1 /   0.0002544 /   0.0002544 (unperturbed bounds)
Solve 1: Forcing phase 2 since near primal feasible with unperturbed costs
num / max / sum primal infeasiblitiles
1 /   0.0002722 /   0.0002722 (  perturbed bounds)
1 /   0.0002724 /   0.0002724 (unperturbed bounds)
Solve 1: Forcing phase 2 since near primal feasible with unperturbed costs
num / max / sum primal infeasiblitiles
1 /    0.000263 /    0.000263 (  perturbed bounds)
1 /   0.0002631 /   0.0002631 (unperturbed bounds)
Solve 1: Forcing phase 2 since near primal feasible with unperturbed costs
num / max / sum primal infeasiblitiles
1 /   0.0002165 /   0.0002165 (  perturbed bounds)
1 /   0.0002166 /   0.0002166 (unperturbed bounds)
Solve 1: Forcing phase 2 since near primal feasible with unperturbed costs
num / max / sum primal infeasiblitiles
1 /   0.0001592 /   0.0001592 (  perturbed bounds)
1 /   0.0001593 /   0.0001593 (unperturbed bounds)
Solve 1: Forcing phase 2 since near primal feasible with unperturbed costs
num / max / sum primal infeasiblitiles
1 /   0.0002044 /   0.0002044 (  perturbed bounds)
1 /   0.0002046 /   0.00020[ 1687.9s]   [q56] 1578/2000
46 (unperturbed bounds)
Solve 1: Forcing phase 2 since near primal feasible with unperturbed costs
num / max / sum primal infeasiblitiles
1 /   0.0002961 /   0.0002961 (  perturbed bounds)
1 /   0.0002961 /   0.0002961 (unperturbed bounds)
Solve 1: Forcing phase 2 since near primal feasible with unperturbed costs
num / max / sum primal infeasiblitiles
1 /   0.0001674 /   0.0001674 (  perturbed bounds)
1 /   0.0001674 /   0.0001674 (unperturbed bounds)
Solve 1: Forcing phase 2 since near primal feasible with unperturbed costs
num / max / sum primal infeasiblitiles
1 /   0.0001775 /   0.0001775 (  perturbed bounds)
1 /   0.0001777 /   0.0001777 (unperturbed bounds)
Solve 1: Forcing phase 2 since near primal feasible with unperturbed costs
num / max / sum primal infeasiblitiles
1 /   0.0001674 /   0.0001674 (  perturbed bounds)
1 /   0.0001674 /   0.0001674 (unperturbed bounds)
Solve 1: Forcing phase 2 since near primal feasible with unperturbed costs
num / max / sum primal infeasiblitiles
1 /   0.0002654 /   0.0002654 (  perturbed bounds)
1 /   0.0002654 /   0.0002654 (unperturbed bounds)
Solve 1: Forcing phase 2 since near primal feasible with unperturbed costs
num / max / sum primal infeasiblitiles
1 /   0.0001219 /   0.0001219 (  perturbed bounds)
1 /   0.0001221 /   0.0001221 (unperturbed bounds)
Solve 1: Forcing phase 2 since near primal feasible with unperturbed costs
num / max / sum primal infeasiblitiles
1 /   0.0002254 /   0.0002254 (  perturbed bounds)
1 /   0.0002254 /   0.0002254 (unperturbed bounds)
Solve 1: Forcing phase 2 since near primal feasible with unperturbed costs
num / max / sum primal infeasiblitiles
1 /   0.0002797 /   0.0002797 (  perturbed bounds)
1 /   0.0002797 /   0.0002797 (unperturbed bounds)
Solve 1: Forcing phase 2 since near primal feasible with unperturbed costs
num / max / sum primal infeasiblitiles
1 /   6.652e-05 /   6.652e-05 (  perturbed bounds)
1 /   6.656e-05 /   6.656e-05 (unperturbed bounds)
Solve 1: Forcing phase 2 since near primal feasible with unperturbed costs
num / max / sum primal infeasiblitiles
1 /     0.00023 /     0.00023 (  perturbed bounds)
1 /   0.0002302 /   0.0002302 (unperturbed bounds)
Solve 1: Forcing phase 2 since near primal feasible with unperturbed costs
num / max / sum primal infeasiblitiles
1 /    0.000136 /    0.000136 (  perturbed bounds)
1 /   0.0001362 /   0.0001362 (unperturbed bounds)
Solve 1: Forcing phase 2 since near primal feasible with unperturbed costs
num / max / sum primal infeasiblitiles
1 /   7.087e-05 /   7.087e-05 (  perturbed bounds)
1 /   7.105e-05 /   7.105e-05 (unperturbed bounds)
Solve 1: Forcing phase 2 since near primal feasible with unperturbed costs
num / max / sum primal infeasiblitiles
1 /   7.669e-05 /   7.669e-05 (  perturbed bounds)
1 /   7.673e-05 /   7.673e-05 (unperturbed bounds)
Solve 1: Forcing phase 2 since near primal feasible with unperturbed costs
num / max / sum primal infeasiblitiles
1 /   4.443e-05 /   4.443e-05 (  perturbed bounds)
1 /   4.462e-05 /   4.462e-05 (unperturbed bounds)
Solve 1: Forcing phase 2 since near primal feasible with unperturbed costs
num / max / sum primal infeasiblitiles
1 /   0.0002326 /   0.0002326 (  perturbed bounds)
1 /   0.0002328 /   0.0002328 (unperturbed bounds)
Solve 1: Forcing phase 2 since near primal feasible with unperturbed costs
num / max / sum primal infeasiblitiles
1 /   0.0002678 /   0.0002678 (  perturbed bounds)
1 /   0.0002678 /   0.0002678 (unperturbed bounds)
Solve 1: Forcing phase 2 since near primal feasible with unperturbed costs
num / max / sum primal infeasiblitiles
1 /   0.0002255 /   0.0002255 (  perturbed bounds)
1 /   0.0002255 /   0.0002255 (unperturbed bounds)
Solve 1: Forcing phase 2 since near primal feasible with unperturbed costs
num / max / sum primal infeasiblitiles
1 /    0.000174 /    0.000174 (  perturbed bounds)
1 /    0.000174 /    0.000174 (unperturbed bounds)
Solve 1: Forcing phase 2 since near primal feasible with unperturbed costs
num / max / sum primal infeasiblitiles
1 /   0.0002523 /   0.0002523 (  perturbed bounds)
1 /   0.0002525 /   0.0002525 (unperturbed bounds)
Solve 1: Forcing phase 2 since near primal feasible with unperturbed costs
num / max / sum primal infeasiblitiles
1 /   0.0001627 /   0.0001627 (  perturbed bounds)
1 /   0.0001629 /   0.0001629 (unperturbed bounds)
Solve 1: Forcing phase 2 since near primal feasible with unperturbed costs
num / max / sum primal infeasiblitiles
1 /   5.045e-06 /   5.045e-06 (  perturbed bounds)
1 /   5.231e-06 /   5.231e-06 (unperturbed bounds)
Solve 1: Forcing phase 2 since near primal feasible with unperturbed costs
num / max / sum primal infeasiblitiles
1 /   0.0001724 /   0.0001724 (  perturbed bounds)
1 /   0.0001726 /   0.0001726 (unperturbed bounds)
Solve 1: Forcing phase 2 since near primal feasible with unperturbed costs
num / max / sum primal infeasiblitiles
1 /   0.0002072 /   0.0002072 (  perturbed bounds)
1 /   0.0002072 /   0.0002072 (unperturbed bounds)
Solve 1: Forcing phase 2 since near primal feasible with unperturbed costs
num / max / sum primal infeasiblitiles
1 /   0.0002208 /   0.0002208 (  perturbed bounds)
1 /    0.000221 /    0.000221 (unperturbed bounds)
Solve 1: Forcing phase 2 since near primal feasible with unperturbed costs
num / max / sum primal infeasiblitiles
1 /   0.0002674 /   0.0002674 (  perturbed bounds)
1 /   0.0002674 /   0.0002674 (unperturbed bounds)
Solve 1: Forcing phase 2 since near primal feasible with unperturbed costs
num / max / sum primal infeasiblitiles
1 /   0.0002946 /   0.0002946 (  perturbed bounds)
1 /   0.0002946 /   0.0002946 (unperturbed bounds)
Solve 1: Forcing phase 2 since near primal feasible with unperturbed costs
num / max / sum primal infeasiblitiles
1 /   0.0002382 /   0.0002382 (  perturbed bounds)
1 /   0.0002382 /   0.0002382 (unperturbed bounds)
Solve 1: Forcing phase 2 since near primal feasible with unperturbed costs
num / max / sum primal infeasiblitiles
1 /   0.0002568 /   0.0002568 (  perturbed bounds)
1 /   0.0002569 /   0.0002569 (unperturbed bounds)
Solve 1: Forcing phase 2 since near primal feasible with unperturbed costs
num / max / sum primal infeasiblitiles
1 /   0.0002207 /   0.0002207 (  perturbed bounds)
1 /   0.0002207 /   0.0002207 (unperturbed bounds)
Solve 1: Forcing phase 2 since near primal feasible with unperturbed costs
num / max / sum primal infeasiblitiles
1 /   0.0001297 /   0.0001297 (  perturbed bounds)
1 /   0.0001298 /   0.0001298 (unperturbed bounds)
Solve 1: Forcing phase 2 since near primal feasible with unperturbed costs
num / max / sum primal infeasiblitiles
1 /   3.759e-05 /   3.759e-05 (  perturbed bounds)
1 /   3.763e-05 /   3.763e-05 (unperturbed bounds)
Solve 1: Forcing phase 2 since near primal feasible with unperturbed costs
num / max / sum primal infeasiblitiles
1 /     0.00024 /     0.00024 (  perturbed bounds)
1 /   0.0002402 /   0.0002402 (unperturbed bounds)
Solve 1: Forcing phase 2 since near primal feasible with unperturbed costs
num / max / sum primal infeasiblitiles
1 /   0.0001493 /   0.0001493 (  perturbed bounds)
1 /   0.0001493 /   0.0001493 (unperturbed bounds)
Solve 1: Forcing phase 2 since near primal feasible with unperturbed costs
num / max / sum primal infeasiblitiles
1 /   0.0001313 /   0.0001313 (  perturbed bounds)
1 /   0.0001315 /   0.0001315 (unperturbed bounds)
Solve 1: Forcing phase 2 since near primal feasible with unperturbed costs
num / max / sum primal infeasiblitiles
1 /   3.768e-05 /   3.768e-05 (  perturbed bounds)
1 /   3.787e-05 /   3.787e-05 (unperturbed bounds)
Solve 1: Forcing phase 2 since near primal feasible with unperturbed costs
num / max / sum primal infeasiblitiles
1 /   1.275e-05 /   1.275e-05 (  perturbed bounds)
1 /   1.279e-05 /   1.279e-05 (unperturbed bounds)
Solve 1: Forcing phase 2 since near primal feasible with unperturbed costs
num / max / sum primal infeasiblitiles
1 /   0.0003101 /   0.0003101 (  perturbed bounds)
1 /   0.0003101 /   0.0003101 (unperturbed bounds)
Solve 1: Forcing phase 2 since near primal feasible with unperturbed costs
num / max / sum primal infeasiblitiles
1 /   0.0002123 /   0.0002123 (  perturbed bounds)
1 /   0.0002125 /   0.0002125 (unperturbed bounds)
Solve 1: Forcing phase 2 since near primal feasible with unperturbed costs
num / max / sum primal infeasiblitiles
1 /   8.907e-05 /   8.907e-05 (  perturbed bounds)
1 /    8.91e-05 /    8.91e-05 (unperturbed bounds)
Solve 1: Forcing phase 2 since near primal feasible with unperturbed costs
num / max / sum primal infeasiblitiles
1 /   0.0001543 /   0.0001543 (  perturbed bounds)
1 /   0.0001545 /   0.0001545 (unperturbed bounds)
Solve 1: Forcing phase 2 since near primal feasible with unperturbed costs
num / max / sum primal infeasiblitiles
1 /   5.374e-05 /   5.374e-05 (  perturbed bounds)
1 /    5.39e-05 /    5.39e-05 (unperturbed bounds)
Solve 1: Forcing phase 2 since near primal feasible with unperturbed costs
num / max / sum primal infeasiblitiles
1 /   0.0002197 /   0.0002197 (  perturbed bounds)
1 /   0.0002199 /   0.0002199 (unperturbed bounds)
Solve 1: Forcing phase 2 since near primal feasible with unperturbed costs
num / max / sum primal infeasiblitiles
1 /   0.0001934 /   0.0001934 (  perturbed bounds)
1 /   0.0001934 /   0.0001934 (unperturbed bounds)
Solve 1: Forcing phase 2 since near primal feasible with unperturbed costs
num / max / sum primal infeasiblitiles
1 /   0.0002646 /   0.0002646 (  perturbed bounds)
1 /   0.0002648 /   0.0002648 (unperturbed bounds)
Solve 1: Forcing phase 2 since near primal feasible with unperturbed costs
num / max / sum primal infeasiblitiles
2 /    0.000254 /   0.0002774 (  perturbed bounds)
2 /    0.000254 /   0.0002776 (unperturbed bounds)
Solve 1: Forcing phase 2 since near primal feasible with unperturbed costs
num / max / sum primal infeasiblitiles
1 /   0.0002944 /   0.0002944 (  perturbed bounds)
1 /   0.0002946 /   0.0002946 (unperturbed bounds)
Solve 1: Forcing phase 2 since near primal feasible with unperturbed costs
num / max / sum primal infeasiblitiles
1 /   0.0002954 /   0.0002954 (  perturbed bounds)
1 /   0.0002956 /   0.0002956 (unperturbed bounds)
Solve 1: Forcing phase 2 since near primal feasible with unperturbed costs
num / max / sum primal infeasiblitiles
1 /   0.0002864 /   0.0002864 (  perturbed bounds)
1 /   0.0002866 /   0.0002866 (unperturbed bounds)
Solve 1: Forcing phase 2 since near primal feasible with unperturbed costs
num / max / sum primal infeasiblitiles
1 /   0.0001408 /   0.0001408 (  perturbed bounds)
1 /    0.000141 /    0.000141 (unperturbed bounds)
Solve 1: Forcing phase 2 since near primal feasible with unperturbed costs
num / max / sum primal infeasiblitiles
1 /   0.0002906 /   0.0002906 (  perturbed bounds)
1 /   0.0002908 /   0.0002908 (unperturbed bounds)
Solve 1: Forcing phase 2 since near primal feasible with unperturbed costs
num / max / sum primal infeasiblitiles
1 /   0.0001656 /   0.0001656 (  perturbed bounds)
1 /   0.0001658 /   0.0001658 (unperturbed bounds)
Solve 1: Forcing phase 2 since near primal feasible with unperturbed costs
num / max / sum primal infeasiblitiles
1 /   0.0001855 /   0.0001855 (  perturbed bounds)
1 /   0.0001857 /   0.0001857 (unperturbed bounds)
Solve 1: Forcing phase 2 since near primal feasible with unperturbed costs
num / max / sum primal infeasiblitiles
1 /   0.0001176 /   0.0001176 (  perturbed bounds)
1 /   0.0001176 /   0.0001176 (unperturbed bounds)
Solve 1: Forcing phase 2 since near primal feasible with unperturbed costs
num / max / sum primal infeasiblitiles
1 /   0.0001824 /   0.0001824 (  perturbed bounds)
1 /   0.0001826 /   0.0001826 (unperturbed bounds)
Solve 1: Forcing phase 2 since near primal feasible with unperturbed costs
num / max / sum primal infeasiblitiles
1 /   6.258e-05 /   6.258e-05 (  perturbed bounds)
1 /   6.278e-05 /   6.278e-05 (unperturbed bounds)
Solve 1: Forcing phase 2 since near primal feasible with unperturbed costs
num / max / sum primal infeasiblitiles
1 /   2.213e-05 /   2.213e-05 (  perturbed bounds)
1 /   2.232e-05 /   2.232e-05 (unperturbed bounds)
Solve 1: Forcing phase 2 since near primal feasible with unperturbed costs
num / max / sum primal infeasiblitiles
1 /   0.0001326 /   0.0001326 (  perturbed bounds)
1 /   0.0001327 /   0.0001327 (unperturbed bounds)
Solve 1: Forcing phase 2 since near primal feasible with unperturbed costs
num / max / sum primal infeasiblitiles
1 /    0.000105 /    0.000105 (  perturbed bounds)
1 /   0.0001052 /   0.0001052 (unperturbed bounds)
Solve 1: Forcing phase 2 since near primal feasible with unperturbed costs
num / max / sum primal infeasiblitiles
1 /   0.0002752 /   0.0002752 (  perturbed bounds)
1 /   0.0002754 /   0.0002754 (unperturbed bounds)
Solve 1: Forcing phase 2 since near primal feasible with unperturbed costs
num / max / sum primal infeasiblitiles
1 /   0.0001316 /   0.0001316 (  perturbed bounds)
1 /   0.0001316 /   0.0001316 (unperturbed bounds)
Solve 1: Forcing phase 2 since near primal feasible with unperturbed costs
num / max / sum primal infeasiblitiles
1 /   6.589e-05 /   6.589e-05 (  perturbed bounds)
1 /   6.606e-05 /   6.606e-05 (unperturbed bounds)
Solve 1: Forcing phase 2 since near primal feasible with unperturbed costs
num / max / sum primal infeasiblitiles
1 /   0.0002613 /   0.0002613 (  perturbed bounds)
1 /   0.0002615 /   0.0002615 (unperturbed bounds)
Solve 1: Forcing phase 2 since near primal feasible with unperturbed costs
num / max / sum primal infeasiblitiles
1 /   0.0002542 /   0.0002542 (  perturbed bounds)
1 /   0.0002544 /   0.0002544 (unperturbed bounds)
Solve 1: Forcing phase 2 since near primal feasible with unperturbed costs
num / max / sum primal infeasiblitiles
1 /   0.0002797 /   0.0002797 (  perturbed bounds)
1 /   0.0002797 /   0.0002797 (unperturbed bounds)
Solve 1: Forcing phase 2 since near primal feasible with unperturbed costs
num / max / sum primal infeasiblitiles
1 /    0.000254 /    0.000254 (  perturbed bounds)
1 /    0.000254 /    0.000254 (unperturbed bounds)
Solve 1: Forcing phase 2 since near primal feasible with unperturbed costs
num / max / sum primal infeasiblitiles
1 /   8.889e-05 /   8.889e-05 (  perturbed bounds)
1 /   8.892e-05 /   8.892e-05 (unperturbed bounds)
Solve 1: Forcing phase 2 since near primal feasible with unperturbed costs
num / max / sum primal infeasiblitiles
1 /   0.0002762 /   0.0002762 (  perturbed bounds)
1 /   0.0002762 /   0.0002762 (unperturbed bounds)
Solve 1: Forcing phase 2 since near primal feasible with unperturbed costs
num / max / sum primal infeasiblitiles
1 /   0.0002239 /   0.0002239 (  perturbed bounds)
1 /   0.0002241 /   0.0002241 (unperturbed bounds)
Solve 1: Forcing phase 2 since near primal feasible with unperturbed costs
num / max / sum primal infeasiblitiles
1 /   0.0001226 /   0.0001226 (  perturbed bounds)
1 /   0.0001228 /   0.0001228 (unperturbed bounds)
Solve 1: Forcing phase 2 since near primal feasible with unperturbed costs
num / max / sum primal infeasiblitiles
1 /   0.0002665 /   0.0002665 (  perturbed bounds)
1 /   0.0002666 /   0.0002666 (unperturbed bounds)
Solve 1: Forcing phase 2 since near primal feasible with unperturbed costs
num / max / sum primal infeasiblitiles
1 /   3.537e-05 /   3.537e-05 (  perturbed bounds)
1 /    3.54e-05 /    3.54e-05 (unperturbed bounds)
Solve 1: Forcing phase 2 since near primal feasible with unperturbed costs
num / max / sum primal infeasiblitiles
1 /   0.0002115 /   0.0002115 (  perturbed bounds)
1 /   0.0002117 /   0.0002117 (unperturbed bounds)
Solve 1: Forcing phase 2 since near primal feasible with unperturbed costs
num / max / sum primal infeasiblitiles
1 /   0.0001261 /   0.0001261 (  perturbed bounds)
1 /   0.0001263 /   0.0001263 (unperturbed bounds)
Solve 1: Forcing phase 2 since near primal feasible with unperturbed costs
num / max / sum primal infeasiblitiles
2 /   0.0001773 /   0.0003102 (  perturbed bounds)
2 /   0.0001775 /   0.0003104 (unperturbed bounds)
Solve 1: Forcing phase 2 since near primal feasible with unperturbed costs
num / max / sum primal infeasiblitiles
1 /   0.0002288 /   0.0002288 (  perturbed bounds)
1 /    0.000229 /    0.000229 (unperturbed bounds)
Solve 1: Forcing phase 2 since near primal feasible with unperturbed costs
num / max / sum primal infeasiblitiles
1 /   0.0002971 /   0.0002971 (  perturbed bounds)
1 /   0.0002971 /   0.0002971 (unperturbed bounds)
Solve 1: Forcing phase 2 since near primal feasible with unperturbed costs
num / max / sum primal infeasiblitiles
1 /   0.0002064 /   0.0002064 (  perturbed bounds)
1 /   0.0002064 /   0.0002064 (unperturbed bounds)
Solve 1: Forcing phase 2 since near primal feasible with unperturbed costs
num / max / sum primal infeasiblitiles
1 /   0.0002906 /   0.0002906 (  perturbed bounds)
1 /   0.0002908 /   0.0002908 (unperturbed bounds)
Solve 1: Forcing phase 2 since near primal feasible with unperturbed costs
num / max / sum primal infeasiblitiles
1 /   0.0001157 /   0.0001157 (  perturbed bounds)
1 /   0.0001159 /   0.0001159 (unperturbed bounds)
Solve 1: Forcing phase 2 since near primal feasible with unperturbed costs
num / max / sum primal infeasiblitiles
1 /   0.0002957 /   0.0002957 (  perturbed bounds)
1 /   0.0002959 /   0.0002959 (unperturbed bounds)
Solve 1: Forcing phase 2 since near primal feasible with unperturbed costs
num / max / sum primal infeasiblitiles
1 /   3.804e-05 /   3.804e-05 (  perturbed bounds)
1 /   3.823e-05 /   3.823e-05 (unperturbed bounds)
Solve 1: Forcing phase 2 since near primal feasible with unperturbed costs
num / max / sum primal infeasiblitiles
1 /   0.0001834 /   0.0001834 (  perturbed bounds)
1 /   0.0001836 /   0.0001836 (unperturbed bounds)
Solve 1: Forcing phase 2 since near primal feasible with unperturbed costs
num / max / sum primal infeasiblitiles
1 /   0.0002538 /   0.0002538 (  perturbed bounds)
1 /   0.0002539 /   0.0002539 (unperturbed bounds)
Solve 1: Forcing phase 2 since near primal feasible with unperturbed costs
num / max / sum primal infeasiblitiles
1 /   0.0001255 /   0.0001255 (  perturbed bounds)
1 /   0.0001256 /   0.0001256 (unperturbed bounds)
Solve 1: Forcing phase 2 since near primal feasible with unperturbed costs
num / max / sum primal infeasiblitiles
1 /   0.0002894 /   0.0002894 (  perturbed bounds)
1 /   0.0002896 /   0.0002896 (unperturbed bounds)
Solve 1: Forcing phase 2 since near primal feasible with unperturbed costs
num / max / sum primal infeasiblitiles
1 /   0.0002831 /   0.0002831 (  perturbed bounds)
1 /   0.0002833 /   0.0002833 (unperturbed bounds)
Solve 1: Forcing phase 2 since near primal feasible with unperturbed costs
num / max / sum primal infeasiblitiles
1 /   8.784e-05 /   8.784e-05 (  perturbed bounds)
1 /   8.786e-05 /   8.786e-05 (unperturbed bounds)
Solve 1: Forcing phase 2 since near primal feasible with unperturbed costs
num / max / sum primal infeasiblitiles
1 /   0.0002658 /   0.0002658 (  perturbed bounds)
1 /   0.0002658 /   0.0002658 (unperturbed bounds)
Solve 1: Forcing phase 2 since near primal feasible with unperturbed costs
num / max / sum primal infeasiblitiles
1 /   0.0002401 /   0.0002401 (  perturbed bounds)
1 /   0.0002402 /   0.0002402 (unperturbed bounds)
Solve 1: Forcing phase 2 since near primal feasible with unperturbed costs
num / max / sum primal infeasiblitiles
1 /   3.442e-05 /   3.442e-05 (  perturbed bounds)
1 /   3.446e-05 /   3.446e-05 (unperturbed bounds)
Solve 1: Forcing phase 2 since near primal feasible with unperturbed costs
num / max / sum primal infeasiblitiles
1 /   0.0001534 /   0.0001534 (  perturbed bounds)
1 /   0.0001535 /   0.0001535 (unperturbed bounds)
Solve 1: Forcing phase 2 since near primal feasible with unperturbed costs
num / max / sum primal infeasiblitiles
1 /   0.0002569 /   0.0002569 (  perturbed bounds)
1 /   0.0002569 /   0.0002569 (unperturbed bounds)
Solve 1: Forcing phase 2 since near primal feasible with unperturbed costs
num / max / sum primal infeasiblitiles
1 /   5.851e-05 /   5.851e-05 (  perturbed bounds)
1 /   5.869e-05 /   5.869e-05 (unperturbed bounds)
Solve 1: Forcing phase 2 since near primal feasible with unperturbed costs
num / max / sum primal infeasiblitiles
1 /   6.524e-05 /   6.524e-05 (  perturbed bounds)
1 /   6.528e-05 /   6.528e-05 (unperturbed bounds)
Solve 1: Forcing phase 2 since near primal feasible with unperturbed costs
num / max / sum primal infeasiblitiles
1 /   8.612e-05 /   8.612e-05 (  perturbed bounds)
1 /   8.632e-05 /   8.632e-05 (unperturbed bounds)
Solve 1: Forcing phase 2 since near primal feasible with unperturbed costs
num / max / sum primal infeasiblitiles
1 /    0.000176 /    0.000176 (  perturbed bounds)
1 /   0.0001761 /   0.0001761 (unperturbed bounds)
Solve 1: Forcing phase 2 since near primal feasible with unperturbed costs
num / max / sum primal infeasiblitiles
1 /   4.044e-05 /   4.044e-05 (  perturbed bounds)
1 /   4.062e-05 /   4.062e-05 (unperturbed bounds)
Solve 1: Forcing phase 2 since near primal feasible with unperturbed costs
num / max / sum primal infeasiblitiles
1 /   1.624e-05 /   1.624e-05 (  perturbed bounds)
1 /   1.644e-05 /   1.644e-05 (unperturbed bounds)
Solve 1: Forcing phase 2 since near primal feasible with unperturbed costs
num / max / sum primal infeasiblitiles
1 /   0.0002358 /   0.0002358 (  perturbed bounds)
1 /    0.000236 /    0.000236 (unperturbed bounds)
Solve 1: Forcing phase 2 since near primal feasible with unperturbed costs
num / max / sum primal infeasiblitiles
1 /    0.000118 /    0.000118 (  perturbed bounds)
1 /    0.000118 /    0.000118 (unperturbed bounds)
Solve 1: Forcing phase 2 since near primal feasible with unperturbed costs
num / max / sum primal infeasiblitiles
1 /   0.0001003 /   0.0001003 (  perturbed bounds)
1 /   0.0001004 /   0.0001004 (unperturbed bounds)
Solve 1: Forcing phase 2 since near primal feasible with unperturbed costs
num / max / sum primal infeasiblitiles
1 /   8.604e-05 /   8.604e-05 (  perturbed bounds)
1 /   8.623e-05 /   8.623e-05 (unperturbed bounds)
Solve 1: Forcing phase 2 since near primal feasible with unperturbed costs
num / max / sum primal infeasiblitiles
1 /   0.0001211 /   0.0001211 (  perturbed bounds)
1 /   0.0001211 /   0.0001211 (unperturbed bounds)
Solve 1: Forcing phase 2 since near primal feasible with unperturbed costs
num / max / sum primal infeasiblitiles
1 /   0.0001886 /   0.0001886 (  perturbed bounds)
1 /   0.0001887 /   0.0001887 (unperturbed bounds)
Solve 1: Forcing phase 2 since near primal feasible with unperturbed costs
num / max / sum primal infeasiblitiles
1 /   0.0002851 /   0.0002851 (  perturbed bounds)
1 /   0.0002851 /   0.0002851 (unperturbed bounds)
Solve 1: Forcing phase 2 since near primal feasible with unperturbed costs
num / max / sum primal infeasiblitiles
1 /   0.0002859 /   0.0002859 (  perturbed bounds)
1 /    0.000286 /    0.000286 (unperturbed bounds)
Solve 1: Forcing phase 2 since near primal feasible with unperturbed costs
num / max / sum primal infeasiblitiles
1 /   0.0001362 /   0.0001362 (  perturbed bounds)
1 /   0.0001364 /   0.0001364 (unperturbed bounds)
Solve 1: Forcing phase 2 since near primal feasible with unperturbed costs
num / max / sum primal infeasiblitiles
1 /   0.0002243 /   0.0002243 (  perturbed bounds)
1 /   0.0002243 /   0.0002243 (unperturbed bounds)
Solve 1: Forcing phase 2 since near primal feasible with unperturbed costs
num / max / sum primal infeasiblitiles
1 /   0.0002349 /   0.0002349 (  perturbed bounds)
1 /   0.0002351 /   0.0002351 (unperturbed bounds)
Solve 1: Forcing phase 2 since near primal feasible with unperturbed costs
num / max / sum primal infeasiblitiles
1 /   0.0001716 /   0.0001716 (  perturbed bounds)
1 /   0.0001718 /   0.0001718 (unperturbed bounds)
Solve 1: Forcing phase 2 since near primal feasible with unperturbed costs
num / max / sum primal infeasiblitiles
1 /   0.0002629 /   0.0002629 (  perturbed bounds)
1 /   0.0002631 /   0.0002631 (unperturbed bounds)
Solve 1: Forcing phase 2 since near primal feasible with unperturbed costs
num / max / sum primal infeasiblitiles
1 /   0.0002926 /   0.0002926 (  perturbed bounds)
1 /   0.0002927 /   0.0002927 (unperturbed bounds)
Solve 1: Forcing phase 2 since near primal feasible with unperturbed costs
num / max / sum primal infeasiblitiles
1 /   0.0001623 /   0.0001623 (  perturbed bounds)
1 /   0.0001625 /   0.0001625 (unperturbed bounds)
Solve 1: Forcing phase 2 since near primal feasible with unperturbed costs
num / max / sum primal infeasiblitiles
1 /   0.0001962 /   0.0001962 [ 1928.1s]   [q56] 1863/2000
(  perturbed bounds)
1 /   0.0001964 /   0.0001964 (unperturbed bounds)
Solve 1: Forcing phase 2 since near primal feasible with unperturbed costs
num / max / sum primal infeasiblitiles
1 /   0.0002109 /   0.0002109 (  perturbed bounds)
1 /    0.000211 /    0.000211 (unperturbed bounds)
Solve 1: Forcing phase 2 since near primal feasible with unperturbed costs
num / max / sum primal infeasiblitiles
1 /   1.974e-05 /   1.974e-05 (  perturbed bounds)
1 /   1.993e-05 /   1.993e-05 (unperturbed bounds)
Solve 1: Forcing phase 2 since near primal feasible with unperturbed costs
num / max / sum primal infeasiblitiles
1 /   0.0002267 /   0.0002267 (  perturbed bounds)
1 /   0.0002269 /   0.0002269 (unperturbed bounds)
Solve 1: Forcing phase 2 since near primal feasible with unperturbed costs
num / max / sum primal infeasiblitiles
1 /   0.0002509 /   0.0002509 (  perturbed bounds)
1 /   0.0002511 /   0.0002511 (unperturbed bounds)
Solve 1: Forcing phase 2 since near primal feasible with unperturbed costs
num / max / sum primal infeasiblitiles
1 /   0.0001379 /   0.0001379 (  perturbed bounds)
1 /   0.0001381 /   0.0001381 (unperturbed bounds)
Solve 1: Forcing phase 2 since near primal feasible with unperturbed costs
num / max / sum primal infeasiblitiles
1 /   0.0002408 /   0.0002408 (  perturbed bounds)
1 /   0.0002408 /   0.0002408 (unperturbed bounds)
Solve 1: Forcing phase 2 since near primal feasible with unperturbed costs
num / max / sum primal infeasiblitiles
1 /     0.00023 /     0.00023 (  perturbed bounds)
1 /   0.0002302 /   0.0002302 (unperturbed bounds)
Solve 1: Forcing phase 2 since near primal feasible with unperturbed costs
num / max / sum primal infeasiblitiles
1 /     0.00023 /     0.00023 (  perturbed bounds)
1 /   0.0002302 /   0.0002302 (unperturbed bounds)
Solve 1: Forcing phase 2 since near primal feasible with unperturbed costs
num / max / sum primal infeasiblitiles
1 /   0.0001608 /   0.0001608 (  perturbed bounds)
1 /    0.000161 /    0.000161 (unperturbed bounds)
Solve 1: Forcing phase 2 since near primal feasible with unperturbed costs
num / max / sum primal infeasiblitiles
1 /   0.0001724 /   0.0001724 (  perturbed bounds)
1 /   0.0001726 /   0.0001726 (unperturbed bounds)
Solve 1: Forcing phase 2 since near primal feasible with unperturbed costs
num / max / sum primal infeasiblitiles
1 /   0.0002186 /   0.0002186 (  perturbed bounds)
1 /   0.0002188 /   0.0002188 (unperturbed bounds)
Solve 1: Forcing phase 2 since near primal feasible with unperturbed costs
num / max / sum primal infeasiblitiles
1 /   0.0003011 /   0.0003011 (  perturbed bounds)
1 /   0.0003012 /   0.0003012 (unperturbed bounds)
Solve 1: Forcing phase 2 since near primal feasible with unperturbed costs
num / max / sum primal infeasiblitiles
1 /   0.0001494 /   0.0001494 (  perturbed bounds)
1 /   0.0001496 /   0.0001496 (unperturbed bounds)
Solve 1: Forcing phase 2 since near primal feasible with unperturbed costs
num / max / sum primal infeasiblitiles
1 /    0.000276 /    0.000276 (  perturbed bounds)
1 /   0.0002762 /   0.0002762 (unperturbed bounds)
Solve 1: Forcing phase 2 since near primal feasible with unperturbed costs
num / max / sum primal infeasiblitiles
1 /   0.0003048 /   0.0003048 (  perturbed bounds)
1 /   0.0003048 /   0.0003048 (unperturbed bounds)
Solve 1: Forcing phase 2 since near primal feasible with unperturbed costs
num / max / sum primal infeasiblitiles
2 /   0.0003059 /   0.0005239 (  perturbed bounds)
2 /   0.0003061 /   0.0005241 (unperturbed bounds)
Solve 1: Forcing phase 2 since near primal feasible with unperturbed costs
num / max / sum primal infeasiblitiles
1 /   5.129e-05 /   5.129e-05 (  perturbed bounds)
1 /   5.148e-05 /   5.148e-05 (unperturbed bounds)
Solve 1: Forcing phase 2 since near primal feasible with unperturbed costs
num / max / sum primal infeasiblitiles
1 /   0.0001812 /   0.0001812 (  perturbed bounds)
1 /   0.0001812 /   0.0001812 (unperturbed bounds)
Solve 1: Forcing phase 2 since near primal feasible with unperturbed costs
num / max / sum primal infeasiblitiles
1 /   0.0001655 /   0.0001655 (  perturbed bounds)
1 /   0.0001655 /   0.0001655 (unperturbed bounds)
Solve 1: Forcing phase 2 since near primal feasible with unperturbed costs
num / max / sum primal infeasiblitiles
1 /   0.0001415 /   0.0001415 (  perturbed bounds)
1 /   0.0001415 /   0.0001415 (unperturbed bounds)
Solve 1: Forcing phase 2 since near primal feasible with unperturbed costs
num / max / sum primal infeasiblitiles
1 /   0.0002786 /   0.0002786 (  perturbed bounds)
1 /   0.0002788 /   0.0002788 (unperturbed bounds)
Solve 1: Forcing phase 2 since near primal feasible with unperturbed costs
num / max / sum primal infeasiblitiles
1 /   0.0001841 /   0.0001841 (  perturbed bounds)
1 /   0.0001841 /   0.0001841 (unperturbed bounds)
Solve 1: Forcing phase 2 since near primal feasible with unperturbed costs
num / max / sum primal infeasiblitiles
1 /   0.0001498 /   0.0001498 (  perturbed bounds)
1 /   0.0001498 /   0.0001498 (unperturbed bounds)
Solve 1: Forcing phase 2 since near primal feasible with unperturbed costs
num / max / sum primal infeasiblitiles
1 /   0.0002191 /   0.0002191 (  perturbed bounds)
1 /   0.0002193 /   0.0002193 (unperturbed bounds)
Solve 1: Forcing phase 2 since near primal feasible with unperturbed costs
num / max / sum primal infeasiblitiles
1 /   0.0003024 /   0.0003024 (  perturbed bounds)
1 /   0.0003024 /   0.0003024 (unperturbed bounds)
Solve 1: Forcing phase 2 since near primal feasible with unperturbed costs
num / max / sum primal infeasiblitiles
1 /   1.905e-05 /   1.905e-05 (  perturbed bounds)
1 /   1.908e-05 /   1.908e-05 (unperturbed bounds)
Solve 1: Forcing phase 2 since near primal feasible with unperturbed costs
num / max / sum primal infeasiblitiles
1 /   0.0001533 /   0.0001533 (  perturbed bounds)
1 /   0.0001535 /   0.0001535 (unperturbed bounds)
Solve 1: Forcing phase 2 since near primal feasible with unperturbed costs
num / max / sum primal infeasiblitiles
1 /   0.0002509 /   0.0002509 (  perturbed bounds)
1 /   0.0002511 /   0.0002511 (unperturbed bounds)
Solve 1: Forcing phase 2 since near primal feasible with unperturbed costs
num / max / sum primal infeasiblitiles
1 /    0.000227 /    0.000227 (  perturbed bounds)
1 /   0.0002272 /   0.0002272 (unperturbed bounds)
Solve 1: Forcing phase 2 since near primal feasible with unperturbed costs
num / max / sum primal infeasiblitiles
1 /   0.0002762 /   0.0002762 (  perturbed bounds)
1 /   0.0002762 /   0.0002762 (unperturbed bounds)
Solve 1: Forcing phase 2 since near primal feasible with unperturbed costs
num / max / sum primal infeasiblitiles
1 /   0.0002214 /   0.0002214 (  perturbed bounds)
1 /   0.0002214 /   0.0002214 (unperturbed bounds)
Solve 1: Forcing phase 2 since near primal feasible with unperturbed costs
num / max / sum primal infeasiblitiles
1 /   0.0002278 /   0.0002278 (  perturbed bounds)
1 /   0.0002278 /   0.0002278 (unperturbed bounds)
Solve 1: Forcing phase 2 since near primal feasible with unperturbed costs
num / max / sum primal infeasiblitiles
1 /   5.135e-05 /   5.135e-05 (  perturbed bounds)
1 /   5.139e-05 /   5.139e-05 (unperturbed bounds)
Solve 1: Forcing phase 2 since near primal feasible with unperturbed costs
num / max / sum primal infeasiblitiles
1 /     0.00023 /     0.00023 (  perturbed bounds)
1 /   0.0002302 /   0.0002302 (unperturbed bounds)
Solve 1: Forcing phase 2 since near primal feasible with unperturbed costs
num / max / sum primal infeasiblitiles
1 /    0.000192 /    0.000192 (  perturbed bounds)
1 /   0.0001921 /   0.0001921 (unperturbed bounds)
Solve 1: Forcing phase 2 since near primal feasible with unperturbed costs
num / max / sum primal infeasiblitiles
1 /   0.0001293 /   0.0001293 (  perturbed bounds)
1 /   0.0001294 /   0.0001294 (unperturbed bounds)
Solve 1: Forcing phase 2 since near primal feasible with unperturbed costs
num / max / sum primal infeasiblitiles
1 /    0.000196 /    0.000196 (  perturbed bounds)
1 /   0.0001962 /   0.0001962 (unperturbed bounds)
Solve 1: Forcing phase 2 since near primal feasible with unperturbed costs
num / max / sum primal infeasiblitiles
1 /   0.000250[ 2048.1s]   QUANTUM n=56: N=2000 mean=9.851 sd=1.018 skew=+0.2204+-0.055 exkurt=+0.075  [z_TW -0.07  z_Plan -2.25  z_0 +4.02]
[ 2048.1s] classical n=56: 300 paths
[ 2121.9s]   CLASSICAL n=56: N=300 mean=10.187 sd=1.116 skew=+0.2180+-0.141 exkurt=-0.090
[ 2121.9s] quantum n=64: 700 paths
9 /   0.0002509 (  perturbed bounds)
1 /   0.0002511 /   0.0002511 (unperturbed bounds)
Solve 1: Forcing phase 2 since near primal feasible with unperturbed costs
num / max / sum primal infeasiblitiles
1 /   0.0001021 /   0.0001021 (  perturbed bounds)
1 /   0.0001023 /   0.0001023 (unperturbed bounds)
Solve 1: Forcing phase 2 since near primal feasible with unperturbed costs
num / max / sum primal infeasiblitiles
1 /   4.443e-05 /   4.443e-05 (  perturbed bounds)
1 /   4.446e-05 /   4.446e-05 (unperturbed bounds)
Solve 1: Forcing phase 2 since near primal feasible with unperturbed costs
num / max / sum primal infeasiblitiles
1 /   2.327e-05 /   2.327e-05 (  perturbed bounds)
1 /   2.347e-05 /   2.347e-05 (unperturbed bounds)
Solve 1: Forcing phase 2 since near primal feasible with unperturbed costs
num / max / sum primal infeasiblitiles
1 /   0.0001318 /   0.0001318 (  perturbed bounds)
1 /    0.000132 /    0.000132 (unperturbed bounds)
Solve 1: Forcing phase 2 since near primal feasible with unperturbed costs
num / max / sum primal infeasiblitiles
1 /   0.0002426 /   0.0002426 (  perturbed bounds)
1 /   0.0002428 /   0.0002428 (unperturbed bounds)
Solve 1: Forcing phase 2 since near primal feasible with unperturbed costs
num / max / sum primal infeasiblitiles
1 /   0.0001955 /   0.0001955 (  perturbed bounds)
1 /   0.0001955 /   0.0001955 (unperturbed bounds)
Solve 1: Forcing phase 2 since near primal feasible with unperturbed costs
num / max / sum primal infeasiblitiles
1 /   0.0002278 /   0.0002278 (  perturbed bounds)
1 /   0.0002278 /   0.0002278 (unperturbed bounds)
Solve 1: Forcing phase 2 since near primal feasible with unperturbed costs
num / max / sum primal infeasiblitiles
1 /   0.0001302 /   0.0001302 (  perturbed bounds)
1 /   0.0001304 /   0.0001304 (unperturbed bounds)
Solve 1: Forcing phase 2 since near primal feasible with unperturbed costs
num / max / sum primal infeasiblitiles
1 /    9.36e-05 /    9.36e-05 (  perturbed bounds)
1 /   9.363e-05 /   9.363e-05 (unperturbed bounds)
Solve 1: Forcing phase 2 since near primal feasible with unperturbed costs
num / max / sum primal infeasiblitiles
1 /   0.0001821 /   0.0001821 (  perturbed bounds)
1 /   0.0001822 /   0.0001822 (unperturbed bounds)
Solve 1: Forcing phase 2 since near primal feasible with unperturbed costs
num / max / sum primal infeasiblitiles
1 /   0.0001871 /   0.0001871 (  perturbed bounds)
1 /   0.0001873 /   0.0001873 (unperturbed bounds)
Solve 1: Forcing phase 2 since near primal feasible with unperturbed costs
num / max / sum primal infeasiblitiles
1 /   0.0002497 /   0.0002497 (  perturbed bounds)
1 /   0.0002499 /   0.0002499 (unperturbed bounds)
Solve 1: Forcing phase 2 since near primal feasible with unperturbed costs
num / max / sum primal infeasiblitiles
1 /   0.0001698 /   0.0001698 (  perturbed bounds)
1 /     0.00017 /     0.00017 (unperturbed bounds)
Solve 1: Forcing phase 2 since near primal feasible with unperturbed costs
num / max / sum primal infeasiblitiles
1 /   0.0002415 /   0.0002415 (  perturbed bounds)
1 /   0.0002415 /   0.0002415 (unperturbed bounds)
Solve 1: Forcing phase 2 since near primal feasible with unperturbed costs
num / max / sum primal infeasiblitiles
1 /   7.575e-05 /   7.575e-05 (  perturbed bounds)
1 /   7.594e-05 /   7.594e-05 (unperturbed bounds)
Solve 1: Forcing phase 2 since near primal feasible with unperturbed costs
num / max / sum primal infeasiblitiles
1 /   8.996e-05 /   8.996e-05 (  perturbed bounds)
1 /   9.015e-05 /   9.015e-05 (unperturbed bounds)
Solve 1: Forcing phase 2 since near primal feasible with unperturbed costs
num / max / sum primal infeasiblitiles
1 /   0.0001022 /   0.0001022 (  perturbed bounds)
1 /   0.0001024 /   0.0001024 (unperturbed bounds)
Solve 1: Forcing phase 2 since near primal feasible with unperturbed costs
num / max / sum primal infeasiblitiles
1 /   0.0002887 /   0.0002887 (  perturbed bounds)
1 /   0.0002889 /   0.0002889 (unperturbed bounds)
Solve 1: Forcing phase 2 since near primal feasible with unperturbed costs
num / max / sum primal infeasiblitiles
1 /   0.0002992 /   0.0002992 (  perturbed bounds)
1 /   0.0002994 /   0.0002994 (unperturbed bounds)
Solve 1: Forcing phase 2 since near primal feasible with unperturbed costs
num / max / sum primal infeasiblitiles
1 /   0.0002192 /   0.0002192 (  perturbed bounds)
1 /   0.0002192 /   0.0002192 (unperturbed bounds)
Solve 1: Forcing phase 2 since near primal feasible with unperturbed costs
num / max / sum primal infeasiblitiles
1 /   7.377e-05 /   7.377e-05 (  perturbed bounds)
1 /   7.397e-05 /   7.397e-05 (unperturbed bounds)
Solve 1: Forcing phase 2 since near primal feasible with unperturbed costs
num / max / sum primal infeasiblitiles
1 /    3.86e-05 /    3.86e-05 (  perturbed bounds)
1 /   3.863e-05 /   3.863e-05 (unperturbed bounds)
Solve 1: Forcing phase 2 since near primal feasible with unperturbed costs
num / max / sum primal infeasiblitiles
1 /   8.672e-05 /   8.672e-05 (  perturbed bounds)
1 /   8.691e-05 /   8.691e-05 (unperturbed bounds)
Solve 1: Forcing phase 2 since near primal feasible with unperturbed costs
num / max / sum primal infeasiblitiles
1 /   0.0002992 /   0.0002992 (  perturbed bounds)
1 /   0.0002994 /   0.0002994 (unperturbed bounds)
Solve 1: Forcing phase 2 since near primal feasible with unperturbed costs
num / max / sum primal infeasiblitiles
1 /   0.0001942 /   0.0001942 (  perturbed bounds)
1 /   0.0001942 /   0.0001942 (unperturbed bounds)
Solve 1: Forcing phase 2 since near primal feasible with unperturbed costs
num / max / sum primal infeasiblitiles
1 /   1.587e-05 /   1.587e-05 (  perturbed bounds)
1 /   1.606e-05 /   1.606e-05 (unperturbed bounds)
Solve 1: Forcing phase 2 since near primal feasible with unperturbed costs
num / max / sum primal infeasiblitiles
1 /   7.973e-05 /   7.973e-05 (  perturbed bounds)
1 /   7.992e-05 /   7.992e-05 (unperturbed bounds)
Solve 1: Forcing phase 2 since near primal feasible with unperturbed costs
num / max / sum primal infeasiblitiles
1 /   0.0003025 /   0.0003025 (  perturbed bounds)
1 /   0.0003027 /   0.0003027 (unperturbed bounds)
Solve 1: Forcing phase 2 since near primal feasible with unperturbed costs
num / max / sum primal infeasiblitiles
1 /   0.0002131 /   0.0002131 (  perturbed bounds)
1 /   0.0002132 /   0.0002132 (unperturbed bounds)
Solve 1: Forcing phase 2 since near primal feasible with unperturbed costs
num / max / sum primal infeasiblitiles
1 /   7.523e-05 /   7.523e-05 (  perturbed bounds)
1 /   7.542e-05 /   7.542e-05 (unperturbed bounds)
Solve 1: Forcing phase 2 since near primal feasible with unperturbed costs
num / max / sum primal infeasiblitiles
1 /   0.0002999 /   0.0002999 (  perturbed bounds)
1 /   0.0003001 /   0.0003001 (unperturbed bounds)
Solve 1: Forcing phase 2 since near primal feasible with unperturbed costs
num / max / sum primal infeasiblitiles
1 /   0.0001709 /   0.0001709 (  perturbed bounds)
1 /    0.000171 /    0.000171 (unperturbed bounds)
Solve 1: Forcing phase 2 since near primal feasible with unperturbed costs
num / max / sum primal infeasiblitiles
1 /   0.0001777 /   0.0001777 (  perturbed bounds)
1 /   0.0001778 /   0.0001778 (unperturbed bounds)
Solve 1: Forcing phase 2 since near primal feasible with unperturbed costs
num / max / sum primal infeasiblitiles
1 /   0.0001206 /   0.0001206 (  perturbed bounds)
1 /   0.0001208 /   0.0001208 (unperturbed bounds)
Solve 1: Forcing phase 2 since near primal feasible with unperturbed costs
num / max / sum primal infeasiblitiles
1 /   0.0001337 /   0.0001337 (  perturbed bounds)
1 /   0.0001337 /   0.0001337 (unperturbed bounds)
Solve 1: Forcing phase 2 since near primal feasible with unperturbed costs
num / max / sum primal infeasiblitiles
1 /   0.0001084 /   0.0001084 (  perturbed bounds)
1 /   0.0001085 /   0.0001085 (unperturbed bounds)
Solve 1: Forcing phase 2 since near primal feasible with unperturbed costs
num / max / sum primal infeasiblitiles
1 /   0.0002408 /   0.0002408 (  perturbed bounds)
1 /   0.0002408 /   0.0002408 (unperturbed bounds)
Solve 1: Forcing phase 2 since near primal feasible with unperturbed costs
num / max / sum primal infeasiblitiles
1 /   2.374e-06 /   2.374e-06 (  perturbed bounds)
1 /   2.409e-06 /   2.409e-06 (unperturbed bounds)
Solve 1: Forcing phase 2 since near primal feasible with unperturbed costs
num / max / sum primal infeasiblitiles
1 /   0.0001268 /   0.0001268 (  perturbed bounds)
1 /    0.000127 /    0.000127 (unperturbed bounds)
Solve 1: Forcing phase 2 since near primal feasible with unperturbed costs
num / max / sum primal infeasiblitiles
1 /   0.0001787 /   0.0001787 (  perturbed bounds)
1 /   0.0001787 /   0.0001787 (unperturbed bounds)
Solve 1: Forcing phase 2 since near primal feasible with unperturbed costs
num / max / sum primal infeasiblitiles
1 /   4.906e-05 /   4.906e-05 (  perturbed bounds)
1 /   4.924e-05 /   4.924e-05 (unperturbed bounds)
Solve 1: Forcing phase 2 since near primal feasible with unperturbed costs
num / max / sum primal infeasiblitiles
1 /   0.0001489 /   0.0001489 (  perturbed bounds)
1 /   0.0001489 /   0.0001489 (unperturbed bounds)
Solve 1: Forcing phase 2 since near primal feasible with unperturbed costs
num / max / sum primal infeasiblitiles
1 /   0.0002205 /   0.0002205 (  perturbed bounds)
1 /   0.0002207 /   0.0002207 (unperturbed bounds)
Solve 1: Forcing phase 2 since near primal feasible with unperturbed costs
num / max / sum primal infeasiblitiles
1 /   0.0001106 /   0.0001106 (  perturbed bounds)
1 /   0.0001108 /   0.0001108 (unperturbed bounds)
Solve 1: Forcing phase 2 since near primal feasible with unperturbed costs
num / max / sum primal infeasiblitiles
1 /   0.0001151 /   0.0001151 (  perturbed bounds)
1 /   0.0001151 /   0.0001151 (unperturbed bounds)
Solve 1: Forcing phase 2 since near primal feasible with unperturbed costs
num / max / sum primal infeasiblitiles
1 /   4.095e-05 /   4.095e-05 (  perturbed bounds)
1 /   4.115e-05 /   4.115e-05 (unperturbed bounds)
Solve 1: Forcing phase 2 since near primal feasible with unperturbed costs
num / max / sum primal infeasiblitiles
1 /   0.0002778 /   0.0002778 (  perturbed bounds)
1 /    0.000278 /    0.000278 (unperturbed bounds)
Solve 1: Forcing phase 2 since near primal feasible with unperturbed costs
num / max / sum primal infeasiblitiles
1 /   0.0002168 /   0.0002168 (  perturbed bounds)
1 /    0.000217 /    0.000217 (unperturbed bounds)
Solve 1: Forcing phase 2 since near primal feasible with unperturbed costs
num / max / sum primal infeasiblitiles
1 /   0.0002232 /   0.0002232 (  perturbed bounds)
1 /   0.0002234 /   0.0002234 (unperturbed bounds)
Solve 1: Forcing phase 2 since near primal feasible with unperturbed costs
num / max / sum primal infeasiblitiles
1 /   0.0001283 /   0.0001283 (  perturbed bounds)
1 /   0.0001285 /   0.0001285 (unperturbed bounds)
Solve 1: Forcing phase 2 since near primal feasible with unperturbed costs
num / max / sum primal infeasiblitiles
1 /   0.0002281 /   0.0002281 (  perturbed bounds)
1 /   0.0002282 /   0.0002282 (unperturbed bounds)
Solve 1: Forcing phase 2 since near primal feasible with unperturbed costs
num / max / sum primal infeasiblitiles
1 /   9.509e-05 /   9.509e-05 (  perturbed bounds)
1 /   9.525e-05 /   9.525e-05 (unperturbed bounds)
Solve 1: Forcing phase 2 since near primal feasible with unperturbed costs
num / max / sum primal infeasiblitiles
1 /   0.0001124 /   0.0001124 (  perturbed bounds)
1 /   0.0001126 /   0.0001126 (unperturbed bounds)
Solve 1: Forcing phase 2 since near primal feasible with unperturbed costs
num / max / sum primal infeasiblitiles
1 /   0.0001371 /   0.0001371 (  perturbed bounds)
1 /   0.0001373 /   0.0001373 (unperturbed bounds)
Solve 1: Forcing phase 2 since near primal feasible with unperturbed costs
num / max / sum primal infeasiblitiles
1 /   0.0001635 /   0.0001635 (  perturbed bounds)
1 /   0.0001637 /   0.0001637 (unperturbed bounds)
Solve 1: Forcing phase 2 since near primal feasible with unperturbed costs
num / max / sum primal infeasiblitiles
1 /    2.83e-05 /    2.83e-05 (  perturbed bounds)
1 /   2.849e-05 /   2.849e-05 (unperturbed bounds)
Solve 1: Forcing phase 2 since near primal feasible with unperturbed costs
num / max / sum primal infeasiblitiles
1 /   0.0002241 /   0.0002241 (  perturbed bounds)
1 /   0.0002243 /   0.0002243 (unperturbed bounds)
Solve 1: Forcing phase 2 since near primal feasible with unperturbed costs
num / max / sum primal infeasiblitiles
1 /   0.0002592 /   0.0002592 (  perturbed bounds)
1 /   0.0002592 /   0.0002592 (unperturbed bounds)
Solve 1: Forcing phase 2 since near primal feasible with unperturbed costs
num / max / sum primal infeasiblitiles
1 /     5.9e-05 /     5.9e-05 (  perturbed bounds)
1 /   5.902e-05 /   5.902e-05 (unperturbed bounds)
Solve 1: Forcing phase 2 since near primal feasible with unperturbed costs
num / max / sum primal infeasiblitiles
1 /   9.959e-05 /   9.959e-05 (  perturbed bounds)
1 /   9.962e-05 /   9.962e-05 (unperturbed bounds)
Solve 1: Forcing phase 2 since near primal feasible with unperturbed costs
num / max / sum primal infeasiblitiles
1 /   5.994e-05 /   5.994e-05 (  perturbed bounds)
1 /   6.013e-05 /   6.013e-05 (unperturbed bounds)
Solve 1: Forcing phase 2 since near primal feasible with unperturbed costs
num / max / sum primal infeasiblitiles
1 /   0.0001287 /   0.0001287 (  perturbed bounds)
1 /   0.0001288 /   0.0001288 (unperturbed bounds)
Solve 1: Forcing phase 2 since near primal feasible with unperturbed costs
num / max / sum primal infeasiblitiles
1 /   0.0001177 /   0.0001177 (  perturbed bounds)
1 /   0.0001178 /   0.0001178 (unperturbed bounds)
Solve 1: Forcing phase 2 since near primal feasible with unperturbed costs
num / max / sum primal infeasiblitiles
1 /   0.0001215 /   0.0001215 (  perturbed bounds)
1 /   0.0001216 /   0.0001216 (unperturbed bounds)
Solve 1: Forcing phase 2 since near primal feasible with unperturbed costs
num / max / sum primal infeasiblitiles
1 /   0.0002873 /   0.0002873 (  perturbed bounds)
1 /   0.0002874 /   0.0002874 (unperturbed bounds)
Solve 1: Forcing phase 2 since near primal feasible with unperturbed costs
num / max / sum primal infeasiblitiles
1 /   0.0002713 /   0.0002713 (  perturbed bounds)
1 /   0.0002715 /   0.0002715 (unperturbed bounds)
Solve 1: Forcing phase 2 since near primal feasible with unperturbed costs
num / max / sum primal infeasiblitiles
1 /   0.0003096 /   0.0003096 (  perturbed bounds)
1 /   0.0003096 /   0.0003096 (unperturbed bounds)
Solve 1: Forcing phase 2 since near primal feasible with unperturbed costs
num / max / sum primal infeasiblitiles
1 /   2.655e-05 /   2.655e-05 (  perturbed bounds)
1 /   2.658e-05 /   2.658e-05 (unperturbed bounds)
Solve 1: Forcing phase 2 since near primal feasible with unperturbed costs
num / max / sum primal infeasiblitiles
1 /   0.0002481 /   0.0002481 (  perturbed bounds)
1 /   0.0002483 /   0.0002483 (unperturbed bounds)
Solve 1: Forcing phase 2 since near primal feasible with unperturbed costs
num / max / sum primal infeasiblitiles
1 /   0.0001318 /   0.0001318 (  perturbed bounds)
1 /    0.000132 /    0.000132 (unperturbed bounds)
Solve 1: Forcing phase 2 since near primal feasible with unperturbed costs
num / max / sum primal infeasiblitiles
1 /   6.976e-05 /   6.976e-05 (  perturbed bounds)
1 /   6.979e-05 /   6.979e-05 (unperturbed bounds)
Solve 1: Forcing phase 2 since near primal feasible with unperturbed costs
num / max / sum primal infeasiblitiles
1 /   0.0001124 /   0.0001124 (  perturbed bounds)
1 /   0.0001126 /   0.0001126 (unperturbed bounds)
Solve 1: Forcing phase 2 since near primal feasible with unperturbed costs
num / max / sum primal infeasiblitiles
1 /    0.000259 /    0.000259 (  perturbed bounds)
1 /   0.0002592 /   0.0002592 (unperturbed bounds)
Solve 1: Forcing phase 2 since near primal feasible with unperturbed costs
num / max / sum primal infeasiblitiles
1 /   0.0001036 /   0.0001036 (  perturbed bounds)
1 /   0.0001038 /   0.0001038 (unperturbed bounds)
Solve 1: Forcing phase 2 since near primal feasible with unperturbed costs
num / max / sum primal infeasiblitiles
1 /   0.0001333 /   0.0001333 (  perturbed bounds)
1 /   0.0001333 /   0.0001333 (unperturbed bounds)
Solve 1: Forcing phase 2 since near primal feasible with unperturbed costs
num / max / sum prima[ 2362.3s]   [q64] 162/700
l infeasiblitiles
1 /    0.000111 /    0.000111 (  perturbed bounds)
1 /   0.0001112 /   0.0001112 (unperturbed bounds)
Solve 1: Forcing phase 2 since near primal feasible with unperturbed costs
num / max / sum primal infeasiblitiles
2 /   0.0002233 /   0.0002871 (  perturbed bounds)
2 /   0.0002235 /   0.0002874 (unperturbed bounds)
Solve 1: Forcing phase 2 since near primal feasible with unperturbed costs
num / max / sum primal infeasiblitiles
1 /   9.759e-05 /   9.759e-05 (  perturbed bounds)
1 /   9.777e-05 /   9.777e-05 (unperturbed bounds)
Solve 1: Forcing phase 2 since near primal feasible with unperturbed costs
num / max / sum primal infeasiblitiles
1 /   0.0001214 /   0.0001214 (  perturbed bounds)
1 /   0.0001216 /   0.0001216 (unperturbed bounds)
Solve 1: Forcing phase 2 since near primal feasible with unperturbed costs
num / max / sum primal infeasiblitiles
1 /   0.0002692 /   0.0002692 (  perturbed bounds)
1 /   0.0002694 /   0.0002694 (unperturbed bounds)
Solve 1: Forcing phase 2 since near primal feasible with unperturbed costs
num / max / sum primal infeasiblitiles
1 /   4.485e-05 /   4.485e-05 (  perturbed bounds)
1 /   4.504e-05 /   4.504e-05 (unperturbed bounds)
Solve 1: Forcing phase 2 since near primal feasible with unperturbed costs
num / max / sum primal infeasiblitiles
1 /   0.0001369 /   0.0001369 (  perturbed bounds)
1 /   0.0001369 /   0.0001369 (unperturbed bounds)
Solve 1: Forcing phase 2 since near primal feasible with unperturbed costs
num / max / sum primal infeasiblitiles
1 /   0.0003033 /   0.0003033 (  perturbed bounds)
1 /   0.0003035 /   0.0003035 (unperturbed bounds)
Solve 1: Forcing phase 2 since near primal feasible with unperturbed costs
num / max / sum primal infeasiblitiles
1 /    0.000301 /    0.000301 (  perturbed bounds)
1 /   0.0003012 /   0.0003012 (unperturbed bounds)
Solve 1: Forcing phase 2 since near primal feasible with unperturbed costs
num / max / sum primal infeasiblitiles
1 /   0.0001249 /   0.0001249 (  perturbed bounds)
1 /   0.0001251 /   0.0001251 (unperturbed bounds)
Solve 1: Forcing phase 2 since near primal feasible with unperturbed costs
num / max / sum primal infeasiblitiles
1 /   1.315e-05 /   1.315e-05 (  perturbed bounds)
1 /   1.334e-05 /   1.334e-05 (unperturbed bounds)
Solve 1: Forcing phase 2 since near primal feasible with unperturbed costs
num / max / sum primal infeasiblitiles
1 /   0.0001151 /   0.0001151 (  perturbed bounds)
1 /   0.0001151 /   0.0001151 (unperturbed bounds)
Solve 1: Forcing phase 2 since near primal feasible with unperturbed costs
num / max / sum primal infeasiblitiles
1 /   0.0001711 /   0.0001711 (  perturbed bounds)
1 /   0.0001713 /   0.0001713 (unperturbed bounds)
Solve 1: Forcing phase 2 since near primal feasible with unperturbed costs
num / max / sum primal infeasiblitiles
1 /   8.783e-05 /   8.783e-05 (  perturbed bounds)
1 /   8.801e-05 /   8.801e-05 (unperturbed bounds)
Solve 1: Forcing phase 2 since near primal feasible with unperturbed costs
num / max / sum primal infeasiblitiles
1 /   3.509e-05 /   3.509e-05 (  perturbed bounds)
1 /   3.528e-05 /   3.528e-05 (unperturbed bounds)
Solve 1: Forcing phase 2 since near primal feasible with unperturbed costs
num / max / sum primal infeasiblitiles
1 /   0.0001263 /   0.0001263 (  perturbed bounds)
1 /   0.0001264 /   0.0001264 (unperturbed bounds)
Solve 1: Forcing phase 2 since near primal feasible with unperturbed costs
num / max / sum primal infeasiblitiles
1 /   0.0002084 /   0.0002084 (  perturbed bounds)
1 /   0.0002085 /   0.0002085 (unperturbed bounds)
Solve 1: Forcing phase 2 since near primal feasible with unperturbed costs
num / max / sum primal infeasiblitiles
1 /   7.023e-05 /   7.023e-05 (  perturbed bounds)
1 /   7.026e-05 /   7.026e-05 (unperturbed bounds)
Solve 1: Forcing phase 2 since near primal feasible with unperturbed costs
num / max / sum primal infeasiblitiles
1 /   2.335e-05 /   2.335e-05 (  perturbed bounds)
1 /   2.353e-05 /   2.353e-05 (unperturbed bounds)
Solve 1: Forcing phase 2 since near primal feasible with unperturbed costs
num / max / sum primal infeasiblitiles
1 /   6.246e-05 /   6.246e-05 (  perturbed bounds)
1 /   6.249e-05 /   6.249e-05 (unperturbed bounds)
Solve 1: Forcing phase 2 since near primal feasible with unperturbed costs
num / max / sum primal infeasiblitiles
1 /   0.0002951 /   0.0002951 (  perturbed bounds)
1 /   0.0002951 /   0.0002951 (unperturbed bounds)
Solve 1: Forcing phase 2 since near primal feasible with unperturbed costs
num / max / sum primal infeasiblitiles
1 /   0.0001188 /   0.0001188 (  perturbed bounds)
1 /   0.0001188 /   0.0001188 (unperturbed bounds)
Solve 1: Forcing phase 2 since near primal feasible with unperturbed costs
num / max / sum primal infeasiblitiles
1 /   0.0002575 /   0.0002575 (  perturbed bounds)
1 /   0.0002577 /   0.0002577 (unperturbed bounds)
Solve 1: Forcing phase 2 since near primal feasible with unperturbed costs
num / max / sum primal infeasiblitiles
1 /   0.0002314 /   0.0002314 (  perturbed bounds)
1 /   0.0002314 /   0.0002314 (unperturbed bounds)
Solve 1: Forcing phase 2 since near primal feasible with unperturbed costs
num / max / sum primal infeasiblitiles
1 /   0.0002402 /   0.0002402 (  perturbed bounds)
1 /   0.0002403 /   0.0002403 (unperturbed bounds)
Solve 1: Forcing phase 2 since near primal feasible with unperturbed costs
num / max / sum primal infeasiblitiles
1 /   0.0002235 /   0.0002235 (  perturbed bounds)
1 /   0.0002235 /   0.0002235 (unperturbed bounds)
Solve 1: Forcing phase 2 since near primal feasible with unperturbed costs
num / max / sum primal infeasiblitiles
1 /   0.0001262 /   0.0001262 (  perturbed bounds)
1 /   0.0001262 /   0.0001262 (unperturbed bounds)
Solve 1: Forcing phase 2 since near primal feasible with unperturbed costs
num / max / sum primal infeasiblitiles
1 /   6.647e-05 /   6.647e-05 (  perturbed bounds)
1 /   6.651e-05 /   6.651e-05 (unperturbed bounds)
Solve 1: Forcing phase 2 since near primal feasible with unperturbed costs
num / max / sum primal infeasiblitiles
1 /   0.0002964 /   0.0002964 (  perturbed bounds)
1 /   0.0002965 /   0.0002965 (unperturbed bounds)
Solve 1: Forcing phase 2 since near primal feasible with unperturbed costs
num / max / sum primal infeasiblitiles
1 /   0.0002554 /   0.0002554 (  perturbed bounds)
1 /   0.0002555 /   0.0002555 (unperturbed bounds)
Solve 1: Forcing phase 2 since near primal feasible with unperturbed costs
num / max / sum primal infeasiblitiles
1 /   0.0002784 /   0.0002784 (  perturbed bounds)
1 /   0.0002786 /   0.0002786 (unperturbed bounds)
Solve 1: Forcing phase 2 since near primal feasible with unperturbed costs
num / max / sum primal infeasiblitiles
1 /   0.0002944 /   0.0002944 (  perturbed bounds)
1 /   0.0002946 /   0.0002946 (unperturbed bounds)
Solve 1: Forcing phase 2 since near primal feasible with unperturbed costs
num / max / sum primal infeasiblitiles
1 /   7.787e-05 /   7.787e-05 (  perturbed bounds)
1 /   7.805e-05 /   7.805e-05 (unperturbed bounds)
Solve 1: Forcing phase 2 since near primal feasible with unperturbed costs
num / max / sum primal infeasiblitiles
1 /    0.000276 /    0.000276 (  perturbed bounds)
1 /   0.0002762 /   0.0002762 (unperturbed bounds)
Solve 1: Forcing phase 2 since near primal feasible with unperturbed costs
num / max / sum primal infeasiblitiles
1 /    0.000212 /    0.000212 (  perturbed bounds)
1 /   0.0002122 /   0.0002122 (unperturbed bounds)
Solve 1: Forcing phase 2 since near primal feasible with unperturbed costs
num / max / sum primal infeasiblitiles
1 /   0.0002952 /   0.0002952 (  perturbed bounds)
1 /   0.0002953 /   0.0002953 (unperturbed bounds)
Solve 1: Forcing phase 2 since near primal feasible with unperturbed costs
num / max / sum primal infeasiblitiles
1 /    4.47e-05 /    4.47e-05 (  perturbed bounds)
1 /   4.473e-05 /   4.473e-05 (unperturbed bounds)
Solve 1: Forcing phase 2 since near primal feasible with unperturbed costs
num / max / sum primal infeasiblitiles
1 /     0.00024 /     0.00024 (  perturbed bounds)
1 /   0.0002402 /   0.0002402 (unperturbed bounds)
Solve 1: Forcing phase 2 since near primal feasible with unperturbed costs
num / max / sum primal infeasiblitiles
1 /   0.0002453 /   0.0002453 (  perturbed bounds)
1 /   0.0002455 /   0.0002455 (unperturbed bounds)
Solve 1: Forcing phase 2 since near primal feasible with unperturbed costs
num / max / sum primal infeasiblitiles
2 /   0.0001825 /   0.0002518 (  perturbed bounds)
2 /   0.0001826 /   0.0002521 (unperturbed bounds)
Solve 1: Forcing phase 2 since near primal feasible with unperturbed costs
num / max / sum primal infeasiblitiles
1 /   0.0002743 /   0.0002743 (  perturbed bounds)
1 /   0.0002745 /   0.0002745 (unperturbed bounds)
Solve 1: Forcing phase 2 since near primal feasible with unperturbed costs
num / max / sum primal infeasiblitiles
1 /   4.065e-05 /   4.065e-05 (  perturbed bounds)
1 /   4.084e-05 /   4.084e-05 (unperturbed bounds)
Solve 1: Forcing phase 2 since near primal feasible with unperturbed costs
num / max / sum primal infeasiblitiles
1 /   0.0001905 /   0.0001905 (  perturbed bounds)
1 /   0.0001905 /   0.0001905 (unperturbed bounds)
Solve 1: Forcing phase 2 since near primal feasible with unperturbed costs
num / max / sum primal infeasiblitiles
1 /    0.000108 /    0.000108 (  perturbed bounds)
1 /    0.000108 /    0.000108 (unperturbed bounds)
Solve 1: Forcing phase 2 since near primal feasible with unperturbed costs
num / max / sum primal infeasiblitiles
1 /   0.0001011 /   0.0001011 (  perturbed bounds)
1 /   0.0001011 /   0.0001011 (unperturbed bounds)
Solve 1: Forcing phase 2 since near primal feasible with unperturbed costs
num / max / sum primal infeasiblitiles
1 /   0.0001335 /   0.0001335 (  perturbed bounds)
1 /   0.0001336 /   0.0001336 (unperturbed bounds)
Solve 1: Forcing phase 2 since near primal feasible with unperturbed costs
num / max / sum primal infeasiblitiles
1 /   0.0002576 /   0.0002576 (  perturbed bounds)
1 /   0.0002576 /   0.0002576 (unperturbed bounds)
Solve 1: Forcing phase 2 since near primal feasible with unperturbed costs
num / max / sum primal infeasiblitiles
1 /   0.0001385 /   0.0001385 (  perturbed bounds)
1 /   0.0001386 /   0.0001386 (unperturbed bounds)
Solve 1: Forcing phase 2 since near primal feasible with unperturbed costs
num / max / sum primal infeasiblitiles
1 /   0.0001793 /   0.0001793 (  perturbed bounds)
1 /   0.0001793 /   0.0001793 (unperturbed bounds)
Solve 1: Forcing phase 2 since near primal feasible with unperturbed costs
num / max / sum primal infeasiblitiles
1 /   1.231e-05 /   1.231e-05 (  perturbed bounds)
1 /    1.25e-05 /    1.25e-05 (unperturbed bounds)
Solve 1: Forcing phase 2 since near primal feasible with unperturbed costs
num / max / sum primal infeasiblitiles
1 /    8.35e-05 /    8.35e-05 (  perturbed bounds)
1 /    8.37e-05 /    8.37e-05 (unperturbed bounds)
Solve 1: Forcing phase 2 since near primal feasible with unperturbed costs
num / max / sum primal infeasiblitiles
1 /   8.384e-05 /   8.384e-05 (  perturbed bounds)
1 /   8.402e-05 /   8.402e-05 (unperturbed bounds)
Solve 1: Forcing phase 2 since near primal feasible with unperturbed costs
num / max / sum primal infeasiblitiles
1 /   0.0002946 /   0.0002946 (  perturbed bounds)
1 /   0.0002946 /   0.0002946 (unperturbed bounds)
Solve 1: Forcing phase 2 since near primal feasible with unperturbed costs
num / max / sum primal infeasiblitiles
2 /   0.0002903 /   0.0003097 (  perturbed bounds)
2 /   0.0002903 /   0.0003099 (unperturbed bounds)
Solve 1: Forcing phase 2 since near primal feasible with unperturbed costs
num / max / sum primal infeasiblitiles
1 /   0.0001108 /   0.0001108 (  perturbed bounds)
1 /    0.000111 /    0.000111 (unperturbed bounds)
Solve 1: Forcing phase 2 since near primal feasible with unperturbed costs
num / max / sum primal infeasiblitiles
1 /   7.072e-06 /   7.072e-06 (  perturbed bounds)
1 /   7.269e-06 /   7.269e-06 (unperturbed bounds)
Solve 1: Forcing phase 2 since near primal feasible with unperturbed costs
num / max / sum primal infeasiblitiles
1 /   7.474e-05 /   7.474e-05 (  perturbed bounds)
1 /   7.478e-05 /   7.478e-05 (unperturbed bounds)
Solve 1: Forcing phase 2 since near primal feasible with unperturbed cos[ 2603.9s]   [q64] 329/700
ts
num / max / sum primal infeasiblitiles
1 /   0.0002325 /   0.0002325 (  perturbed bounds)
1 /   0.0002325 /   0.0002325 (unperturbed bounds)
Solve 1: Forcing phase 2 since near primal feasible with unperturbed costs
num / max / sum primal infeasiblitiles
1 /   0.0001872 /   0.0001872 (  perturbed bounds)
1 /   0.0001873 /   0.0001873 (unperturbed bounds)
Solve 1: Forcing phase 2 since near primal feasible with unperturbed costs
num / max / sum primal infeasiblitiles
1 /   0.0002795 /   0.0002795 (  perturbed bounds)
1 /   0.0002795 /   0.0002795 (unperturbed bounds)
Solve 1: Forcing phase 2 since near primal feasible with unperturbed costs
num / max / sum primal infeasiblitiles
1 /   0.0003053 /   0.0003053 (  perturbed bounds)
1 /   0.0003053 /   0.0003053 (unperturbed bounds)
Solve 1: Forcing phase 2 since near primal feasible with unperturbed costs
num / max / sum primal infeasiblitiles
1 /   1.385e-05 /   1.385e-05 (  perturbed bounds)
1 /   1.388e-05 /   1.388e-05 (unperturbed bounds)
Solve 1: Forcing phase 2 since near primal feasible with unperturbed costs
num / max / sum primal infeasiblitiles
1 /   3.227e-05 /   3.227e-05 (  perturbed bounds)
1 /    3.23e-05 /    3.23e-05 (unperturbed bounds)
Solve 1: Forcing phase 2 since near primal feasible with unperturbed costs
num / max / sum primal infeasiblitiles
2 /   0.0001968 /   0.0002092 (  perturbed bounds)
2 /    0.000197 /   0.0002094 (unperturbed bounds)
Solve 1: Forcing phase 2 since near primal feasible with unperturbed costs
num / max / sum primal infeasiblitiles
1 /   0.0002569 /   0.0002569 (  perturbed bounds)
1 /   0.0002569 /   0.0002569 (unperturbed bounds)
Solve 1: Forcing phase 2 since near primal feasible with unperturbed costs
num / max / sum primal infeasiblitiles
1 /   0.0001932 /   0.0001932 (  perturbed bounds)
1 /   0.0001934 /   0.0001934 (unperturbed bounds)
Solve 1: Forcing phase 2 since near primal feasible with unperturbed costs
num / max / sum primal infeasiblitiles
1 /     0.00027 /     0.00027 (  perturbed bounds)
1 /   0.0002702 /   0.0002702 (unperturbed bounds)
Solve 1: Forcing phase 2 since near primal feasible with unperturbed costs
num / max / sum primal infeasiblitiles
1 /   2.897e-05 /   2.897e-05 (  perturbed bounds)
1 /   2.901e-05 /   2.901e-05 (unperturbed bounds)
Solve 1: Forcing phase 2 since near primal feasible with unperturbed costs
num / max / sum primal infeasiblitiles
1 /   0.0001769 /   0.0001769 (  perturbed bounds)
1 /    0.000177 /    0.000177 (unperturbed bounds)
Solve 1: Forcing phase 2 since near primal feasible with unperturbed costs
num / max / sum primal infeasiblitiles
1 /     0.00013 /     0.00013 (  perturbed bounds)
1 /   0.0001302 /   0.0001302 (unperturbed bounds)
Solve 1: Forcing phase 2 since near primal feasible with unperturbed costs
num / max / sum primal infeasiblitiles
1 /   0.0001377 /   0.0001377 (  perturbed bounds)
1 /   0.0001377 /   0.0001377 (unperturbed bounds)
Solve 1: Forcing phase 2 since near primal feasible with unperturbed costs
num / max / sum primal infeasiblitiles
1 /   0.0001903 /   0.0001903 (  perturbed bounds)
1 /   0.0001905 /   0.0001905 (unperturbed bounds)
Solve 1: Forcing phase 2 since near primal feasible with unperturbed costs
num / max / sum primal infeasiblitiles
1 /   6.232e-05 /   6.232e-05 (  perturbed bounds)
1 /   6.236e-05 /   6.236e-05 (unperturbed bounds)
Solve 1: Forcing phase 2 since near primal feasible with unperturbed costs
num / max / sum primal infeasiblitiles
1 /   0.0003035 /   0.0003035 (  perturbed bounds)
1 /   0.0003037 /   0.0003037 (unperturbed bounds)
Solve 1: Forcing phase 2 since near primal feasible with unperturbed costs
num / max / sum primal infeasiblitiles
1 /   0.0001964 /   0.0001964 (  perturbed bounds)
1 /   0.0001964 /   0.0001964 (unperturbed bounds)
Solve 1: Forcing phase 2 since near primal feasible with unperturbed costs
num / max / sum primal infeasiblitiles
1 /   2.512e-05 /   2.512e-05 (  perturbed bounds)
1 /   2.531e-05 /   2.531e-05 (unperturbed bounds)
Solve 1: Forcing phase 2 since near primal feasible with unperturbed costs
num / max / sum primal infeasiblitiles
1 /   0.0001577 /   0.0001577 (  perturbed bounds)
1 /   0.0001578 /   0.0001578 (unperturbed bounds)
Solve 1: Forcing phase 2 since near primal feasible with unperturbed costs
num / max / sum primal infeasiblitiles
1 /   7.849e-05 /   7.849e-05 (  perturbed bounds)
1 /   7.867e-05 /   7.867e-05 (unperturbed bounds)
Solve 1: Forcing phase 2 since near primal feasible with unperturbed costs
num / max / sum primal infeasiblitiles
1 /    7.05e-05 /    7.05e-05 (  perturbed bounds)
1 /    7.07e-05 /    7.07e-05 (unperturbed bounds)
Solve 1: Forcing phase 2 since near primal feasible with unperturbed costs
num / max / sum primal infeasiblitiles
1 /   0.0001822 /   0.0001822 (  perturbed bounds)
1 /   0.0001824 /   0.0001824 (unperturbed bounds)
Solve 1: Forcing phase 2 since near primal feasible with unperturbed costs
num / max / sum primal infeasiblitiles
1 /   0.0001042 /   0.0001042 (  perturbed bounds)
1 /   0.0001042 /   0.0001042 (unperturbed bounds)
Solve 1: Forcing phase 2 since near primal feasible with unperturbed costs
num / max / sum primal infeasiblitiles
1 /   0.0001032 /   0.0001032 (  perturbed bounds)
1 /   0.0001034 /   0.0001034 (unperturbed bounds)
Solve 1: Forcing phase 2 since near primal feasible with unperturbed costs
num / max / sum primal infeasiblitiles
1 /   0.0001603 /   0.0001603 (  perturbed bounds)
1 /   0.0001605 /   0.0001605 (unperturbed bounds)
Solve 1: Forcing phase 2 since near primal feasible with unperturbed costs
num / max / sum primal infeasiblitiles
1 /     0.00017 /     0.00017 (  perturbed bounds)
1 /   0.0001699 /   0.0001699 (unperturbed bounds)
Solve 1: Forcing phase 2 since near primal feasible with unperturbed costs
num / max / sum primal infeasiblitiles
1 /   0.0001869 /   0.0001869 (  perturbed bounds)
1 /   0.0001871 /   0.0001871 (unperturbed bounds)
Solve 1: Forcing phase 2 since near primal feasible with unperturbed costs
num / max / sum primal infeasiblitiles
1 /   7.669e-05 /   7.669e-05 (  perturbed bounds)
1 /   7.673e-05 /   7.673e-05 (unperturbed bounds)
Solve 1: Forcing phase 2 since near primal feasible with unperturbed costs
num / max / sum primal infeasiblitiles
1 /   6.379e-05 /   6.379e-05 (  perturbed bounds)
1 /   6.382e-05 /   6.382e-05 (unperturbed bounds)
Solve 1: Forcing phase 2 since near primal feasible with unperturbed costs
num / max / sum primal infeasiblitiles
1 /   0.0001596 /   0.0001596 (  perturbed bounds)
1 /   0.0001598 /   0.0001598 (unperturbed bounds)
Solve 1: Forcing phase 2 since near primal feasible with unperturbed costs
num / max / sum primal infeasiblitiles
1 /   7.043e-05 /   7.043e-05 (  perturbed bounds)
1 /   7.046e-05 /   7.046e-05 (unperturbed bounds)
Solve 1: Forcing phase 2 since near primal feasible with unperturbed costs
num / max / sum primal infeasiblitiles
1 /   0.0001231 /   0.0001231 (  perturbed bounds)
1 /   0.0001233 /   0.0001233 (unperturbed bounds)
Solve 1: Forcing phase 2 since near primal feasible with unperturbed costs
num / max / sum primal infeasiblitiles
1 /   0.0001057 /   0.0001057 (  perturbed bounds)
1 /   0.0001058 /   0.0001058 (unperturbed bounds)
Solve 1: Forcing phase 2 since near primal feasible with unperturbed costs
num / max / sum primal infeasiblitiles
1 /   0.0001425 /   0.0001425 (  perturbed bounds)
1 /   0.0001426 /   0.0001426 (unperturbed bounds)
Solve 1: Forcing phase 2 since near primal feasible with unperturbed costs
num / max / sum primal infeasiblitiles
1 /   0.0001892 /   0.0001892 (  perturbed bounds)
1 /   0.0001893 /   0.0001893 (unperturbed bounds)
Solve 1: Forcing phase 2 since near primal feasible with unperturbed costs
num / max / sum primal infeasiblitiles
1 /   0.0001993 /   0.0001993 (  perturbed bounds)
1 /   0.0001993 /   0.0001993 (unperturbed bounds)
Solve 1: Forcing phase 2 since near primal feasible with unperturbed costs
num / max / sum primal infeasiblitiles
1 /   0.0001599 /   0.0001599 (  perturbed bounds)
1 /   0.0001601 /   0.0001601 (unperturbed bounds)
Solve 1: Forcing phase 2 since near primal feasible with unperturbed costs
num / max / sum primal infeasiblitiles
1 /   0.0002932 /   0.0002932 (  perturbed bounds)
1 /   0.0002934 /   0.0002934 (unperturbed bounds)
Solve 1: Forcing phase 2 since near primal feasible with unperturbed costs
num / max / sum primal infeasiblitiles
1 /   0.0001971 /   0.0001971 (  perturbed bounds)
1 /   0.0001973 /   0.0001973 (unperturbed bounds)
Solve 1: Forcing phase 2 since near primal feasible with unperturbed costs
num / max / sum primal infeasiblitiles
1 /    0.000127 /    0.000127 (  perturbed bounds)
1 /    0.000127 /    0.000127 (unperturbed bounds)
Solve 1: Forcing phase 2 since near primal feasible with unperturbed costs
num / max / sum primal infeasiblitiles
1 /   0.0001326 /   0.0001326 (  perturbed bounds)
1 /   0.0001326 /   0.0001326 (unperturbed bounds)
Solve 1: Forcing phase 2 since near primal feasible with unperturbed costs
num / max / sum primal infeasiblitiles
1 /   0.0002354 /   0.0002354 (  perturbed bounds)
1 /   0.0002354 /   0.0002354 (unperturbed bounds)
Solve 1: Forcing phase 2 since near primal feasible with unperturbed costs
num / max / sum primal infeasiblitiles
1 /   0.0002073 /   0.0002073 (  perturbed bounds)
1 /   0.0002075 /   0.0002075 (unperturbed bounds)
Solve 1: Forcing phase 2 since near primal feasible with unperturbed costs
num / max / sum primal infeasiblitiles
1 /   8.076e-05 /   8.076e-05 (  perturbed bounds)
1 /   8.094e-05 /   8.094e-05 (unperturbed bounds)
Solve 1: Forcing phase 2 since near primal feasible with unperturbed costs
num / max / sum primal infeasiblitiles
1 /   4.744e-05 /   4.744e-05 (  perturbed bounds)
1 /   4.762e-05 /   4.762e-05 (unperturbed bounds)
Solve 1: Forcing phase 2 since near primal feasible with unperturbed costs
num / max / sum primal infeasiblitiles
1 /   0.0001379 /   0.0001379 (  perturbed bounds)
1 /   0.0001381 /   0.0001381 (unperturbed bounds)
Solve 1: Forcing phase 2 since near primal feasible with unperturbed costs
num / max / sum primal infeasiblitiles
1 /   0.0003134 /   0.0003134 (  perturbed bounds)
1 /   0.0003134 /   0.0003134 (unperturbed bounds)
Solve 1: Forcing phase 2 since near primal feasible with unperturbed costs
num / max / sum primal infeasiblitiles
1 /   5.286e-05 /   5.286e-05 (  perturbed bounds)
1 /   5.304e-05 /   5.304e-05 (unperturbed bounds)
Solve 1: Forcing phase 2 since near primal feasible with unperturbed costs
num / max / sum primal infeasiblitiles
1 /   0.0001084 /   0.0001084 (  perturbed bounds)
1 /   0.0001084 /   0.0001084 (unperturbed bounds)
Solve 1: Forcing phase 2 since near primal feasible with unperturbed costs
num / max / sum primal infeasiblitiles
1 /   0.0003064 /   0.0003064 (  perturbed bounds)
1 /   0.0003064 /   0.0003064 (unperturbed bounds)
Solve 1: Forcing phase 2 since near primal feasible with unperturbed costs
num / max / sum primal infeasiblitiles
1 /   0.0001685 /   0.0001685 (  perturbed bounds)
1 /   0.0001687 /   0.0001687 (unperturbed bounds)
Solve 1: Forcing phase 2 since near primal feasible with unperturbed costs
num / max / sum primal infeasiblitiles
1 /   8.541e-05 /   8.541e-05 (  perturbed bounds)
1 /   8.561e-05 /   8.561e-05 (unperturbed bounds)
Solve 1: Forcing phase 2 since near primal feasible with unperturbed costs
num / max / sum primal infeasiblitiles
1 /   0.0001712 /   0.0001712 (  perturbed bounds)
1 /   0.0001712 /   0.0001712 (unperturbed bounds)
Solve 1: Forcing phase 2 since near primal feasible with unperturbed costs
num / max / sum primal infeasiblitiles
1 /    0.000296 /    0.000296 (  perturbed bounds)
1 /   0.0002961 /   0.0002961 (unperturbed bounds)
Solve 1: Forcing phase 2 since near primal feasible with unperturbed costs
num / max / sum primal infeasiblitiles
1 /   8.805e-05 /   8.805e-05 (  perturbed bounds)
1 /   8.808e-05 /   8.808e-05 (unperturbed bounds)
Solve 1: Forcing phase 2 since near primal feasible with unperturbed costs
num / max / sum primal infeasiblitiles
1 /   0.0002766 /   0.0002766 (  perturbed bounds)
1 /   0.0002766 /   0.0002766 (unperturbed bounds)
Solve 1: Forcing phase 2 since near primal feasible with unperturbed costs
num / max / sum primal infeasiblitiles
1 /   0.0001849 /   0.0001849 (  perturbed bounds)
1 /   0.0001851 /   0.0001851 (unperturbed bounds)
Solve 1: Forcing phase 2 since near primal feasible with unperturbed costs
num / max / sum primal infeasiblitiles
1 /   7.715e-05 /   7.715e-05 (  perturbed bounds)
1 /   7.733e-05 /   7.733e-05 (unperturbed bounds)
Solve 1: Forcing phase 2 since near primal feasible with unperturbed costs
num / max / sum primal infeasiblitiles
1 /   0.0001059 /   0.0001059 (  perturbed bounds)
1 /   0.0001061 /   0.0001061 (unperturbed bounds)
Solve 1: Forcing phase 2 since near primal feasible with unperturbed costs
num / max / sum primal infeasiblitiles
1 /   7.274e-05 /   7.274e-05 (  perturbed bounds)
1 /   7.293e-05 /   7.293e-05 (unperturbed bounds)
Solve 1: Forcing phase 2 since near primal feasible with unperturbed costs
num / max / sum primal infeasiblitiles
1 /   8.335e-05 /   8.335e-05 (  perturbed bounds)
1 /   8.339e-05 /   8.339e-05 (unperturbed bounds)
Solve 1: Forcing phase 2 since near primal feasible with unperturbed costs
num / max / sum primal infeasiblitiles
1 /     0.00024 /     0.00024 (  perturbed bounds)
1 /   0.0002402 /   0.0002402 (unperturbed bounds)
Solve 1: Forcing phase 2 since near primal feasible with unperturbed costs
num / max / sum primal infeasiblitiles
1 /   0.0002944 /   0.0002944 (  perturbed bounds)
1 /   0.0002946 /   0.0002946 (unperturbed bounds)
Solve 1: Forcing phase 2 since near primal feasible with unperturbed costs
num / max / sum primal infeasiblitiles
1 /   0.0001782 /   0.0001782 (  perturbed bounds)
1 /   0.0001782 /   0.0001782 (unperturbed bounds)
Solve 1: Forcing phase 2 since near primal feasible with unperturbed costs
num / max / sum primal infeasiblitiles
1 /   8.032e-05 /   8.032e-05 (  perturbed bounds)
1 /   8.035e-05 /   8.035e-05 (unperturbed bounds)
Solve 1: Forcing phase 2 since near primal feasible with unperturbed costs
num / max / sum primal infeasiblitiles
1 /     0.00023 /     0.00023 (  perturbed bounds)
1 /   0.0002302 /   0.0002302 (unperturbed bounds)
Solve 1: Forcing phase 2 since near primal feasible with unperturbed costs
num / max / sum primal infeasiblitiles
1 /   0.0003048 /   0.0003048 (  perturbed bounds)
1 /   0.0003048 /   0.0003048 (unperturbed bounds)
Solve 1: Forcing phase 2 since near primal feasible with unperturbed costs
num / max / sum primal infeasiblitiles
1 /   0.0002728 /   0.0002728 (  perturbed bounds)
1 /   0.0002728 /   0.0002728 (unperturbed bounds)
Solve 1: Forcing phase 2 since near primal feasible with unperturbed costs
num / max / sum primal infeasiblitiles
1 /   7.274e-05 /   7.274e-05 (  perturbed bounds)
1 /   7.293e-05 /   7.293e-05 (unperturbed bounds)
Solve 1: Forcing phase 2 since near primal feasible with unperturbed costs
num / max / sum primal infeasiblitiles
1 /   0.0002317 /   0.0002317 (  perturbed bounds)
1 /   0.0002318 /   0.0002318 (unperturbed bounds)
Solve 1: Forcing phase 2 since near primal feasible with unperturbed costs
num / max / sum primal infeasiblitiles
1 /   0.0001576 /   0.0001576 (  perturbed bounds)
1 /   0.0001578 /   0.0001578 (unperturbed bounds)
Solve 1: Forcing phase 2 since near primal feasible with unperturbed costs
num / max / sum primal infeasiblitiles
1 /    0.000174 /    0.000174 (  perturbed bounds)
1 /    0.000174 /    0.000174 (unperturbed bounds)
Solve 1: Forcing phase 2 since near primal feasible with unperturbed costs
num / max / sum primal infeasiblitiles
1 /   0.0002166 /   0.0002166 (  perturbed bounds)
1 /   0.0002166 /   0.0002166 (unperturbed bounds)
Solve 1: Forcing phase 2 since near primal feasible with unperturbed costs
num / max / sum primal infeasiblitiles
1 /   0.0003138 /   0.0003138 (  perturbed bounds)
1 /    0.000314 /    0.000314 (unperturbed bounds)
Solve 1: Forcing phase 2 since near primal feasible with unperturbed costs
num / max / sum primal infeasiblitiles
1 /   0.0002575 /   0.0002575 (  perturbed bounds)
1 /   0.0002577 /   0.0002577 (unperturbed bounds)
Solve 1: Forcing phase 2 since near primal feasible with unperturbed costs
num / max / sum primal infeasiblitiles
1 /   0.0001379 /   0.0001379 (  perturbed bounds)
1 /   0.0001381 /   0.0001381 (unperturbed bounds)
Solve 1: Forcing phase 2 since near primal feasible with unperturbed costs
num / max / sum primal infeasiblitiles
1 /   0.0002488 /   0.0002488 (  perturbed bounds)
1 /    0.000249 /    0.000249 (unperturbed bounds)
Solve 1: Forcing phase 2 since near primal feasible with unperturbed costs
num / max / sum primal infeasiblitiles
1 /   3.705e-05 /   3.705e-05 (  perturbed bounds)
1 /   3.725e-05 /   3.725e-05 (unperturbed bounds)
Solve 1: Forcing phase 2 since near primal feasible with unperturbed costs
num / max / sum primal infeasiblitiles
1 /   5.599e-05 /   5.599e-05 (  perturbed bounds)
1 /   5.619e-05 /   5.619e-05 (unperturbed bounds)
Solve 1: Forcing phase 2 since near primal feasible with unperturbed costs
num / max / sum primal infeasiblitiles
1 /   0.0002041 /   0.0002041 (  perturbed bounds)
1 /   0.0002042 /   0.0002042 (unperturbed bounds)
Solve 1: Forcing phase 2 since near primal feasible with unperturbed costs
num / max / sum primal infeasiblitiles
1 /   7.892e-05 /   7.892e-05 (  perturbed bounds)
1 /   7.895e-05 /   7.895e-05 (unperturbed bounds)
Solve 1: Forcing phase 2 since near primal feasible with unperturbed costs
num / max / sum primal infeasiblitiles
1 /   0.0001116 /   0.0001116 (  perturbed bounds)
1 /   0.0001116 /   0.0001116 (unperturbed bounds)
Solve 1: Forcing phase 2 since near primal feasible with unperturbed costs
num / max / sum primal infeasiblitiles
1 /   0.0002253 /   0.0002253 (  perturbed bounds)
1 /   0.0002255 /   0.0002255 (unperturbed bounds)
Solve 1: Forcing phase 2 since near primal feasible with unperturbed costs
num / max / sum primal infeasiblitiles
1 /   6.405e-05 /   6.405e-05 (  perturbed bounds)
1 /   6.424e-05 /   6.424e-05 (unperturbed bounds)
Solve 1: Forcing phase 2 since near primal feasible with unperturbed costs
num / max / sum primal infeasiblitiles
1 /   0.0001371 /   0.0001371 (  perturbed bounds)
1 /   0.0001371 /   0.0001371 (unperturbed bounds)
Solve 1: Forcing phase 2 since near primal feasible with unperturbed costs
num / max / sum primal infeasiblitiles
1 /   2.492e-05 /   2.492e-05 (  perturbed bounds)
1 /   2.511e-05 /   2.511e-05 (unperturbed bounds)
Solve 1: Forcing phase 2 since near primal feasible with unperturbed costs
num / max / sum primal infeasiblitiles
1 /   0.0002759 /   0.0002759 (  perturbed bounds)
1 /   0.0002758 /   0.0002758 (unperturbed bounds)
Solve 1: Forcing phase 2 since near primal feasible with unperturbed costs
num / max / sum primal infeasiblitiles
1 /   0.0002387 /   0.0002387 (  perturbed bounds)
1 /   0.0002387 /   0.0002387 (unperturbed bounds)
Solve 1: Forcing phase 2 since near primal feasible with unperturbed costs
num / max / sum primal infeasiblitiles
1 /   5.739e-05 /   5.739e-05 (  perturbed bounds)
1 /   5.754e-05 /   5.754e-05 (unperturbed bounds)
Solve 1: Forcing phase 2 since near primal feasible with unperturbed costs
num / max / sum primal infeasiblitiles
1 /   4.455e-05 /   4.455e-05 (  perturbed bounds)
1 /   4.473e-05 /   4.473e-05 (unperturbed bounds)
Solve 1: Forcing phase 2 since near primal feasible with unperturbed costs
num / max / sum primal infeasiblitiles
1 /   0.0001291 /   0.0001291 (  perturbed bounds)
1 /   0.0001293 /   0.0001293 (unperturbed bounds)
Solve 1: Forcing phase 2 since near primal feasible with unperturbed costs
num / max / sum primal infeasiblitiles
1 /   0.0002822 /   0.0002822 (  perturbed bounds)
1 /   0.0002824 /   0.0002824 (unperturbed bounds)
Solve 1: Forcing phase 2 since near primal feasible with unperturbed costs
num / max / sum primal infeasiblitiles
1 /   0.0001693 /   0.0001693 (  perturbed bounds)
1 /   0.0001693 /   0.0001693 (unperturbed bounds)
Solve 1: Forcing phase 2 since near primal feasible with unperturbed costs
num / max / sum primal infeasiblitiles
1 /   0.0001305 /   0.0001305 (  perturbed bounds)
1 /   0.0001305 /   0.0001305 (unperturbed bounds)
Solve 1: Forcing phase 2 since n[ 2846.0s]   [q64] 492/700
ear primal feasible with unperturbed costs
num / max / sum primal infeasiblitiles
1 /   3.971e-05 /   3.971e-05 (  perturbed bounds)
1 /   3.974e-05 /   3.974e-05 (unperturbed bounds)
Solve 1: Forcing phase 2 since near primal feasible with unperturbed costs
num / max / sum primal infeasiblitiles
1 /    2.79e-05 /    2.79e-05 (  perturbed bounds)
1 /   2.793e-05 /   2.793e-05 (unperturbed bounds)
Solve 1: Forcing phase 2 since near primal feasible with unperturbed costs
num / max / sum primal infeasiblitiles
1 /   0.0002532 /   0.0002532 (  perturbed bounds)
1 /   0.0002533 /   0.0002533 (unperturbed bounds)
Solve 1: Forcing phase 2 since near primal feasible with unperturbed costs
num / max / sum primal infeasiblitiles
1 /   0.0001254 /   0.0001254 (  perturbed bounds)
1 /   0.0001256 /   0.0001256 (unperturbed bounds)
Solve 1: Forcing phase 2 since near primal feasible with unperturbed costs
num / max / sum primal infeasiblitiles
1 /   0.0002685 /   0.0002685 (  perturbed bounds)
1 /   0.0002686 /   0.0002686 (unperturbed bounds)
Solve 1: Forcing phase 2 since near primal feasible with unperturbed costs
num / max / sum primal infeasiblitiles
1 /   0.0002039 /   0.0002039 (  perturbed bounds)
1 /   0.0002039 /   0.0002039 (unperturbed bounds)
Solve 1: Forcing phase 2 since near primal feasible with unperturbed costs
num / max / sum primal infeasiblitiles
1 /    0.000148 /    0.000148 (  perturbed bounds)
1 /   0.0001482 /   0.0001482 (unperturbed bounds)
Solve 1: Forcing phase 2 since near primal feasible with unperturbed costs
num / max / sum primal infeasiblitiles
1 /   0.0001939 /   0.0001939 (  perturbed bounds)
1 /    0.000194 /    0.000194 (unperturbed bounds)
Solve 1: Forcing phase 2 since near primal feasible with unperturbed costs
num / max / sum primal infeasiblitiles
1 /   0.0002426 /   0.0002426 (  perturbed bounds)
1 /   0.0002428 /   0.0002428 (unperturbed bounds)
Solve 1: Forcing phase 2 since near primal feasible with unperturbed costs
num / max / sum primal infeasiblitiles
1 /   0.0002111 /   0.0002111 (  perturbed bounds)
1 /   0.0002113 /   0.0002113 (unperturbed bounds)
Solve 1: Forcing phase 2 since near primal feasible with unperturbed costs
num / max / sum primal infeasiblitiles
2 /   0.0001807 /   0.0002314 (  perturbed bounds)
2 /   0.0001809 /   0.0002316 (unperturbed bounds)
Solve 1: Forcing phase 2 since near primal feasible with unperturbed costs
num / max / sum primal infeasiblitiles
1 /   2.011e-05 /   2.011e-05 (  perturbed bounds)
1 /   2.031e-05 /   2.031e-05 (unperturbed bounds)
Solve 1: Forcing phase 2 since near primal feasible with unperturbed costs
num / max / sum primal infeasiblitiles
1 /   0.0003124 /   0.0003124 (  perturbed bounds)
1 /   0.0003126 /   0.0003126 (unperturbed bounds)
Solve 1: Forcing phase 2 since near primal feasible with unperturbed costs
num / max / sum primal infeasiblitiles
1 /   4.384e-05 /   4.384e-05 (  perturbed bounds)
1 /   4.402e-05 /   4.402e-05 (unperturbed bounds)
Solve 1: Forcing phase 2 since near primal feasible with unperturbed costs
num / max / sum primal infeasiblitiles
1 /   0.0003022 /   0.0003022 (  perturbed bounds)
1 /   0.0003022 /   0.0003022 (unperturbed bounds)
Solve 1: Forcing phase 2 since near primal feasible with unperturbed costs
num / max / sum primal infeasiblitiles
1 /   0.0001441 /   0.0001441 (  perturbed bounds)
1 /   0.0001442 /   0.0001442 (unperturbed bounds)
Solve 1: Forcing phase 2 since near primal feasible with unperturbed costs
num / max / sum primal infeasiblitiles
1 /    0.000164 /    0.000164 (  perturbed bounds)
1 /   0.0001641 /   0.0001641 (unperturbed bounds)
Solve 1: Forcing phase 2 since near primal feasible with unperturbed costs
num / max / sum primal infeasiblitiles
1 /   0.0002874 /   0.0002874 (  perturbed bounds)
1 /   0.0002874 /   0.0002874 (unperturbed bounds)
Solve 1: Forcing phase 2 since near primal feasible with unperturbed costs
num / max / sum primal infeasiblitiles
1 /   0.0002987 /   0.0002987 (  perturbed bounds)
1 /   0.0002989 /   0.0002989 (unperturbed bounds)
Solve 1: Forcing phase 2 since near primal feasible with unperturbed costs
num / max / sum primal infeasiblitiles
1 /   0.0001233 /   0.0001233 (  perturbed bounds)
1 /   0.0001234 /   0.0001234 (unperturbed bounds)
Solve 1: Forcing phase 2 since near primal feasible with unperturbed costs
num / max / sum primal infeasiblitiles
1 /   0.0003141 /   0.0003141 (  perturbed bounds)
1 /   0.0003141 /   0.0003141 (unperturbed bounds)
Solve 1: Forcing phase 2 since near primal feasible with unperturbed costs
num / max / sum primal infeasiblitiles
1 /   0.0002281 /   0.0002281 (  perturbed bounds)
1 /   0.0002281 /   0.0002281 (unperturbed bounds)
Solve 1: Forcing phase 2 since near primal feasible with unperturbed costs
num / max / sum primal infeasiblitiles
1 /   3.761e-05 /   3.761e-05 (  perturbed bounds)
1 /   3.764e-05 /   3.764e-05 (unperturbed bounds)
Solve 1: Forcing phase 2 since near primal feasible with unperturbed costs
num / max / sum primal infeasiblitiles
1 /   2.425e-05 /   2.425e-05 (  perturbed bounds)
1 /   2.444e-05 /   2.444e-05 (unperturbed bounds)
Solve 1: Forcing phase 2 since near primal feasible with unperturbed costs
num / max / sum primal infeasiblitiles
1 /   0.0001743 /   0.0001743 (  perturbed bounds)
1 /   0.0001745 /   0.0001745 (unperturbed bounds)
Solve 1: Forcing phase 2 since near primal feasible with unperturbed costs
num / max / sum primal infeasiblitiles
1 /   9.189e-05 /   9.189e-05 (  perturbed bounds)
1 /   9.207e-05 /   9.207e-05 (unperturbed bounds)
Solve 1: Forcing phase 2 since near primal feasible with unperturbed costs
num / max / sum primal infeasiblitiles
2 /   0.0003005 /   0.0003276 (  perturbed bounds)
2 /   0.0003005 /   0.0003278 (unperturbed bounds)
Solve 1: Forcing phase 2 since near primal feasible with unperturbed costs
num / max / sum primal infeasiblitiles
1 /   0.0001493 /   0.0001493 (  perturbed bounds)
1 /   0.0001494 /   0.0001494 (unperturbed bounds)
Solve 1: Forcing phase 2 since near primal feasible with unperturbed costs
num / max / sum primal infeasiblitiles
1 /   0.0002705 /   0.0002705 (  perturbed bounds)
1 /   0.0002705 /   0.0002705 (unperturbed bounds)
Solve 1: Forcing phase 2 since near primal feasible with unperturbed costs
num / max / sum primal infeasiblitiles
1 /   5.334e-05 /   5.334e-05 (  perturbed bounds)
1 /   5.337e-05 /   5.337e-05 (unperturbed bounds)
Solve 1: Forcing phase 2 since near primal feasible with unperturbed costs
num / max / sum primal infeasiblitiles
1 /   0.0001977 /   0.0001977 (  perturbed bounds)
1 /   0.0001978 /   0.0001978 (unperturbed bounds)
Solve 1: Forcing phase 2 since near primal feasible with unperturbed costs
num / max / sum primal infeasiblitiles
1 /   0.0001673 /   0.0001673 (  perturbed bounds)
1 /   0.0001674 /   0.0001674 (unperturbed bounds)
Solve 1: Forcing phase 2 since near primal feasible with unperturbed costs
num / max / sum primal infeasiblitiles
1 /   0.0002831 /   0.0002831 (  perturbed bounds)
1 /   0.0002833 /   0.0002833 (unperturbed bounds)
Solve 1: Forcing phase 2 since near primal feasible with unperturbed costs
num / max / sum primal infeasiblitiles
1 /   0.0002587 /   0.0002587 (  perturbed bounds)
1 /   0.0002589 /   0.0002589 (unperturbed bounds)
Solve 1: Forcing phase 2 since near primal feasible with unperturbed costs
num / max / sum primal infeasiblitiles
1 /    0.000256 /    0.000256 (  perturbed bounds)
1 /   0.0002562 /   0.0002562 (unperturbed bounds)
Solve 1: Forcing phase 2 since near primal feasible with unperturbed costs
num / max / sum primal infeasiblitiles
1 /   0.0002254 /   0.0002254 (  perturbed bounds)
1 /   0.0002256 /   0.0002256 (unperturbed bounds)
Solve 1: Forcing phase 2 since near primal feasible with unperturbed costs
num / max / sum primal infeasiblitiles
1 /   0.0002898 /   0.0002898 (  perturbed bounds)
1 /   0.0002898 /   0.0002898 (unperturbed bounds)
Solve 1: Forcing phase 2 since near primal feasible with unperturbed costs
num / max / sum primal infeasiblitiles
1 /   2.218e-05 /   2.218e-05 (  perturbed bounds)
1 /   2.237e-05 /   2.237e-05 (unperturbed bounds)
Solve 1: Forcing phase 2 since near primal feasible with unperturbed costs
num / max / sum primal infeasiblitiles
1 /   2.388e-05 /   2.388e-05 (  perturbed bounds)
1 /   2.391e-05 /   2.391e-05 (unperturbed bounds)
Solve 1: Forcing phase 2 since near primal feasible with unperturbed costs
num / max / sum primal infeasiblitiles
1 /   0.0002558 /   0.0002558 (  perturbed bounds)
1 /   0.0002558 /   0.0002558 (unperturbed bounds)
Solve 1: Forcing phase 2 since near primal feasible with unperturbed costs
num / max / sum primal infeasiblitiles
1 /   0.0001501 /   0.0001501 (  perturbed bounds)
1 /   0.0001503 /   0.0001503 (unperturbed bounds)
Solve 1: Forcing phase 2 since near primal feasible with unperturbed costs
num / max / sum primal infeasiblitiles
1 /   0.0001323 /   0.0001323 (  perturbed bounds)
1 /   0.0001325 /   0.0001325 (unperturbed bounds)
Solve 1: Forcing phase 2 since near primal feasible with unperturbed costs
num / max / sum primal infeasiblitiles
1 /   6.095e-05 /   6.095e-05 (  perturbed bounds)
1 /   6.113e-05 /   6.113e-05 (unperturbed bounds)
Solve 1: Forcing phase 2 since near primal feasible with unperturbed costs
num / max / sum primal infeasiblitiles
1 /   0.0001698 /   0.0001698 (  perturbed bounds)
1 /     0.00017 /     0.00017 (unperturbed bounds)
Solve 1: Forcing phase 2 since near primal feasible with unperturbed costs
num / max / sum primal infeasiblitiles
1 /   0.0001837 /   0.0001837 (  perturbed bounds)
1 /   0.0001839 /   0.0001839 (unperturbed bounds)
Solve 1: Forcing phase 2 since near primal feasible with unperturbed costs
num / max / sum primal infeasiblitiles
1 /    0.000249 /    0.000249 (  perturbed bounds)
1 /    0.000249 /    0.000249 (unperturbed bounds)
Solve 1: Forcing phase 2 since near primal feasible with unperturbed costs
num / max / sum primal infeasiblitiles
1 /   0.0001481 /   0.0001481 (  perturbed bounds)
1 /   0.0001483 /   0.0001483 (unperturbed bounds)
Solve 1: Forcing phase 2 since near primal feasible with unperturbed costs
num / max / sum primal infeasiblitiles
1 /   0.0002108 /   0.0002108 (  perturbed bounds)
1 /    0.000211 /    0.000211 (unperturbed bounds)
Solve 1: Forcing phase 2 since near primal feasible with unperturbed costs
num / max / sum primal infeasiblitiles
1 /   0.0001013 /   0.0001013 (  perturbed bounds)
1 /   0.0001015 /   0.0001015 (unperturbed bounds)
Solve 1: Forcing phase 2 since near primal feasible with unperturbed costs
num / max / sum primal infeasiblitiles
1 /    0.000169 /    0.000169 (  perturbed bounds)
1 /    0.000169 /    0.000169 (unperturbed bounds)
Solve 1: Forcing phase 2 since near primal feasible with unperturbed costs
num / max / sum primal infeasiblitiles
1 /   0.0001711 /   0.0001711 (  perturbed bounds)
1 /   0.0001713 /   0.0001713 (unperturbed bounds)
Solve 1: Forcing phase 2 since near primal feasible with unperturbed costs
num / max / sum primal infeasiblitiles
1 /   0.0001624 /   0.0001624 (  perturbed bounds)
1 /   0.0001626 /   0.0001626 (unperturbed bounds)
Solve 1: Forcing phase 2 since near primal feasible with unperturbed costs
num / max / sum primal infeasiblitiles
1 /   0.0002988 /   0.0002988 (  perturbed bounds)
1 /   0.0002989 /   0.0002989 (unperturbed bounds)
Solve 1: Forcing phase 2 since near primal feasible with unperturbed costs
num / max / sum primal infeasiblitiles
1 /   2.014e-05 /   2.014e-05 (  perturbed bounds)
1 /   2.033e-05 /   2.033e-05 (unperturbed bounds)
Solve 1: Forcing phase 2 since near primal feasible with unperturbed costs
num / max / sum primal infeasiblitiles
1 /   0.0001243 /   0.0001243 (  perturbed bounds)
1 /   0.0001245 /   0.0001245 (unperturbed bounds)
Solve 1: Forcing phase 2 since near primal feasible with unperturbed costs
num / max / sum primal infeasiblitiles
1 /   0.0002157 /   0.0002157 (  perturbed bounds)
1 /   0.0002158 /   0.0002158 (unperturbed bounds)
Solve 1: Forcing phase 2 since near primal feasible with unperturbed costs
num / max / sum primal infeasiblitiles
1 /   0.0001803 /   0.0001803 (  perturbed bounds)
1 /   0.0001803 /   0.0001803 (unperturbed bounds)
Solve 1: Forcing phase 2 since near primal feasible with unperturbed costs
num / max / sum primal infeasiblitiles
1 /   0.0001241 /   0.0001241 (  perturbed bounds)
1 /   0.0001241 /   0.0001241 (unperturbed bounds)
Solve 1: Forcing phase 2 since near primal feasible with unperturbed costs
num / max / sum primal infeasiblitiles
1 /   0.0002907 /   0.0002907 (  perturbed bounds)
1 /   0.0002909 /   0.0002909 (unperturbed bounds)
Solve 1: Forcing phase 2 since near primal feasible with unperturbed costs
num / max / sum primal infeasiblitiles
1 /   0.0002984 /   0.0002984 (  perturbed bounds)
1 /   0.0002985 /   0.0002985 (unperturbed bounds)
Solve 1: Forcing phase 2 since near primal feasible with unperturbed costs
num / max / sum primal infeasiblitiles
1 /   0.0002233 /   0.0002233 (  perturbed bounds)
1 /   0.0002235 /   0.0002235 (unperturbed bounds)
Solve 1: Forcing phase 2 since near primal feasible with unperturbed costs
num / max / sum primal infeasiblitiles
1 /   0.0001607 /   0.0001607 (  perturbed bounds)
1 /   0.0001609 /   0.0001609 (unperturbed bounds)
Solve 1: Forcing phase 2 since near primal feasible with unperturbed costs
num / max / sum primal infeasiblitiles
1 /   6.479e-05 /   6.479e-05 (  perturbed bounds)
1 /   6.482e-05 /   6.482e-05 (unperturbed bounds)
Solve 1: Forcing phase 2 since near primal feasible with unperturbed costs
num / max / sum primal infeasiblitiles
1 /   0.0001903 /   0.0001903 (  perturbed bounds)
1 /   0.0001905 /   0.0001905 (unperturbed bounds)
Solve 1: Forcing phase 2 since near primal feasible with unperturbed costs
num / max / sum primal infeasiblitiles
1 /   0.0001202 /   0.0001202 (  perturbed bounds)
1 /   0.0001204 /   0.0001204 (unperturbed bounds)
Solve 1: Forcing phase 2 since near primal feasible with unperturbed costs
num / max / sum primal infeasiblitiles
1 /   0.0002898 /   0.0002898 (  perturbed bounds)
1 /   0.0002897 /   0.0002897 (unperturbed bounds)
Solve 1: Forcing phase 2 since near primal feasible with unperturbed costs
num / max / sum primal infeasiblitiles
1 /   5.176e-05 /   5.176e-05 (  perturbed bounds)
1 /   5.195e-05 /   5.195e-05 (unperturbed bounds)
Solve 1: Forcing phase 2 since near primal feasible with unperturbed costs
num / max / sum primal infeasiblitiles
1 /     0.00018 /     0.00018 (  perturbed bounds)
1 /   0.0001802 /   0.0001802 (unperturbed bounds)
Solve 1: Forcing phase 2 since near primal feasible with unperturbed costs
num / max / sum primal infeasiblitiles
1 /   9.627e-05 /   9.627e-05 (  perturbed bounds)
1 /   9.647e-05 /   9.647e-05 (unperturbed bounds)
Solve 1: Forcing phase 2 since near primal feasible with unperturbed costs
num / max / sum primal infeasiblitiles
1 /   4.763e-05 /   4.763e-05 (  perturbed bounds)
1 /   4.766e-05 /   4.766e-05 (unperturbed bounds)
Solve 1: Forcing phase 2 since near primal feasible with unperturbed costs
num / max / sum primal infeasiblitiles
1 /   0.0001072 /   0.0001072 (  perturbed bounds)
1 /   0.0001074 /   0.0001074 (unperturbed bounds)
Solve 1: Forcing phase 2 since near primal feasible with unperturbed costs
num / max / sum primal infeasiblitiles
1 /    0.000223 /    0.000223 (  perturbed bounds)
1 /   0.0002232 /   0.0002232 (unperturbed bounds)
Solve 1: Forcing phase 2 since near primal feasible with unperturbed costs
num / max / sum primal infeasiblitiles
1 /   0.0002991 /   0.0002991 (  perturbed bounds)
1 /   0.0002992 /   0.0002992 (unperturbed bounds)
Solve 1: Forcing phase 2 since near primal feasible with unperturbed costs
num / max / sum primal infeasiblitiles
1 /     2.6e-05 /     2.6e-05 (  perturbed bounds)
1 /   2.601e-05 /   2.601e-05 (unperturbed bounds)
Solve 1: Forcing phase 2 since near primal feasible with unperturbed costs
num / max / sum primal infeasiblitiles
1 /   3.223e-05 /   3.223e-05 (  perturbed bounds)
1 /   3.226e-05 /   3.226e-05 (unperturbed bounds)
Solve 1: Forcing phase 2 since near primal feasible with unperturbed costs
num / max / sum primal infeasiblitiles
1 /   0.0003133 /   0.0003133 (  perturbed bounds)
1 /   0.0003134 /   0.0003134 (unperturbed bounds)
Solve 1: Forcing phase 2 since near primal feasible with unperturbed costs
num / max / sum primal infeasiblitiles
1 /   0.0001805 /   0.0001805 (  perturbed bounds)
1 /   0.0001806 /   0.0001806 (unperturbed bounds)
Solve 1: Forcing phase 2 since near primal feasible with unperturbed costs
num / max / sum primal infeasiblitiles
1 /   7.657e-05 /   7.657e-05 (  perturbed bounds)
1 /   7.673e-05 /   7.673e-05 (unperturbed bounds)
Solve 1: Forcing phase 2 since near primal feasible with unperturbed costs
num / max / sum primal infeasiblitiles
1 /   0.0001054 /   0.0001054 (  perturbed bounds)
1 /   0.0001055 /   0.0001055 (unperturbed bounds)
Solve 1: Forcing phase 2 since near primal feasible with unperturbed costs
num / max / sum primal infeasiblitiles
2 /   0.0002925 /   0.0005641 (  perturbed bounds)
2 /   0.0002927 /   0.0005643 (unperturbed bounds)
Solve 1: Forcing phase 2 since near primal feasible with unperturbed costs
num / max / sum primal infeasiblitiles
1 /   0.0002065 /   0.0002065 (  perturbed bounds)
1 /   0.0002065 /   0.0002065 (unperturbed bounds)
Solve 1: Forcing phase 2 since near primal feasible with unperturbed costs
num / max / sum primal infeasiblitiles
1 /   0.0001675 /   0.0001675 (  perturbed bounds)
1 /   0.0001676 /   0.0001676 (unperturbed bounds)
Solve 1: Forcing phase 2 since near primal feasible with unperturbed costs
num / max / sum primal infeasiblitiles
1 /   4.816e-05 /   4.816e-05 (  perturbed bounds)
1 /   4.819e-05 /   4.819e-05 (unperturbed bounds)
Solve 1: Forcing phase 2 since near primal feasible with unperturbed costs
num / max / sum primal infeasiblitiles
1 /   0.0002591 /   0.0002591 (  perturbed bounds)
1 /   0.0002592 /   0.0002592 (unperturbed bounds)
Solve 1: Forcing phase 2 since near primal feasible with unperturbed costs
num / max / sum primal infeasiblitiles
1 /   0.0001887 /   0.0001887 (  perturbed bounds)
1 /   0.0001889 /   0.0001889 (unperturbed bounds)
Solve 1: Forcing phase 2 since near primal feasible with unperturbed costs
num / max / sum primal infeasiblitiles
1 /   0.0001973 /   0.0001973 (  perturbed bounds)
1 /   0.0001973 /   0.0001973 (unperturbed bounds)
Solve 1: Forcing phase 2 since near primal feasible with unperturbed costs
num / max / sum primal infeasiblitiles
1 /    0.000113 /    0.000113 (  perturbed bounds)
1 /   0.0001132 /   0.0001132 (unperturbed bounds)
Solve 1: Forcing phase 2 since near primal feasible with unperturbed costs
num / max / sum primal infeasiblitiles
1 /   0.0002598 /   0.0002598 (  perturbed bounds)
1 /     0.00026 /     0.00026 (unperturbed bounds)
Solve 1: Forcing phase 2 since near primal feasible with unperturbed costs
num / max / sum primal infeasiblitiles
1 /   0.0001696 /   0.0001696 (  perturbed bounds)
1 /   0.0001698 /   0.0001698 (unperturbed bounds)
Solve 1: Forcing phase 2 since near primal feasible with unperturbed costs
num / max / sum primal infeasiblitiles
1 /   0.0002448 /   0.0002448 (  perturbed bounds)
1 /   0.0002448 /   0.0002448 (unperturbed bounds)
Solve 1: Forcing phase 2 since near primal feasible with unperturbed costs
num / max / sum primal infeasiblitiles
1 /    0.000258 /    0.000258 (  perturbed bounds)
1 /   0.0002582 /   0.0002582 (unperturbed bounds)
Solve 1: Forcing phase 2 since near primal feasible with unperturbed costs
num / max / sum primal infeasiblitiles
1 /   0.0001909 /   0.0001909 (  perturbed bounds)
1 /   0.0001911 /   0.0001911 (unperturbed bounds)
Solve 1: Forcing phase 2 since near primal feasible with unperturbed costs
num / max / sum primal infeasiblitiles
1 /   0.0002405 /   0.0002405 (  perturbed bounds)
1 /   0.0002405 /   0.0002405 (unperturbed bounds)
Solve 1: Forcing phase 2 since near primal feasible with unperturbed costs
num / max / sum primal infeasiblitiles
1 /   4.201e-05 /   4.201e-05 (  perturbed bounds)
1 /   4.217e-05 /   4.217e-05 (unperturbed bounds)
Solve 1: Forcing phase 2 since near primal feasible with unperturbed costs
num / max / sum primal infeasiblitiles
1 /   0.0002775 /   0.0002775 (  perturbed bounds)
1 /   0.0002775 /   0.0002775 (unperturbed [ 3087.6s]   [q64] 655/700
bounds)
Solve 1: Forcing phase 2 since near primal feasible with unperturbed costs
num / max / sum primal infeasiblitiles
1 /   6.944e-05 /   6.944e-05 (  perturbed bounds)
1 /   6.961e-05 /   6.961e-05 (unperturbed bounds)
Solve 1: Forcing phase 2 since near primal feasible with unperturbed costs
num / max / sum primal infeasiblitiles
2 /   0.0002715 /   0.0003629 (  perturbed bounds)
2 /   0.0002715 /    0.000363 (unperturbed bounds)
Solve 1: Forcing phase 2 since near primal feasible with unperturbed costs
num / max / sum primal infeasiblitiles
1 /   0.0001515 /   0.0001515 (  perturbed bounds)
1 /   0.0001516 /   0.0001516 (unperturbed bounds)
Solve 1: Forcing phase 2 since near primal feasible with unperturbed costs
num / max / sum primal infeasiblitiles
1 /   5.002e-05 /   5.002e-05 (  perturbed bounds)
1 /   5.022e-05 /   5.022e-05 (unperturbed bounds)
Solve 1: Forcing phase 2 since near primal feasible with unperturbed costs
num / max / sum primal infeasiblitiles
1 /   0.0002728 /   0.0002728 (  perturbed bounds)
1 /   0.0002728 /   0.0002728 (unperturbed bounds)
Solve 1: Forcing phase 2 since near primal feasible with unperturbed costs
num / max / sum primal infeasiblitiles
1 /   0.0001364 /   0.0001364 (  perturbed bounds)
1 /   0.0001364 /   0.0001364 (unperturbed bounds)
Solve 1: Forcing phase 2 since near primal feasible with unperturbed costs
num / max / sum primal infeasiblitiles
1 /    0.000269 /    0.000269 (  perturbed bounds)
1 /   0.0002692 /   0.0002692 (unperturbed bounds)
Solve 1: Forcing phase 2 since near primal feasible with unperturbed costs
num / max / sum primal infeasiblitiles
1 /   0.0002287 /   0.0002287 (  perturbed bounds)
1 /   0.0002287 /   0.0002287 (unperturbed bounds)
Solve 1: Forcing phase 2 since near primal feasible with unperturbed costs
num / max / sum primal infeasiblitiles
1 /    0.000179 /    0.000179 (  perturbed bounds)
1 /   0.0001792 /   0.0001792 (unperturbed bounds)
Solve 1: Forcing phase 2 since near primal feasible with unperturbed costs
num / max / sum primal infeasiblitiles
1 /   7.653e-05 /   7.653e-05 (  perturbed bounds)
1 /   7.673e-05 /   7.673e-05 (unperturbed bounds)
Solve 1: Forcing phase 2 since near primal feasible with unperturbed costs
num / max / sum primal infeasiblitiles
1 /   0.0001111 /   0.0001111 (  perturbed bounds)
1 /   0.0001113 /   0.0001113 (unperturbed bounds)
Solve 1: Forcing phase 2 since near primal feasible with unperturbed costs
num / max / sum primal infeasiblitiles
1 /   0.0001048 /   0.0001048 (  perturbed bounds)
1 /    0.000105 /    0.000105 (unperturbed bounds)
Solve 1: Forcing phase 2 since near primal feasible with unperturbed costs
num / max / sum primal infeasiblitiles
1 /   0.0001236 /   0.0001236 (  perturbed bounds)
1 /   0.0001238 /   0.0001238 (unperturbed bounds)
Solve 1: Forcing phase 2 since near primal feasible with unperturbed costs
num / max / sum primal infeasiblitiles
1 /   0.0002554 /   0.0002554 (  perturbed bounds)
1 /   0.0002555 /   0.0002555 (unperturbed bounds)
Solve 1: Forcing phase 2 since near primal feasible with unperturbed costs
num / max / sum primal infeasiblitiles
1 /   0.0002347 /   0.0002347 (  perturbed bounds)
1 /   0.0002348 /   0.0002348 (unperturbed bounds)
Solve 1: Forcing phase 2 since near primal feasible with unperturbed costs
num / max / sum primal infeasiblitiles
1 /   9.521e-05 /   9.521e-05 (  perturbed bounds)
1 /   9.525e-05 /   9.525e-05 (unperturbed bounds)
Solve 1: Forcing phase 2 since near primal feasible with unperturbed costs
num / max / sum primal infeasiblitiles
1 /   7.482e-05 /   7.482e-05 (  perturbed bounds)
1 /   7.486e-05 /   7.486e-05 (unperturbed bounds)
Solve 1: Forcing phase 2 since near primal feasible with unperturbed costs
num / max / sum primal infeasiblitiles
1 /   9.422e-05 /   9.422e-05 (  perturbed bounds)
1 /   9.441e-05 /   9.441e-05 (unperturbed bounds)
Solve 1: Forcing phase 2 since near primal feasible with unperturbed costs
num / max / sum primal infeasiblitiles
1 /   5.878e-05 /   5.878e-05 (  perturbed bounds)
1 /   5.881e-05 /   5.881e-05 (unpe[ 3148.9s]   QUANTUM n=64: N=700 mean=10.534 sd=1.026 skew=+0.4202+-0.093 exkurt=+0.265  [z_TW +2.12  z_Plan +0.78  z_0 +4.54]
[ 3148.9s] == DECIDER ==
[ 3148.9s]   trajectory: 0.378(20) 0.281(28) 0.196(32) 0.209(40) 0.220(56) 0.420(64)
[ 3148.9s]   reading (i): ACCELERATED UNIVERSALITY - on TW asymptote, below the integrable finite-size curve
[ 3148.9s] DONE
rturbed bounds)
Solve 1: Forcing phase 2 since near primal feasible with unperturbed costs
num / max / sum primal infeasiblitiles
1 /   0.0002094 /   0.0002094 (  perturbed bounds)
1 /   0.0002095 /   0.0002095 (unperturbed bounds)
Solve 1: Forcing phase 2 since near primal feasible with unperturbed costs
num / max / sum primal infeasiblitiles
1 /    0.000221 /    0.000221 (  perturbed bounds)
1 /    0.000221 /    0.000221 (unperturbed bounds)
Solve 1: Forcing phase 2 since near primal feasible with unperturbed costs
num / max / sum primal infeasiblitiles
1 /   7.104e-05 /   7.104e-05 (  perturbed bounds)
1 /   7.122e-05 /   7.122e-05 (unperturbed bounds)
Solve 1: Forcing phase 2 since near primal feasible with unperturbed costs
num / max / sum primal infeasiblitiles
1 /   7.845e-05 /   7.845e-05 (  perturbed bounds)
1 /   7.864e-05 /   7.864e-05 (unperturbed bounds)
Solve 1: Forcing phase 2 since near primal feasible with unperturbed costs
num / max / sum primal infeasiblitiles
1 /    4.09e-05 /    4.09e-05 (  perturbed bounds)
1 /   4.094e-05 /   4.094e-05 (unperturbed bounds)
Solve 1: Forcing phase 2 since near primal feasible with unperturbed costs
num / max / sum primal infeasiblitiles
1 /    0.000102 /    0.000102 (  perturbed bounds)
1 /    0.000102 /    0.000102 (unperturbed bounds)
Solve 1: Forcing phase 2 since near primal feasible with unperturbed costs
num / max / sum primal infeasiblitiles
1 /   0.0002159 /   0.0002159 (  perturbed bounds)
1 /   0.0002161 /   0.0002161 (unperturbed bounds)
Solve 1: Forcing phase 2 since near primal feasible with unperturbed costs
num / max / sum primal infeasiblitiles
1 /   4.853e-06 /   4.853e-06 (  perturbed bounds)
1 /   5.013e-06 /   5.013e-06 (unperturbed bounds)
Solve 1: Forcing phase 2 since near primal feasible with unperturbed costs
num / max / sum primal infeasiblitiles
1 /    0.000139 /    0.000139 (  perturbed bounds)
1 /   0.0001392 /   0.0001392 (unperturbed bounds)
Solve 1: Forcing phase 2 since near primal feasible with unperturbed costs
num / max / sum primal infeasiblitiles
1 /   4.623e-05 /   4.623e-05 (  perturbed bounds)
1 /   4.642e-05 /   4.642e-05 (unperturbed bounds)
Solve 1: Forcing phase 2 since near primal feasible with unperturbed costs
num / max / sum primal infeasiblitiles
1 /   0.0002778 /   0.0002778 (  perturbed bounds)
1 /    0.000278 /    0.000278 (unperturbed bounds)
