[    0.3s] quantum n=20: 4000 paths
Solve 1: Forcing phase 2 since near primal feasible with unperturbed costs
num / max / sum primal infeasiblitiles
1 /   0.0002511 /   0.0002511 (  perturbed bounds)
1 /   0.0002511 /   0.0002511 (unperturbed bounds)
Solve 1: Forcing phase 2 since near primal feasible with unperturbed costs
num / max / sum primal infeasiblitiles
1 /   0.0002124 /   0.0002124 (  perturbed bounds)
1 /   0.0002125 /   0.0002125 (unperturbed bounds)
Solve 1: Forcing phase 2 since near primal feasible with unperturbed costs
num / max / sum primal infeasiblitiles
1 /   7.657e-05 /   7.657e-05 (  perturbed bounds)
1 /   7.673e-05 /   7.673e-05 (unperturbed bounds)
Solve 1: Forcing phase 2 since near primal feasible with unperturbed costs
num / max / sum primal infeasiblitiles
1 /     0.00023 /     0.00023 (  perturbed bounds)
1 /   0.0002302 /   0.0002302 (unperturbed bounds)
Solve 1: Forcing phase 2 since near primal feasible with unperturbed costs
num / max / sum primal infeasiblitiles
1 /   0.0002986 /   0.0002986 (  perturbed bounds)
1 /   0.0002986 /   0.0002986 (unperturbed bounds)
Solve 1: Forcing phase 2 since near primal feasible with unperturbed costs
num / max / sum primal infeasiblitiles
1 /   0.0001533 /   0.0001533 (  perturbed bounds)
1 /   0.0001535 /   0.0001535 (unperturbed bounds)
Solve 1: Forcing phase 2 since near primal feasible with unperturbed costs
num / max / sum primal infeasiblitiles
1 /   0.0002123 /   0.0002123 (  perturbed bounds)
1 /   0.0002125 /   0.0002125 (unperturbed bounds)
Solve 1: Forcing phase 2 since near primal feasible with unperturbed costs
num / max / sum primal infeasiblitiles
1 /   0.0001379 /   0.0001379 (  perturbed bounds)
1 /   0.0001381 /   0.0001381 (unperturbed bounds)
Solve 1: Forcing phase 2 since near primal feasible with unperturbed costs
num / max / sum primal infeasiblitiles
1 /    0.000276 /    0.000276 (  perturbed bounds)
1 /   0.0002762 /   0.0002762 (unperturbed bounds)
Solve 1: Forcing phase 2 since near primal feasible with unperturbed costs
num / max / sum primal infeasiblitiles
1 /    0.000276 /    0.000276 (  perturbed bounds)
1 /   0.0002762 /   0.0002762 (unperturbed bounds)
Solve 1: Forcing phase 2 since near primal feasible with unperturbed costs
num / max / sum primal infeasiblitiles
1 /   0.0002124 /   0.0002124 (  perturbed bounds)
1 /   0.0002125 /   0.0002125 (unperturbed bounds)
Solve 1: Forcing phase 2 since near primal feasible with unperturbed costs
num / max / sum primal infeasiblitiles
1 /   4.913e-05 /   4.913e-05 (  perturbed bounds)
1 /   4.932e-05 /   4.932e-05 (unperturbed bounds)
Solve 1: Forcing phase 2 since near primal feasible with unperturbed costs
num / max / sum primal infeasiblitiles
1 /    0.000184 /    0.000184 (  perturbed bounds)
1 /   0.0001841 /   0.0001841 (unperturbed bounds)
Solve 1: Forcing phase 2 since near primal feasible with unperturbed costs
num / max / sum primal infeasiblitiles
1 /   0.0002124 /   0.0002124 (  perturbed bounds)
1 /   0.0002125 /   0.0002125 (unperturbed bounds)
Solve 1: Forcing phase 2 since near primal feasible with unperturbed costs
num / max / sum primal infeasiblitiles
1 /   0.0001381 /   0.0001381 (  perturbed bounds)
1 /   0.0001381 /   0.0001381 (unperturbed bounds)
Solve 1: Forcing phase 2 since near primal feasible with unperturbed costs
num / max / sum primal infeasiblitiles
1 /   0.0001624 /   0.0001624 (  perturbed bounds)
1 /   0.0001625 /   0.0001625 (unperturbed bounds)
Solve 1: Forcing phase 2 since near primal feasible with unperturbed costs
num / max / sum primal infeasiblitiles
1 /     0.00023 /     0.00023 (  perturbed bounds)
1 /   0.0002302 /   0.0002302 (unperturbed bounds)
Solve 1: Forcing phase 2 since near primal feasible with unperturbed costs
num / max / sum primal infeasiblitiles
1 /    0.000276 /    0.000276 (  perturbed bounds)
1 /   0.0002762 /   0.0002762 (unperturbed bounds)
Solve 1: Forcing phase 2 since near primal feasible with unperturbed costs
num / max / sum primal infeasiblitiles
1 /   0.0003067 /   0.0003067 (  perturbed bounds)
1 /   0.0003069 /   0.0003069 (unperturbed [  180.4s]   [q20] 1340/4000
bounds)
Solve 1: Forcing phase 2 since near primal feasible with unperturbed costs
num / max / sum primal infeasiblitiles
1 /   0.0001534 /   0.0001534 (  perturbed bounds)
1 /   0.0001535 /   0.0001535 (unperturbed bounds)
Solve 1: Forcing phase 2 since near primal feasible with unperturbed costs
num / max / sum primal infeasiblitiles
1 /   0.0003067 /   0.0003067 (  perturbed bounds)
1 /   0.0003069 /   0.0003069 (unperturbed bounds)
Solve 1: Forcing phase 2 since near primal feasible with unperturbed costs
num / max / sum primal infeasiblitiles
1 /    0.000138 /    0.000138 (  perturbed bounds)
1 /   0.0001381 /   0.0001381 (unperturbed bounds)
Solve 1: Forcing phase 2 since near primal feasible with unperturbed costs
num / max / sum primal infeasiblitiles
1 /   0.0002123 /   0.0002123 (  perturbed bounds)
1 /   0.0002125 /   0.0002125 (unperturbed bounds)
Solve 1: Forcing phase 2 since near primal feasible with unperturbed costs
num / max / sum primal infeasiblitiles
1 /    0.000276 /    0.000276 (  perturbed bounds)
1 /   0.0002762 /   0.0002762 (unperturbed bounds)
Solve 1: Forcing phase 2 since near primal feasible with unperturbed costs
num / max / sum primal infeasiblitiles
1 /   0.0001672 /   0.0001672 (  perturbed bounds)
1 /   0.0001674 /   0.0001674 (unperturbed bounds)
Solve 1: Forcing phase 2 since near primal feasible with unperturbed costs
num / max / sum primal infeasiblitiles
1 /   5.736e-05 /   5.736e-05 (  perturbed bounds)
1 /   5.754e-05 /   5.754e-05 (unperturbed bounds)
Solve 1: Forcing phase 2 since near primal feasible with unperturbed costs
num / max / sum primal infeasiblitiles
1 /    0.000178 /    0.000178 (  perturbed bounds)
1 /   0.0001782 /   0.0001782 (unperturbed bounds)
Solve 1: Forcing phase 2 since near primal feasible with unperturbed costs
num / max / sum primal infeasiblitiles
1 /   0.0002762 /   0.0002762 (  perturbed bounds)
1 /   0.0002762 /   0.0002762 (unperturbed bounds)
Solve 1: Forcing phase 2 since near primal feasible with unperturbed costs
num / max / sum primal infeasiblitiles
1 /   8.242e-05 /   8.242e-05 (  perturbed bounds)
1 /   8.245e-05 /   8.245e-05 (unperturbed bounds)
Solve 1: Forcing phase 2 since near primal feasible with unperturbed costs
num / max / sum primal infeasiblitiles
1 /   0.0001416 /   0.0001416 (  perturbed bounds)
1 /   0.0001416 /   0.0001416 (unperturbed bounds)
Solve 1: Forcing phase 2 since near primal feasible with unperturbed costs
num / max / sum primal infeasiblitiles
1 /   0.0001971 /   0.0001971 (  perturbed bounds)
1 /   0.0001973 /   0.0001973 (unperturbed bounds)
Solve 1: Forcing phase 2 since near primal feasible with unperturbed costs
num / max / sum primal infeasiblitiles
1 /   6.718e-05 /   6.718e-05 (  perturbed bounds)
1 /   6.737e-05 /   6.737e-05 (unperturbed bounds)
Solve 1: Forcing phase 2 since near primal feasible with unperturbed costs
num / max / sum primal infeasiblitiles
1 /   0.0003069 /   0.0003069 (  perturbed bounds)
1 /   0.0003069 /   0.0003069 (unperturbed bounds)
Solve 1: Forcing phase 2 since near primal feasible with unperturbed costs
num / max / sum primal infeasiblitiles
1 /   0.0002629 /   0.0002629 (  perturbed bounds)
1 /   0.0002631 /   0.0002631 (unperturbed bounds)
Solve 1: Forcing phase 2 since near primal feasible with unperturbed costs
num / max / sum primal infeasiblitiles
1 /   0.0001416 /   0.0001416 (  perturbed bounds)
1 /   0.0001416 /   0.0001416 (unperturbed bounds)
Solve 1: Forcing phase 2 since near primal feasible with unperturbed costs
num / max / sum primal infeasiblitiles
1 /   0.0001313 /   0.0001313 (  perturbed bounds)
1 /   0.0001315 /   0.0001315 (unperturbed bounds)
Solve 1: Forcing phase 2 since near primal feasible with unperturbed costs
num / max / sum primal infeasiblitiles
1 /   0.0003067 /   0.0003067 (  perturbed bounds)
1 /   0.0003069 /   0.0003069 (unperturbed bounds)
Solve 1: Forcing phase 2 since near primal feasible with unperturbed costs
num / max / sum primal infeasiblitiles
1 /   0.0001533 /   0.0001533 (  perturbed bounds)
1 /   0.0001535 /   0.0001535 (unpe[  360.4s]   [q20] 2764/4000
rturbed bounds)
Solve 1: Forcing phase 2 since near primal feasible with unperturbed costs
num / max / sum primal infeasiblitiles
1 /   0.0003067 /   0.0003067 (  perturbed bounds)
1 /   0.0003069 /   0.0003069 (unperturbed bounds)
Solve 1: Forcing phase 2 since near primal feasible with unperturbed costs
num / max / sum primal infeasiblitiles
1 /   0.0001315 /   0.0001315 (  perturbed bounds)
1 /   0.0001315 /   0.0001315 (unperturbed bounds)
Solve 1: Forcing phase 2 since near primal feasible with unperturbed costs
num / max / sum primal infeasiblitiles
1 /   0.0002906 /   0.0002906 (  perturbed bounds)
1 /   0.0002908 /   0.0002908 (unperturbed bounds)
Solve 1: Forcing phase 2 since near primal feasible with unperturbed costs
num / max / sum primal infeasiblitiles
1 /   5.739e-05 /   5.739e-05 (  perturbed bounds)
1 /   5.754e-05 /   5.754e-05 (unperturbed bounds)
Solve 1: Forcing phase 2 since near primal feasible with unperturbed costs
num / max / sum primal infeasiblitiles
1 /   0.0002301 /   0.0002301 (  perturbed bounds)
1 /   0.0002302 /   0.0002302 (unperturbed bounds)
Solve 1: Forcing phase 2 since near primal feasible with unperturbed costs
num / max / sum primal infeasiblitiles
1 /    0.000276 /    0.000276 (  perturbed bounds)
1 /   0.0002762 /   0.0002762 (unperturbed bounds)
Solve 1: Forcing phase 2 since near primal feasible with unperturbed costs
num / max / sum primal infeasiblitiles
1 /   3.269e-05 /   3.269e-05 (  perturbed bounds)
1 /   3.288e-05 /   3.288e-05 (unperturbed bounds)
Solve 1: Forcing phase 2 since near primal feasible with unperturbed costs
num / max / sum primal infeasiblitiles
1 /   0.0001726 /   0.0001726 (  perturbed bounds)
1 /   0.0001726 /   0.0001726 (unperturbed bounds)
Solve 1: Forcing phase 2 since near primal feasible with unperturbed costs
num / max / sum primal infeasiblitiles
1 /    0.000263 /    0.000263 (  perturbed bounds)
1 /   0.0002631 /   0.0002631 (unperturbed bounds)
Solve 1: Forcing phase 2 since near primal feasible with unperturbed costs
num / max / sum primal infeasiblitiles
1 /     0.00024 /     0.00024 (  perturbed bounds)
1 /   0.0002402 /   0.0002402 (unperturbed bounds)
Solve 1: Forcing phase 2 since near primal feasible with unperturbed costs
num / max / sum primal infeasiblitiles
1 /   0.0003069 /   0.0003069 (  perturbed bounds)
1 /   0.0003069 /   0.0003069 (unperturbed bounds)
Solve 1: Forcing phase 2 since near primal feasible with unperturbed costs
num / max / sum primal infeasiblitiles
1 /   0.0002509 /   0.0002509 (  perturbed bounds)
1 /   0.0002511 /   0.0002511 (unperturbed bounds)
Solve 1: Forcing phase 2 since near primal feasible with unperturbed costs
num / max / sum primal infeasiblitiles
1 /   8.628e-05 /   8.628e-05 (  perturbed bounds)
1 /   8.632e-05 /   8.632e-05 (unperturbed bounds)
Solve 1: Forcing phase 2 since near primal feasible with unperturbed costs
num / max / sum primal infeasiblitiles
1 /   0.0002906 /   0.0002906 (  perturbed bounds)
1 /   0.0002908 /   0.0002908 (unperturbed bounds)
Solve 1: Forcing phase 2 since near primal feasible with unperturbed costs
num / max / sum primal infeasiblitiles
1 /   5.735e-05 /   5.735e-05 (  perturbed bounds)
1 /   5.754e-05 /   5.754e-05 (unperturbed bounds)
Solve 1: Forcing phase 2 since near primal feasible with unperturbed costs
num / max / sum primal infeasiblitiles
1 /   5.292e-05 /   5.292e-05 (  perturbed bounds)
1 /   5.312e-05 /   5.312e-05 (unperturbed bounds)
Solve 1: Forcing phase 2 since near primal feasible with unperturbed costs
num / max / sum primal infeasiblitiles
1 /   0.0001083 /   0.0001083 (  perturbed bounds)
1 /   0.0001083 /   0.0001083 (unperturbed bounds)
Solve 1: Forcing phase 2 since near primal feasible with unperturbed costs
num / max / sum primal infeasiblitiles
1 /   0.0002209 /   0.0002209 (  perturbed bounds)
1 /    0.000221 /    0.000221 (unperturbed bounds)
Solve 1: Forcing phase 2 since near primal feasible with unperturbed costs
num / max / sum primal infeasiblitiles
1 /   0.0001379 /   0.0001379 (  perturbed bounds)
1 /   0.0001381 /   0.0001381 (unperturbed bounds)
Solve 1: Forcing phase 2 since near primal feasible with unperturbed costs
num / max / sum primal infeasiblitiles
1 /   0.0001379 /   0.0001379 (  perturbed bounds)
1 /   0.0001381 /   0.0001381 (unperturbed bounds)
Solve 1: Forcing phase 2 since near primal feasible with unperturbed costs
num / max / sum primal infeasiblitiles
1 /   0.0001214 /   0.0001214 (  perturbed bounds)
1 /   0.0001214 /   0.0001214 (unperturbed bounds)
Solve 1: Forcing phase 2 since near primal feasible with unperturbed costs
num / max / sum primal infeasiblitiles
1 /   0.0002046 /   0.0002046 (  perturbed bounds)
1 /   0.0002046 /   0.0002046 (unperturbed bounds)
Solve 1: Forcing phase 2 since near primal feasible with unperturbed costs
num / max / sum primal infeasiblitiles
1 /   0.0001601 /   0.0001601 (  perturbed bounds)
1 /   0.0001601 /   0.0001601 (unperturbed bounds)
Solve 1: Forcing phase 2 since near primal feasible with unperturbed costs
num / max / sum primal infeasiblitiles
1 /    0.000106 /    0.000106 (  perturbed bounds)
1 /   0.0001062 /   0.0001062 (unperturbed bounds)
Solve 1: Forcing phase 2 since near primal feasible with unperturbed costs
num / max / sum primal infeasiblitiles
1 /   0.0001623 /   0.0001623 (  perturbed bounds)
1 /   0.0001625 /   0.0001625 (unperturbed bounds)
Solve 1: Forcing phase 2 since near primal feasible with unperturbed costs
num / max / sum primal infeasiblitiles
1 /   0.0001623 /   0.0001623 (  perturbed bounds)
1 /   0.0001625 /   0.0001625 (unperturbed bounds)
Solve 1: Forcing phase 2 since near primal feasible with unperturbed costs
num / max / sum primal infeasiblitiles
1 /   0.0003069 /   0.0003069 (  perturbed bounds)
1 /   0.0003069 /   0.0003069 (unperturbed bounds)
Solve 1: Forcing phase 2 since near primal feasible with unperturbed costs
num / max / sum primal infeasiblitiles
1 /   0.0001674 /   0.0001674 (  perturbed bounds)
1 /   0.0001674 /   0.0001674 (unperturbed bounds)
Solve 1: Forcing phase 2 since near primal feasible with unperturbed costs
num / max / sum primal infeasiblitiles
1 /   0.0001381 /   0.0001381 (  perturbed bounds)
1 /   0.0001381 /   0.0001381 (unperturbed bounds)
Solve 1: Forcing phase 2 since near primal feasible with unperturbed costs
num / max / sum primal infeasiblitiles
1 /   0.0002831 /   0.0002831 (  perturbed bounds)
1 /   0.0002833 /   0.0002833 (unperturbed bounds)
Solve 1: Forcing phase 2 since near primal feasible with unperturbed costs
num / max / sum primal infeasiblitiles
1 /   0.0002209 /   0.0002209 (  perturbed bounds)
1 /    0.000221 /    0.000221 (unperturbed bounds)
Solve 1: Forcing phase 2 since near primal feasible with unperturbed costs
num / max / sum primal infeasiblitiles
1 /   3.833e-05 /   3.833e-05 (  perturbed bounds)
1 /   3.836e-05 /   3.836e-05 (unperturbed bounds)
Solve 1: Forcing phase 2 since near primal feasible with unperturbed costs
num / max / sum primal infeasiblitiles
1 /   0.0001726 /   0.0001726 (  perturbed bounds)
1 /   0.0001726 /   0.0001726 (unperturbed bounds)
Solve 1: Forcing phase 2 since near primal feasible with unperturbed costs
num / max / sum primal infeasiblitiles
1 /   0.0001971 /   0.0001971 (  perturbed bounds)
1 /   0.0001973 /   0.0001973 (unperturbed bounds)
Solve 1: Forcing phase 2 since near primal feasible with unperturbed costs
num / max / sum primal infeasiblitiles
1 /   0.0001379 /   0.0001379 (  perturbed bounds)
1 /   0.0001381 /   0.0001381 (unperturbed bounds)
Solve 1: Forcing phase 2 since near primal feasible with unperturbed costs
num / max / sum primal infeasiblitiles
1 /   0.0001315 /   0.0001315 (  perturbed bounds)
1 /   0.0001315 /   0.0001315 (unperturbed bounds)
Solve 1: Forcing phase 2 since near primal feasible with unperturbed costs
num / max / sum primal infeasiblitiles
1 /   0.0002124 /   0.0002124 (  perturbed bounds)
1 /   0.0002125 /   0.0002125 (unperturbed bounds)
Solve 1: Forcing phase 2 since near primal feasible with unperturbed costs
num / max / sum primal infeasiblitiles
1 /   0.0002629 /   0.0002629 (  perturbed bounds)
1 /   0.0002631 /  [  503.4s] quantum n=28: 4000 paths
 0.0002631 (unperturbed bounds)
Solve 1: Forcing phase 2 since near primal feasible with unperturbed costs
num / max / sum primal infeasiblitiles
1 /   2.209e-05 /   2.209e-05 (  perturbed bounds)
1 /   2.228e-05 /   2.228e-05 (unperturbed bounds)
Solve 1: Forcing phase 2 since near primal feasible with unperturbed costs
num / max / sum primal infeasiblitiles
1 /   0.0002868 /   0.0002868 (  perturbed bounds)
1 /    0.000287 /    0.000287 (unperturbed bounds)
Solve 1: Forcing phase 2 since near primal feasible with unperturbed costs
num / max / sum primal infeasiblitiles
1 /   0.0001698 /   0.0001698 (  perturbed bounds)
1 /     0.00017 /     0.00017 (unperturbed bounds)
Solve 1: Forcing phase 2 since near primal feasible with unperturbed costs
num / max / sum primal infeasiblitiles
1 /   5.634e-05 /   5.634e-05 (  perturbed bounds)
1 /   5.637e-05 /   5.637e-05 (unperturbed bounds)
Solve 1: Forcing phase 2 since near primal feasible with unperturbed costs
num / max / sum primal infeasiblitiles
1 /   0.0002387 /   0.0002387 (  perturbed bounds)
1 /   0.0002389 /   0.0002389 (unperturbed bounds)
Solve 1: Forcing phase 2 since near primal feasible with unperturbed costs
num / max / sum primal infeasiblitiles
1 /   0.0001623 /   0.0001623 (  perturbed bounds)
1 /   0.0001625 /   0.0001625 (unperturbed bounds)
Solve 1: Forcing phase 2 since near primal feasible with unperturbed costs
num / max / sum primal infeasiblitiles
1 /   0.0001857 /   0.0001857 (  perturbed bounds)
1 /   0.0001857 /   0.0001857 (unperturbed bounds)
Solve 1: Forcing phase 2 since near primal feasible with unperturbed costs
num / max / sum primal infeasiblitiles
1 /   0.0002986 /   0.0002986 (  perturbed bounds)
1 /   0.0002986 /   0.0002986 (unperturbed bounds)
Solve 1: Forcing phase 2 since near primal feasible with unperturbed costs
num / max / sum primal infeasiblitiles
1 /    0.000221 /    0.000221 (  perturbed bounds)
1 /    0.000221 /    0.000221 (unperturbed bounds)
Solve 1: Forcing phase 2 since near primal feasible with unperturbed costs
num / max / sum primal infeasiblitiles
1 /   0.0002208 /   0.0002208 (  perturbed bounds)
1 /    0.000221 /    0.000221 (unperturbed bounds)
Solve 1: Forcing phase 2 since near primal feasible with unperturbed costs
num / max / sum primal infeasiblitiles
1 /   0.0001199 /   0.0001199 (  perturbed bounds)
1 /   0.0001201 /   0.0001201 (unperturbed bounds)
Solve 1: Forcing phase 2 since near primal feasible with unperturbed costs
num / max / sum primal infeasiblitiles
1 /   6.204e-05 /   6.204e-05 (  perturbed bounds)
1 /   6.207e-05 /   6.207e-05 (unperturbed bounds)
Solve 1: Forcing phase 2 since near primal feasible with unperturbed costs
num / max / sum primal infeasiblitiles
1 /   0.0002241 /   0.0002241 (  perturbed bounds)
1 /   0.0002243 /   0.0002243 (unperturbed bounds)
Solve 1: Forcing phase 2 since near primal feasible with unperturbed costs
num / max / sum primal infeasiblitiles
1 /   1.193e-05 /   1.193e-05 (  perturbed bounds)
1 /   1.211e-05 /   1.211e-05 (unperturbed bounds)
Solve 1: Forcing phase 2 since near primal feasible with unperturbed costs
num / max / sum primal infeasiblitiles
1 /   0.0001971 /   0.0001971 (  perturbed bounds)
1 /   0.0001973 /   0.0001973 (unperturbed bounds)
Solve 1: Forcing phase 2 since near primal feasible with unperturbed costs
num / max / sum primal infeasiblitiles
1 /   0.0002906 /   0.0002906 (  perturbed bounds)
1 /   0.0002908 /   0.0002908 (unperturbed bounds)
Solve 1: Forcing phase 2 since near primal feasible with unperturbed costs
num / max / sum primal infeasiblitiles
1 /   0.0001647 /   0.0001647 (  perturbed bounds)
1 /   0.0001649 /   0.0001649 (unperturbed bounds)
Solve 1: Forcing phase 2 since near primal feasible with unperturbed costs
num / max / sum primal infeasiblitiles
1 /   0.0002986 /   0.0002986 (  perturbed bounds)
1 /   0.0002986 /   0.0002986 (unperturbed bounds)
Solve 1: Forcing phase 2 since near primal feasible with unperturbed costs
num / max / sum primal infeasiblitiles
1 /   8.367e-05 /   8.367e-05 (  perturbed bounds)
1 /    8.37e-05 /    8.37e-05 (unperturbed bounds)
Solve 1: Forcing phase 2 since near primal feasible with unperturbed costs
num / max / sum primal infeasiblitiles
1 /   6.368e-05 /   6.368e-05 (  perturbed bounds)
1 /   6.386e-05 /   6.386e-05 (unperturbed bounds)
Solve 1: Forcing phase 2 since near primal feasible with unperturbed costs
num / max / sum primal infeasiblitiles
1 /   1.696e-05 /   1.696e-05 (  perturbed bounds)
1 /   1.716e-05 /   1.716e-05 (unperturbed bounds)
Solve 1: Forcing phase 2 since near primal feasible with unperturbed costs
num / max / sum primal infeasiblitiles
1 /   0.0001601 /   0.0001601 (  perturbed bounds)
1 /   0.0001601 /   0.0001601 (unperturbed bounds)
Solve 1: Forcing phase 2 since near primal feasible with unperturbed costs
num / max / sum primal infeasiblitiles
1 /   0.0002761 /   0.0002761 (  perturbed bounds)
1 /   0.0002762 /   0.0002762 (unperturbed bounds)
Solve 1: Forcing phase 2 since near primal feasible with unperturbed costs
num / max / sum primal infeasiblitiles
1 /    0.000276 /    0.000276 (  perturbed bounds)
1 /   0.0002762 /   0.0002762 (unperturbed bounds)
Solve 1: Forcing phase 2 since near primal feasible with unperturbed costs
num / max / sum primal infeasiblitiles
1 /    0.000222 /    0.000222 (  perturbed bounds)
1 /   0.0002221 /   0.0002221 (unperturbed bounds)
Solve 1: Forcing phase 2 since near primal feasible with unperturbed costs
num / max / sum primal infeasiblitiles
1 /   0.0002538 /   0.0002538 (  perturbed bounds)
1 /    0.000254 /    0.000254 (unperturbed bounds)
Solve 1: Forcing phase 2 since near primal feasible with unperturbed costs
num / max / sum primal infeasiblitiles
1 /   0.0002831 /   0.0002831 (  perturbed bounds)
1 /   0.0002833 /   0.0002833 (unperturbed bounds)
Solve 1: Forcing phase 2 since near primal feasible with unperturbed costs
num / max / sum primal infeasiblitiles
1 /   0.0002762 /   0.0002762 (  perturbed bounds)
1 /   0.0002762 /   0.0002762 (unperturbed bounds)
Solve 1: Forcing phase 2 since near primal feasible with unperturbed costs
num / max / sum primal infeasiblitiles
1 /   5.097e-05 /   5.097e-05 (  perturbed bounds)
1 /   5.115e-05 /   5.115e-05 (unperturbed bounds)
Solve 1: Forcing phase 2 since near primal feasible with unperturbed costs
num / max / sum primal infeasiblitiles
1 /   0.0001824 /   0.0001824 (  perturbed bounds)
1 /   0.0001826 /   0.0001826 (unperturbed bounds)
Solve 1: Forcing phase 2 since near primal feasible with unperturbed costs
num / max / sum primal infeasiblitiles
1 /   0.0002511 /   0.0002511 (  perturbed bounds)
1 /   0.0002511 /   0.0002511 (unperturbed bounds)
Solve 1: Forcing phase 2 since near primal feasible with unperturbed costs
num / max / sum primal infeasiblitiles
1 /   7.654e-05 /   7.654e-05 (  perturbed bounds)
1 /   7.673e-05 /   7.673e-05 (unperturbed bounds)
Solve 1: Forcing phase 2 since near primal feasible with unperturbed costs
num / max / sum primal infeasiblitiles
1 /   0.0003067 /   0.0003067 (  perturbed bounds)
1 /   0.0003069 /   0.0003069 (unperturbed bounds)
Solve 1: Forcing phase 2 since near primal feasible with unperturbed costs
num / max / sum primal infeasiblitiles
1 /   0.0001284 /   0.0001284 (  perturbed bounds)
1 /   0.0001285 /   0.0001285 (unperturbed bounds)
Solve 1: Forcing phase 2 since near primal feasible with unperturbed costs
num / max / sum primal infeasiblitiles
1 /   0.0001936 /   0.0001936 (  perturbed bounds)
1 /   0.0001938 /   0.0001938 (unperturbed bounds)
Solve 1: Forcing phase 2 since near primal feasible with unperturbed costs
num / max / sum primal infeasiblitiles
1 /   0.0001397 /   0.0001397 (  perturbed bounds)
1 /   0.0001399 /   0.0001399 (unperturbed bounds)
Solve 1: Forcing phase 2 since near primal feasible with unperturbed costs
num / max / sum primal infeasiblitiles
1 /   2.357e-05 /   2.357e-05 (  perturbed bounds)
1 /   2.361e-05 /   2.361e-05 (unperturbed bounds)
Solve 1: Forcing phase 2 since near primal feasible with unperturbed costs
num / max / sum primal infeasiblitiles
1 /   2.675e-05 /   2.675e-05 (  perturbed bounds)
1 /[  683.5s]   [q28] 878/4000
   2.695e-05 /   2.695e-05 (unperturbed bounds)
Solve 1: Forcing phase 2 since near primal feasible with unperturbed costs
num / max / sum primal infeasiblitiles
1 /   0.0002851 /   0.0002851 (  perturbed bounds)
1 /   0.0002851 /   0.0002851 (unperturbed bounds)
Solve 1: Forcing phase 2 since near primal feasible with unperturbed costs
num / max / sum primal infeasiblitiles
1 /   0.0001103 /   0.0001103 (  perturbed bounds)
1 /   0.0001105 /   0.0001105 (unperturbed bounds)
Solve 1: Forcing phase 2 since near primal feasible with unperturbed costs
num / max / sum primal infeasiblitiles
1 /   0.0003155 /   0.0003155 (  perturbed bounds)
1 /   0.0003157 /   0.0003157 (unperturbed bounds)
Solve 1: Forcing phase 2 since near primal feasible with unperturbed costs
num / max / sum primal infeasiblitiles
1 /   5.874e-05 /   5.874e-05 (  perturbed bounds)
1 /   5.877e-05 /   5.877e-05 (unperturbed bounds)
Solve 1: Forcing phase 2 since near primal feasible with unperturbed costs
num / max / sum primal infeasiblitiles
1 /   3.631e-05 /   3.631e-05 (  perturbed bounds)
1 /   3.634e-05 /   3.634e-05 (unperturbed bounds)
Solve 1: Forcing phase 2 since near primal feasible with unperturbed costs
num / max / sum primal infeasiblitiles
1 /   0.0001103 /   0.0001103 (  perturbed bounds)
1 /   0.0001105 /   0.0001105 (unperturbed bounds)
Solve 1: Forcing phase 2 since near primal feasible with unperturbed costs
num / max / sum primal infeasiblitiles
1 /   0.0002509 /   0.0002509 (  perturbed bounds)
1 /   0.0002511 /   0.0002511 (unperturbed bounds)
Solve 1: Forcing phase 2 since near primal feasible with unperturbed costs
num / max / sum primal infeasiblitiles
1 /   0.0001533 /   0.0001533 (  perturbed bounds)
1 /   0.0001535 /   0.0001535 (unperturbed bounds)
Solve 1: Forcing phase 2 since near primal feasible with unperturbed costs
num / max / sum primal infeasiblitiles
1 /   5.874e-05 /   5.874e-05 (  perturbed bounds)
1 /   5.877e-05 /   5.877e-05 (unperturbed bounds)
Solve 1: Forcing phase 2 since near primal feasible with unperturbed costs
num / max / sum primal infeasiblitiles
1 /   0.0001379 /   0.0001379 (  perturbed bounds)
1 /   0.0001381 /   0.0001381 (unperturbed bounds)
Solve 1: Forcing phase 2 since near primal feasible with unperturbed costs
num / max / sum primal infeasiblitiles
1 /   0.0001315 /   0.0001315 (  perturbed bounds)
1 /   0.0001315 /   0.0001315 (unperturbed bounds)
Solve 1: Forcing phase 2 since near primal feasible with unperturbed costs
num / max / sum primal infeasiblitiles
1 /   0.0001021 /   0.0001021 (  perturbed bounds)
1 /   0.0001023 /   0.0001023 (unperturbed bounds)
Solve 1: Forcing phase 2 since near primal feasible with unperturbed costs
num / max / sum primal infeasiblitiles
1 /   0.0001275 /   0.0001275 (  perturbed bounds)
1 /   0.0001277 /   0.0001277 (unperturbed bounds)
Solve 1: Forcing phase 2 since near primal feasible with unperturbed costs
num / max / sum primal infeasiblitiles
1 /   8.613e-05 /   8.613e-05 (  perturbed bounds)
1 /   8.632e-05 /   8.632e-05 (unperturbed bounds)
Solve 1: Forcing phase 2 since near primal feasible with unperturbed costs
num / max / sum primal infeasiblitiles
1 /   0.0001554 /   0.0001554 (  perturbed bounds)
1 /   0.0001556 /   0.0001556 (unperturbed bounds)
Solve 1: Forcing phase 2 since near primal feasible with unperturbed costs
num / max / sum primal infeasiblitiles
1 /    6.48e-05 /    6.48e-05 (  perturbed bounds)
1 /   6.499e-05 /   6.499e-05 (unperturbed bounds)
Solve 1: Forcing phase 2 since near primal feasible with unperturbed costs
num / max / sum primal infeasiblitiles
1 /   0.0001766 /   0.0001766 (  perturbed bounds)
1 /   0.0001768 /   0.0001768 (unperturbed bounds)
Solve 1: Forcing phase 2 since near primal feasible with unperturbed costs
num / max / sum primal infeasiblitiles
1 /   3.135e-05 /   3.135e-05 (  perturbed bounds)
1 /   3.139e-05 /   3.139e-05 (unperturbed bounds)
Solve 1: Forcing phase 2 since near primal feasible with unperturbed costs
num / max / sum primal infeasiblitiles
1 /   0.0001809 /   0.0001809 (  perturbed bounds)
1 /   0.0001811 /   0.0001811 (unperturbed bounds)
Solve 1: Forcing phase 2 since near primal feasible with unperturbed costs
num / max / sum primal infeasiblitiles
1 /    0.000223 /    0.000223 (  perturbed bounds)
1 /   0.0002232 /   0.0002232 (unperturbed bounds)
Solve 1: Forcing phase 2 since near primal feasible with unperturbed costs
num / max / sum primal infeasiblitiles
1 /   0.0001576 /   0.0001576 (  perturbed bounds)
1 /   0.0001578 /   0.0001578 (unperturbed bounds)
Solve 1: Forcing phase 2 since near primal feasible with unperturbed costs
num / max / sum primal infeasiblitiles
1 /   3.698e-06 /   3.698e-06 (  perturbed bounds)
1 /   3.733e-06 /   3.733e-06 (unperturbed bounds)
Solve 1: Forcing phase 2 since near primal feasible with unperturbed costs
num / max / sum primal infeasiblitiles
1 /   0.0001151 /   0.0001151 (  perturbed bounds)
1 /   0.0001151 /   0.0001151 (unperturbed bounds)
Solve 1: Forcing phase 2 since near primal feasible with unperturbed costs
num / max / sum primal infeasiblitiles
1 /    0.000276 /    0.000276 (  perturbed bounds)
1 /   0.0002762 /   0.0002762 (unperturbed bounds)
Solve 1: Forcing phase 2 since near primal feasible with unperturbed costs
num / max / sum primal infeasiblitiles
1 /   0.0002509 /   0.0002509 (  perturbed bounds)
1 /   0.0002511 /   0.0002511 (unperturbed bounds)
Solve 1: Forcing phase 2 since near primal feasible with unperturbed costs
num / max / sum primal infeasiblitiles
1 /   0.0001364 /   0.0001364 (  perturbed bounds)
1 /   0.0001364 /   0.0001364 (unperturbed bounds)
Solve 1: Forcing phase 2 since near primal feasible with unperturbed costs
num / max / sum primal infeasiblitiles
1 /   0.0002984 /   0.0002984 (  perturbed bounds)
1 /   0.0002986 /   0.0002986 (unperturbed bounds)
Solve 1: Forcing phase 2 since near primal feasible with unperturbed costs
num / max / sum primal infeasiblitiles
1 /   0.0001125 /   0.0001125 (  perturbed bounds)
1 /   0.0001127 /   0.0001127 (unperturbed bounds)
Solve 1: Forcing phase 2 since near primal feasible with unperturbed costs
num / max / sum primal infeasiblitiles
1 /    0.000154 /    0.000154 (  perturbed bounds)
1 /    0.000154 /    0.000154 (unperturbed bounds)
Solve 1: Forcing phase 2 since near primal feasible with unperturbed costs
num / max / sum primal infeasiblitiles
1 /    0.000311 /    0.000311 (  perturbed bounds)
1 /   0.0003112 /   0.0003112 (unperturbed bounds)
Solve 1: Forcing phase 2 since near primal feasible with unperturbed costs
num / max / sum primal infeasiblitiles
1 /   0.0003112 /   0.0003112 (  perturbed bounds)
1 /   0.0003112 /   0.0003112 (unperturbed bounds)
Solve 1: Forcing phase 2 since near primal feasible with unperturbed costs
num / max / sum primal infeasiblitiles
1 /   0.0002123 /   0.0002123 (  perturbed bounds)
1 /   0.0002125 /   0.0002125 (unperturbed bounds)
Solve 1: Forcing phase 2 since near primal feasible with unperturbed costs
num / max / sum primal infeasiblitiles
1 /   0.0003067 /   0.0003067 (  perturbed bounds)
1 /   0.0003069 /   0.0003069 (unperturbed bounds)
Solve 1: Forcing phase 2 since near primal feasible with unperturbed costs
num / max / sum primal infeasiblitiles
1 /   9.189e-05 /   9.189e-05 (  perturbed bounds)
1 /   9.207e-05 /   9.207e-05 (unperturbed bounds)
Solve 1: Forcing phase 2 since near primal feasible with unperturbed costs
num / max / sum primal infeasiblitiles
1 /   0.0002831 /   0.0002831 (  perturbed bounds)
1 /   0.0002833 /   0.0002833 (unperturbed bounds)
Solve 1: Forcing phase 2 since near primal feasible with unperturbed costs
num / max / sum primal infeasiblitiles
1 /   0.0001672 /   0.0001672 (  perturbed bounds)
1 /   0.0001674 /   0.0001674 (unperturbed bounds)
Solve 1: Forcing phase 2 since near primal feasible with unperturbed costs
num / max / sum primal infeasiblitiles
1 /   0.0001726 /   0.0001726 (  perturbed bounds)
1 /   0.0001726 /   0.0001726 (unperturbed bounds)
Solve 1: Forcing phase 2 since near primal feasible with unperturbed costs
num / max / sum primal infeasiblitiles
1 /   9.204e-05 /   9.204e-05 (  perturbed bounds)
1 /   9.207e-05 /   9.207e-05 (unperturbed bounds)
Solve 1: Forcing phase 2 since near primal feasible with unperturbed costs
num / max / sum primal infeasiblitiles
1 /   0.0002007 /   0.0002007 (  perturbed bounds)
1 /   0.0002009 /   0.0002009 (unperturbed bounds)
Solve 1: Forcing phase 2 since near primal feasible with unperturbed costs
num / max / sum primal infeasiblitiles
1 /   0.0002166 /   0.0002166 (  perturbed bounds)
1 /   0.0002166 /   0.0002166 (unperturbed bounds)
Solve 1: Forcing phase 2 since near primal feasible with unperturbed costs
num / max / sum primal infeasiblitiles
1 /   0.0001635 /   0.0001635 (  perturbed bounds)
1 /   0.0001637 /   0.0001637 (unperturbed bounds)
Solve 1: Forcing phase 2 since near primal feasible with unperturbed costs
num / max / sum primal infeasiblitiles
1 /   0.0003067 /   0.0003067 (  perturbed bounds)
1 /   0.0003069 /   0.0003069 (unperturbed bounds)
Solve 1: Forcing phase 2 since near primal feasible with unperturbed costs
num / max / sum primal infeasiblitiles
1 /   0.0003025 /   0.0003025 (  perturbed bounds)
1 /   0.0003027 /   0.0003027 (unperturbed bounds)
Solve 1: Forcing phase 2 since near primal feasible with unperturbed costs
num / max / sum primal infeasiblitiles
1 /   0.0003069 /   0.0003069 (  perturbed bounds)
1 /   0.0003069 /   0.0003069 (unperturbed bounds)
Solve 1: Forcing phase 2 since near primal feasible with unperturbed costs
num / max / sum primal infeasiblitiles
1 /    0.000266 /    0.000266 (  perturbed bounds)
1 /   0.0002662 /   0.0002662 (unperturbed bounds)
Solve 1: Forcing phase 2 since near primal feasible with unperturbed costs
num / max / sum primal infeasiblitiles
1 /   0.0001534 /   0.0001534 (  perturbed bounds)
1 /   0.0001535 /   0.0001535 (unperturbed bounds)
Solve 1: Forcing phase 2 since near primal feasible with unperturbed costs
num / max / sum primal infeasiblitiles
1 /   0.0002762 /   0.0002762 (  perturbed bounds)
1 /   0.0002762 /   0.0002762 (unperturbed bounds)
Solve 1: Forcing phase 2 since near primal feasible with unperturbed costs
num / max / sum primal infeasiblitiles
1 /   0.0002301 /   0.0002301 (  perturbed bounds)
1 /   0.0002302 /   0.0002302 (unperturbed bounds)
Solve 1: Forcing phase 2 since near primal feasible with unperturbed costs
num / max / sum primal infeasiblitiles
1 /   0.0002831 /   0.0002831 (  perturbed bounds)
1 /   0.0002833 /   0.0002833 (unperturbed bounds)
Solve 1: Forcing phase 2 since near primal feasible with unperturbed costs
num / max / sum primal infeasiblitiles
1 /   0.0003069 /   0.0003069 (  perturbed bounds)
1 /   0.0003069 /   0.0003069 (unperturbed bounds)
Solve 1: Forcing phase 2 since near primal feasible with unperturbed costs
num / max / sum primal infeasiblitiles
1 /   1.435e-05 /   1.435e-05 (  perturbed bounds)
1 /   1.439e-05 /   1.439e-05 (unperturbed bounds)
Solve 1: Forcing phase 2 since near primal feasible with unperturbed costs
num / max / sum primal infeasiblitiles
1 /   0.0002568 /   0.0002568 (  perturbed bounds)
1 /   0.0002569 /   0.0002569 (unperturbed bounds)
Solve 1: Forcing phase 2 since near primal feasible with unperturbed costs
num / max / sum primal infeasiblitiles
1 /   8.907e-05 /   8.907e-05 (  perturbed bounds)
1 /    8.91e-05 /    8.91e-05 (unperturbed bounds)
Solve 1: Forcing phase 2 since near primal feasible with unperturbed costs
num / max / sum primal infeasiblitiles
1 /   0.0001871 /   0.0001871 (  perturbed bounds)
1 /   0.0001873 /   0.0001873 (unperturbed bounds)
Solve 1: Forcing phase 2 since near primal feasible with unperturbed costs
num / max / sum primal infeasiblitiles
1 /    0.000104 /    0.000104 (  perturbed bounds)
1 /   0.0001042 /   0.0001042 (unperturbed bounds)
Solve 1: Forcing phase 2 since near primal feasible with unperturbed costs
num / max / sum primal infeasiblitiles
1 /   0.0001284 /   0.0001284 (  perturbed bounds)
1 /   0.0001285 /   0.0001285 (unperturbed bounds)
Solve 1: Forcing phase 2 since near primal feasible with unperturbed costs
num / max / sum primal infeasiblitiles
1 /   0.0002301 /   0.0002301 [  863.7s]   [q28] 1836/4000
(  perturbed bounds)
1 /   0.0002302 /   0.0002302 (unperturbed bounds)
Solve 1: Forcing phase 2 since near primal feasible with unperturbed costs
num / max / sum primal infeasiblitiles
1 /   0.0001416 /   0.0001416 (  perturbed bounds)
1 /   0.0001416 /   0.0001416 (unperturbed bounds)
Solve 1: Forcing phase 2 since near primal feasible with unperturbed costs
num / max / sum primal infeasiblitiles
1 /   0.0002165 /   0.0002165 (  perturbed bounds)
1 /   0.0002166 /   0.0002166 (unperturbed bounds)
Solve 1: Forcing phase 2 since near primal feasible with unperturbed costs
num / max / sum primal infeasiblitiles
1 /   0.0002567 /   0.0002567 (  perturbed bounds)
1 /   0.0002569 /   0.0002569 (unperturbed bounds)
Solve 1: Forcing phase 2 since near primal feasible with unperturbed costs
num / max / sum primal infeasiblitiles
1 /   0.0001903 /   0.0001903 (  perturbed bounds)
1 /   0.0001905 /   0.0001905 (unperturbed bounds)
Solve 1: Forcing phase 2 since near primal feasible with unperturbed costs
num / max / sum primal infeasiblitiles
1 /   0.0002726 /   0.0002726 (  perturbed bounds)
1 /   0.0002728 /   0.0002728 (unperturbed bounds)
Solve 1: Forcing phase 2 since near primal feasible with unperturbed costs
num / max / sum primal infeasiblitiles
1 /   2.208e-05 /   2.208e-05 (  perturbed bounds)
1 /   2.228e-05 /   2.228e-05 (unperturbed bounds)
Solve 1: Forcing phase 2 since near primal feasible with unperturbed costs
num / max / sum primal infeasiblitiles
1 /    0.000104 /    0.000104 (  perturbed bounds)
1 /   0.0001042 /   0.0001042 (unperturbed bounds)
Solve 1: Forcing phase 2 since near primal feasible with unperturbed costs
num / max / sum primal infeasiblitiles
1 /   0.0002511 /   0.0002511 (  perturbed bounds)
1 /   0.0002511 /   0.0002511 (unperturbed bounds)
Solve 1: Forcing phase 2 since near primal feasible with unperturbed costs
num / max / sum primal infeasiblitiles
1 /   0.0001331 /   0.0001331 (  perturbed bounds)
1 /   0.0001331 /   0.0001331 (unperturbed bounds)
Solve 1: Forcing phase 2 since near primal feasible with unperturbed costs
num / max / sum primal infeasiblitiles
1 /   7.669e-05 /   7.669e-05 (  perturbed bounds)
1 /   7.673e-05 /   7.673e-05 (unperturbed bounds)
Solve 1: Forcing phase 2 since near primal feasible with unperturbed costs
num / max / sum primal infeasiblitiles
1 /   0.0001903 /   0.0001903 (  perturbed bounds)
1 /   0.0001905 /   0.0001905 (unperturbed bounds)
Solve 1: Forcing phase 2 since near primal feasible with unperturbed costs
num / max / sum primal infeasiblitiles
1 /   0.0001726 /   0.0001726 (  perturbed bounds)
1 /   0.0001726 /   0.0001726 (unperturbed bounds)
Solve 1: Forcing phase 2 since near primal feasible with unperturbed costs
num / max / sum primal infeasiblitiles
1 /   0.0001254 /   0.0001254 (  perturbed bounds)
1 /   0.0001256 /   0.0001256 (unperturbed bounds)
Solve 1: Forcing phase 2 since near primal feasible with unperturbed costs
num / max / sum primal infeasiblitiles
1 /   4.296e-05 /   4.296e-05 (  perturbed bounds)
1 /   4.316e-05 /   4.316e-05 (unperturbed bounds)
Solve 1: Forcing phase 2 since near primal feasible with unperturbed costs
num / max / sum primal infeasiblitiles
1 /    0.000178 /    0.000178 (  perturbed bounds)
1 /   0.0001782 /   0.0001782 (unperturbed bounds)
Solve 1: Forcing phase 2 since near primal feasible with unperturbed costs
num / max / sum primal infeasiblitiles
1 /   3.433e-05 /   3.433e-05 (  perturbed bounds)
1 /   3.453e-05 /   3.453e-05 (unperturbed bounds)
Solve 1: Forcing phase 2 since near primal feasible with unperturbed costs
num / max / sum primal infeasiblitiles
1 /   0.0002046 /   0.0002046 (  perturbed bounds)
1 /   0.0002046 /   0.0002046 (unperturbed bounds)
Solve 1: Forcing phase 2 since near primal feasible with unperturbed costs
num / max / sum primal infeasiblitiles
1 /   0.0001416 /   0.0001416 (  perturbed bounds)
1 /   0.0001416 /   0.0001416 (unperturbed bounds)
Solve 1: Forcing phase 2 since near primal feasible with unperturbed costs
num / max / sum primal infeasiblitiles
1 /   0.0003067 /   0.0003067 (  perturbed bounds)
1 /   0.0003069 /   0.0003069 (unperturbed bounds)
Solve 1: Forcing phase 2 since near primal feasible with unperturbed costs
num / max / sum primal infeasiblitiles
1 /   6.262e-05 /   6.262e-05 (  perturbed bounds)
1 /   6.278e-05 /   6.278e-05 (unperturbed bounds)
Solve 1: Forcing phase 2 since near primal feasible with unperturbed costs
num / max / sum primal infeasiblitiles
1 /   0.0003151 /   0.0003151 (  perturbed bounds)
1 /   0.0003151 /   0.0003151 (unperturbed bounds)
Solve 1: Forcing phase 2 since near primal feasible with unperturbed costs
num / max / sum primal infeasiblitiles
1 /   1.838e-05 /   1.838e-05 (  perturbed bounds)
1 /   1.841e-05 /   1.841e-05 (unperturbed bounds)
Solve 1: Forcing phase 2 since near primal feasible with unperturbed costs
num / max / sum primal infeasiblitiles
1 /   0.0001752 /   0.0001752 (  perturbed bounds)
1 /   0.0001754 /   0.0001754 (unperturbed bounds)
Solve 1: Forcing phase 2 since near primal feasible with unperturbed costs
num / max / sum primal infeasiblitiles
1 /   0.0002629 /   0.0002629 (  perturbed bounds)
1 /   0.0002631 /   0.0002631 (unperturbed bounds)
Solve 1: Forcing phase 2 since near primal feasible with unperturbed costs
num / max / sum primal infeasiblitiles
1 /   0.0001578 /   0.0001578 (  perturbed bounds)
1 /   0.0001578 /   0.0001578 (unperturbed bounds)
Solve 1: Forcing phase 2 since near primal feasible with unperturbed costs
num / max / sum primal infeasiblitiles
1 /   0.0003156 /   0.0003156 (  perturbed bounds)
1 /   0.0003157 /   0.0003157 (unperturbed bounds)
Solve 1: Forcing phase 2 since near primal feasible with unperturbed costs
num / max / sum primal infeasiblitiles
1 /   0.0001255 /   0.0001255 (  perturbed bounds)
1 /   0.0001256 /   0.0001256 (unperturbed bounds)
Solve 1: Forcing phase 2 since near primal feasible with unperturbed costs
num / max / sum primal infeasiblitiles
1 /   5.937e-05 /   5.937e-05 (  perturbed bounds)
1 /    5.94e-05 /    5.94e-05 (unperturbed bounds)
Solve 1: Forcing phase 2 since near primal feasible with unperturbed costs
num / max / sum primal infeasiblitiles
1 /   0.0002944 /   0.0002944 (  perturbed bounds)
1 /   0.0002946 /   0.0002946 (unperturbed bounds)
Solve 1: Forcing phase 2 since near primal feasible with unperturbed costs
num / max / sum primal infeasiblitiles
1 /   0.0001227 /   0.0001227 (  perturbed bounds)
1 /   0.0001228 /   0.0001228 (unperturbed bounds)
Solve 1: Forcing phase 2 since near primal feasible with unperturbed costs
num / max / sum primal infeasiblitiles
1 /   9.016e-05 /   9.016e-05 (  perturbed bounds)
1 /   9.019e-05 /   9.019e-05 (unperturbed bounds)
Solve 1: Forcing phase 2 since near primal feasible with unperturbed costs
num / max / sum primal infeasiblitiles
1 /   0.0002208 /   0.0002208 (  perturbed bounds)
1 /    0.000221 /    0.000221 (unperturbed bounds)
Solve 1: Forcing phase 2 since near primal feasible with unperturbed costs
num / max / sum primal infeasiblitiles
1 /   0.0002986 /   0.0002986 (  perturbed bounds)
1 /   0.0002986 /   0.0002986 (unperturbed bounds)
Solve 1: Forcing phase 2 since near primal feasible with unperturbed costs
num / max / sum primal infeasiblitiles
1 /   2.999e-05 /   2.999e-05 (  perturbed bounds)
1 /   3.002e-05 /   3.002e-05 (unperturbed bounds)
Solve 1: Forcing phase 2 since near primal feasible with unperturbed costs
num / max / sum primal infeasiblitiles
1 /   2.828e-05 /   2.828e-05 (  perturbed bounds)
1 /   2.848e-05 /   2.848e-05 (unperturbed bounds)
Solve 1: Forcing phase 2 since near primal feasible with unperturbed costs
num / max / sum primal infeasiblitiles
1 /   9.849e-05 /   9.849e-05 (  perturbed bounds)
1 /   9.865e-05 /   9.865e-05 (unperturbed bounds)
Solve 1: Forcing phase 2 since near primal feasible with unperturbed costs
num / max / sum primal infeasiblitiles
1 /   0.0001114 /   0.0001114 (  perturbed bounds)
1 /   0.0001116 /   0.0001116 (unperturbed bounds)
Solve 1: Forcing phase 2 since near primal feasible with unperturbed costs
num / max / sum primal infeasiblitiles
1 /   0.0001599 /   0.0001599 (  perturbed bounds)
1 /   0.0001601 /   0.0001601 (unperturbed bounds)
Solve 1: Forcing phase 2 since near primal feasible with unperturbed costs
num / max / sum primal infeasiblitiles
1 /   0.0001283 /   0.0001283 (  perturbed bounds)
1 /   0.0001285 /   0.0001285 (unperturbed bounds)
Solve 1: Forcing phase 2 since near primal feasible with unperturbed costs
num / max / sum primal infeasiblitiles
1 /   9.038e-05 /   9.038e-05 (  perturbed bounds)
1 /   9.056e-05 /   9.056e-05 (unperturbed bounds)
Solve 1: Forcing phase 2 since near primal feasible with unperturbed costs
num / max / sum primal infeasiblitiles
1 /   0.0002313 /   0.0002313 (  perturbed bounds)
1 /   0.0002314 /   0.0002314 (unperturbed bounds)
Solve 1: Forcing phase 2 since near primal feasible with unperturbed costs
num / max / sum primal infeasiblitiles
1 /   9.521e-05 /   9.521e-05 (  perturbed bounds)
1 /   9.525e-05 /   9.525e-05 (unperturbed bounds)
Solve 1: Forcing phase 2 since near primal feasible with unperturbed costs
num / max / sum primal infeasiblitiles
1 /     0.00024 /     0.00024 (  perturbed bounds)
1 /   0.0002402 /   0.0002402 (unperturbed bounds)
Solve 1: Forcing phase 2 since near primal feasible with unperturbed costs
num / max / sum primal infeasiblitiles
1 /   0.0002186 /   0.0002186 (  perturbed bounds)
1 /   0.0002188 /   0.0002188 (unperturbed bounds)
Solve 1: Forcing phase 2 since near primal feasible with unperturbed costs
num / max / sum primal infeasiblitiles
1 /   0.0001903 /   0.0001903 (  perturbed bounds)
1 /   0.0001905 /   0.0001905 (unperturbed bounds)
Solve 1: Forcing phase 2 since near primal feasible with unperturbed costs
num / max / sum primal infeasiblitiles
1 /   0.0002906 /   0.0002906 (  perturbed bounds)
1 /   0.0002908 /   0.0002908 (unperturbed bounds)
Solve 1: Forcing phase 2 since near primal feasible with unperturbed costs
num / max / sum primal infeasiblitiles
1 /   0.0001061 /   0.0001061 (  perturbed bounds)
1 /   0.0001062 /   0.0001062 (unperturbed bounds)
Solve 1: Forcing phase 2 since near primal feasible with unperturbed costs
num / max / sum primal infeasiblitiles
1 /   0.0002743 /   0.0002743 (  perturbed bounds)
1 /   0.0002745 /   0.0002745 (unperturbed bounds)
Solve 1: Forcing phase 2 since near primal feasible with unperturbed costs
num / max / sum primal infeasiblitiles
1 /   8.628e-05 /   8.628e-05 (  perturbed bounds)
1 /   8.632e-05 /   8.632e-05 (unperturbed bounds)
Solve 1: Forcing phase 2 since near primal feasible with unperturbed costs
num / max / sum primal infeasiblitiles
1 /   6.636e-05 /   6.636e-05 (  perturbed bounds)
1 /   6.656e-05 /   6.656e-05 (unperturbed bounds)
Solve 1: Forcing phase 2 since near primal feasible with unperturbed costs
num / max / sum primal infeasiblitiles
1 /   0.0002906 /   0.0002906 (  perturbed bounds)
1 /   0.0002908 /   0.0002908 (unperturbed bounds)
Solve 1: Forcing phase 2 since near primal feasible with unperturbed costs
num / max / sum primal infeasiblitiles
1 /   0.0001453 /   0.0001453 (  perturbed bounds)
1 /   0.0001454 /   0.0001454 (unperturbed bounds)
Solve 1: Forcing phase 2 since near primal feasible with unperturbed costs
num / max / sum primal infeasiblitiles
1 /    7.25e-05 /    7.25e-05 (  perturbed bounds)
1 /   7.269e-05 /   7.269e-05 (unperturbed bounds)
Solve 1: Forcing phase 2 since near primal feasible with unperturbed costs
num / max / sum primal infeasiblitiles
1 /   0.0001254 /   0.0001254 (  perturbed bounds)
1 /   0.0001256 /   0.0001256 (unperturbed bounds)
Solve 1: Forcing phase 2 since near primal feasible with unperturbed costs
num / max / sum primal infeasiblitiles
1 /   0.0001903 /   0.0001903 (  perturbed bounds)
1 /   0.0001905 /   0.0001905 (unperturbed bounds)
Solve 1: Forcing phase 2 since near primal feasible with unperturbed costs
num / max / sum primal infeasiblitiles
1 /   5.857e-05 /   5.857e-05 (  perturbed bounds)
1 /   5.877e-05 /   5.877e-05 (unperturbed bounds)
Solve 1: Forcing phase 2 since near primal feasible with unperturbed costs
num / max / sum primal infeasiblitiles
1 /   [ 1043.8s]   [q28] 2777/4000
0.0002795 /   0.0002795 (  perturbed bounds)
1 /   0.0002797 /   0.0002797 (unperturbed bounds)
Solve 1: Forcing phase 2 since near primal feasible with unperturbed costs
num / max / sum primal infeasiblitiles
1 /   0.0001435 /   0.0001435 (  perturbed bounds)
1 /   0.0001435 /   0.0001435 (unperturbed bounds)
Solve 1: Forcing phase 2 since near primal feasible with unperturbed costs
num / max / sum primal infeasiblitiles
1 /   0.0001045 /   0.0001045 (  perturbed bounds)
1 /   0.0001047 /   0.0001047 (unperturbed bounds)
Solve 1: Forcing phase 2 since near primal feasible with unperturbed costs
num / max / sum primal infeasiblitiles
1 /   0.0001452 /   0.0001452 (  perturbed bounds)
1 /   0.0001454 /   0.0001454 (unperturbed bounds)
Solve 1: Forcing phase 2 since near primal feasible with unperturbed costs
num / max / sum primal infeasiblitiles
1 /   0.0001599 /   0.0001599 (  perturbed bounds)
1 /   0.0001601 /   0.0001601 (unperturbed bounds)
Solve 1: Forcing phase 2 since near primal feasible with unperturbed costs
num / max / sum primal infeasiblitiles
1 /   0.0002123 /   0.0002123 (  perturbed bounds)
1 /   0.0002125 /   0.0002125 (unperturbed bounds)
Solve 1: Forcing phase 2 since near primal feasible with unperturbed costs
num / max / sum primal infeasiblitiles
1 /   0.0001679 /   0.0001679 (  perturbed bounds)
1 /    0.000168 /    0.000168 (unperturbed bounds)
Solve 1: Forcing phase 2 since near primal feasible with unperturbed costs
num / max / sum primal infeasiblitiles
1 /   0.0002044 /   0.0002044 (  perturbed bounds)
1 /   0.0002046 /   0.0002046 (unperturbed bounds)
Solve 1: Forcing phase 2 since near primal feasible with unperturbed costs
num / max / sum primal infeasiblitiles
1 /   0.0001151 /   0.0001151 (  perturbed bounds)
1 /   0.0001151 /   0.0001151 (unperturbed bounds)
Solve 1: Forcing phase 2 since near primal feasible with unperturbed costs
num / max / sum primal infeasiblitiles
1 /   0.0002907 /   0.0002907 (  perturbed bounds)
1 /   0.0002908 /   0.0002908 (unperturbed bounds)
Solve 1: Forcing phase 2 since near primal feasible with unperturbed costs
num / max / sum primal infeasiblitiles
1 /   7.653e-05 /   7.653e-05 (  perturbed bounds)
1 /   7.673e-05 /   7.673e-05 (unperturbed bounds)
Solve 1: Forcing phase 2 since near primal feasible with unperturbed costs
num / max / sum primal infeasiblitiles
1 /   0.0003155 /   0.0003155 (  perturbed bounds)
1 /   0.0003157 /   0.0003157 (unperturbed bounds)
Solve 1: Forcing phase 2 since near primal feasible with unperturbed costs
num / max / sum primal infeasiblitiles
1 /   0.0001672 /   0.0001672 (  perturbed bounds)
1 /   0.0001674 /   0.0001674 (unperturbed bounds)
Solve 1: Forcing phase 2 since near primal feasible with unperturbed costs
num / max / sum primal infeasiblitiles
1 /   0.0001398 /   0.0001398 (  perturbed bounds)
1 /   0.0001399 /   0.0001399 (unperturbed bounds)
Solve 1: Forcing phase 2 since near primal feasible with unperturbed costs
num / max / sum primal infeasiblitiles
1 /   0.0001218 /   0.0001218 (  perturbed bounds)
1 /   0.0001221 /   0.0001221 (unperturbed bounds)
Solve 1: Forcing phase 2 since near primal feasible with unperturbed costs
num / max / sum primal infeasiblitiles
1 /    0.000276 /    0.000276 (  perturbed bounds)
1 /   0.0002762 /   0.0002762 (unperturbed bounds)
Solve 1: Forcing phase 2 since near primal feasible with unperturbed costs
num / max / sum primal infeasiblitiles
1 /   0.0002123 /   0.0002123 (  perturbed bounds)
1 /   0.0002125 /   0.0002125 (unperturbed bounds)
Solve 1: Forcing phase 2 since near primal feasible with unperturbed costs
num / max / sum primal infeasiblitiles
1 /   0.0001752 /   0.0001752 (  perturbed bounds)
1 /   0.0001754 /   0.0001754 (unperturbed bounds)
Solve 1: Forcing phase 2 since near primal feasible with unperturbed costs
num / max / sum primal infeasiblitiles
1 /    0.000104 /    0.000104 (  perturbed bounds)
1 /   0.0001042 /   0.0001042 (unperturbed bounds)
Solve 1: Forcing phase 2 since near primal feasible with unperturbed costs
num / max / sum primal infeasiblitiles
1 /   0.0002743 /   0.0002743 (  perturbed bounds)
1 /   0.0002745 /   0.0002745 (unperturbed bounds)
Solve 1: Forcing phase 2 since near primal feasible with unperturbed costs
num / max / sum primal infeasiblitiles
1 /   0.0002349 /   0.0002349 (  perturbed bounds)
1 /   0.0002351 /   0.0002351 (unperturbed bounds)
Solve 1: Forcing phase 2 since near primal feasible with unperturbed costs
num / max / sum primal infeasiblitiles
1 /   0.0003067 /   0.0003067 (  perturbed bounds)
1 /   0.0003069 /   0.0003069 (unperturbed bounds)
Solve 1: Forcing phase 2 since near primal feasible with unperturbed costs
num / max / sum primal infeasiblitiles
1 /   0.0002966 /   0.0002966 (  perturbed bounds)
1 /   0.0002966 /   0.0002966 (unperturbed bounds)
Solve 1: Forcing phase 2 since near primal feasible with unperturbed costs
num / max / sum primal infeasiblitiles
1 /   0.0001971 /   0.0001971 (  perturbed bounds)
1 /   0.0001973 /   0.0001973 (unperturbed bounds)
Solve 1: Forcing phase 2 since near primal feasible with unperturbed costs
num / max / sum primal infeasiblitiles
1 /   0.0001415 /   0.0001415 (  perturbed bounds)
1 /   0.0001416 /   0.0001416 (unperturbed bounds)
Solve 1: Forcing phase 2 since near primal feasible with unperturbed costs
num / max / sum primal infeasiblitiles
1 /   0.0003067 /   0.0003067 (  perturbed bounds)
1 /   0.0003069 /   0.0003069 (unperturbed bounds)
Solve 1: Forcing phase 2 since near primal feasible with unperturbed costs
num / max / sum primal infeasiblitiles
1 /   0.0002301 /   0.0002301 (  perturbed bounds)
1 /   0.0002302 /   0.0002302 (unperturbed bounds)
Solve 1: Forcing phase 2 since near primal feasible with unperturbed costs
num / max / sum primal infeasiblitiles
1 /   0.0001725 /   0.0001725 (  perturbed bounds)
1 /   0.0001726 /   0.0001726 (unperturbed bounds)
Solve 1: Forcing phase 2 since near primal feasible with unperturbed costs
num / max / sum primal infeasiblitiles
1 /   0.0001283 /   0.0001283 (  perturbed bounds)
1 /   0.0001285 /   0.0001285 (unperturbed bounds)
Solve 1: Forcing phase 2 since near primal feasible with unperturbed costs
num / max / sum primal infeasiblitiles
1 /   0.0002833 /   0.0002833 (  perturbed bounds)
1 /   0.0002833 /   0.0002833 (unperturbed bounds)
Solve 1: Forcing phase 2 since near primal feasible with unperturbed costs
num / max / sum primal infeasiblitiles
1 /   0.0002964 /   0.0002964 (  perturbed bounds)
1 /   0.0002966 /   0.0002966 (unperturbed bounds)
Solve 1: Forcing phase 2 since near primal feasible with unperturbed costs
num / max / sum primal infeasiblitiles
1 /   0.0001533 /   0.0001533 (  perturbed bounds)
1 /   0.0001535 /   0.0001535 (unperturbed bounds)
Solve 1: Forcing phase 2 since near primal feasible with unperturbed costs
num / max / sum primal infeasiblitiles
1 /     0.00023 /     0.00023 (  perturbed bounds)
1 /   0.0002302 /   0.0002302 (unperturbed bounds)
Solve 1: Forcing phase 2 since near primal feasible with unperturbed costs
num / max / sum primal infeasiblitiles
1 /   8.613e-05 /   8.613e-05 (  perturbed bounds)
1 /   8.632e-05 /   8.632e-05 (unperturbed bounds)
Solve 1: Forcing phase 2 since near primal feasible with unperturbed costs
num / max / sum primal infeasiblitiles
1 /   6.902e-05 /   6.902e-05 (  perturbed bounds)
1 /   6.905e-05 /   6.905e-05 (unperturbed bounds)
Solve 1: Forcing phase 2 since near primal feasible with unperturbed costs
num / max / sum primal infeasiblitiles
1 /   0.0001724 /   0.0001724 (  perturbed bounds)
1 /   0.0001726 /   0.0001726 (unperturbed bounds)
Solve 1: Forcing phase 2 since near primal feasible with unperturbed costs
num / max / sum primal infeasiblitiles
1 /   0.0001964 /   0.0001964 (  perturbed bounds)
1 /   0.0001964 /   0.0001964 (unperturbed bounds)
Solve 1: Forcing phase 2 since near primal feasible with unperturbed costs
num / max / sum primal infeasiblitiles
1 /    0.000193 /    0.000193 (  perturbed bounds)
1 /    0.000193 /    0.000193 (unperturbed bounds)
Solve 1: Forcing phase 2 since near primal feasible with unperturbed costs
num / max / sum primal infeas[ 1224.0s]   [q28] 3727/4000
iblitiles
1 /   0.0002044 /   0.0002044 (  perturbed bounds)
1 /   0.0002046 /   0.0002046 (unperturbed bounds)
Solve 1: Forcing phase 2 since near primal feasible with unperturbed costs
num / max / sum primal infeasiblitiles
1 /   0.0001905 /   0.0001905 (  perturbed bounds)
1 /   0.0001905 /   0.0001905 (unperturbed bounds)
Solve 1: Forcing phase 2 since near primal feasible with unperturbed costs
num / max / sum primal infeasiblitiles
1 /   6.887e-05 /   6.887e-05 (  perturbed bounds)
1 /   6.905e-05 /   6.905e-05 (unperturbed bounds)
Solve 1: Forcing phase 2 since near primal feasible with unperturbed costs
num / max / sum primal infeasiblitiles
1 /   1.584e-05 /   1.584e-05 (  perturbed bounds)
1 /   1.587e-05 /   1.587e-05 (unperturbed bounds)
Solve 1: Forcing phase 2 since near primal feasible with unperturbed costs
num / max / sum primal infeasiblitiles
1 /   0.0002753 /   0.0002753 (  perturbed bounds)
1 /   0.0002754 /   0.0002754 (unperturbed bounds)
Solve 1: Forcing phase 2 since near primal feasible with unperturbed costs
num / max / sum primal infeasiblitiles
1 /   0.0001381 /   0.0001381 (  perturbed bounds)
1 /   0.0001381 /   0.0001381 (unperturbed bounds)
Solve 1: Forcing phase 2 since near primal feasible with unperturbed costs
num / max / sum primal infeasiblitiles
1 /   0.0001161 /   0.0001161 (  perturbed bounds)
1 /   0.0001163 /   0.0001163 (unperturbed bounds)
Solve 1: Forcing phase 2 since near primal feasible with unperturbed costs
num / max / sum primal infeasiblitiles
1 /   0.0002063 /   0.0002063 (  perturbed bounds)
1 /   0.0002065 /   0.0002065 (unperturbed bounds)
Solve 1: Forcing phase 2 since near primal feasible with unperturbed costs
num / max / sum primal infeasiblitiles
1 /   0.0003156 /   0.0003156 (  perturbed bounds)
1 /   0.0003157 /   0.0003157 (unperturbed bounds)
Solve 1: Forcing phase 2 since near primal feasible with unperturbed costs
num / max / sum primal infeasiblitiles
1 /   0.0002984 /   0.0002984 (  perturbed bounds)
1 /   0.0002986 /   0.0002986 (unperturbed bounds)
Solve 1: Forcing phase 2 since near primal feasible with unperturbed costs
num / max / sum primal infeasiblitiles
1 /   0.0002762 /   0.0002762 (  perturbed bounds)
1 /   0.0002762 /   0.0002762 (unperturbed bounds)
Solve 1: Forcing phase 2 since near primal feasible with unperturbed costs
num / max / sum primal infeasiblitiles
1 /   9.018e-05 /   9.018e-05 (  perturbed bounds)
1 /   9.019e-05 /   9.019e-05 (unperturbed bounds)
Solve 1: Forcing phase 2 since near primal feasible with unperturbed costs
num / max / sum primal infeasiblitiles
1 /   0.0002103 /   0.0002103 (  perturbed bounds)
1 /   0.0002104 /   0.0002104 (unperturbed bounds)
Solve 1: Forcing phase 2 since near primal feasible with unperturbed costs
num / max / sum primal infeasiblitiles
1 /    0.000276 /    0.000276 (  perturbed bounds)
1 /   0.0002762 /   0.0002762 (unperturbed bounds)
Solve 1: Forcing phase 2 since near primal feasible with unperturbed costs
num / max / sum primal infeasiblitiles
1 /   0.0002232 /   0.0002232 (  perturbed bounds)
1 /   0.0002232 /   0.0002232 (unperturbed bounds)
Solve 1: Forcing phase 2 since near primal feasible with unperturbed costs
num / max / sum primal infeasiblitiles
1 /   0.0002402 /   0.0002402 (  perturbed bounds)
1 /   0.0002402 /   0.0002402 (unperturbed bounds)
Solve 1: Forcing phase 2 since near primal feasible with unperturbed costs
num / max / sum primal infeasiblitiles
1 /    0.000276 /    0.000276 (  perturbed bounds)
1 /   0.0002762 /   0.0002762 (unperturbed bounds)
Solve 1: Forcing phase 2 since near primal feasible with unperturbed costs
num / max / sum primal infeasiblitiles
1 /   3.285e-05 /   3.285e-05 (  perturbed bounds)
1 /   3.288e-05 /   3.288e-05 (unperturbed bounds)
Solve 1: Forcing phase 2 since near primal feasible with unperturbed costs
num / max / sum primal infeasiblitiles
1 /   0.0001624 /   0.0001624 (  perturbed bounds)
1 /   0.0001625 /   0.0001625 (unperturbed bounds)
Solve 1: Forcing phase 2 since near primal feasible with unperturbed costs
num / max / sum prima[ 1277.8s] quantum n=32: 2500 paths
l infeasiblitiles
1 /   0.0001534 /   0.0001534 (  perturbed bounds)
1 /   0.0001535 /   0.0001535 (unperturbed bounds)
Solve 1: Forcing phase 2 since near primal feasible with unperturbed costs
num / max / sum primal infeasiblitiles
1 /   0.0002869 /   0.0002869 (  perturbed bounds)
1 /    0.000287 /    0.000287 (unperturbed bounds)
Solve 1: Forcing phase 2 since near primal feasible with unperturbed costs
num / max / sum primal infeasiblitiles
1 /   8.613e-05 /   8.613e-05 (  perturbed bounds)
1 /   8.632e-05 /   8.632e-05 (unperturbed bounds)
Solve 1: Forcing phase 2 since near primal feasible with unperturbed costs
num / max / sum primal infeasiblitiles
1 /   0.0001062 /   0.0001062 (  perturbed bounds)
1 /   0.0001062 /   0.0001062 (unperturbed bounds)
Solve 1: Forcing phase 2 since near primal feasible with unperturbed costs
num / max / sum primal infeasiblitiles
1 /   0.0002984 /   0.0002984 (  perturbed bounds)
1 /   0.0002986 /   0.0002986 (unperturbed bounds)
Solve 1: Forcing phase 2 since near primal feasible with unperturbed costs
num / max / sum primal infeasiblitiles
1 /   0.0002349 /   0.0002349 (  perturbed bounds)
1 /   0.0002351 /   0.0002351 (unperturbed bounds)
Solve 1: Forcing phase 2 since near primal feasible with unperturbed costs
num / max / sum primal infeasiblitiles
1 /   0.0001726 /   0.0001726 (  perturbed bounds)
1 /   0.0001726 /   0.0001726 (unperturbed bounds)
Solve 1: Forcing phase 2 since near primal feasible with unperturbed costs
num / max / sum primal infeasiblitiles
1 /   5.735e-05 /   5.735e-05 (  perturbed bounds)
1 /   5.754e-05 /   5.754e-05 (unperturbed bounds)
Solve 1: Forcing phase 2 since near primal feasible with unperturbed costs
num / max / sum primal infeasiblitiles
1 /   6.902e-05 /   6.902e-05 (  perturbed bounds)
1 /   6.905e-05 /   6.905e-05 (unperturbed bounds)
Solve 1: Forcing phase 2 since near primal feasible with unperturbed costs
num / max / sum primal infeasiblitiles
1 /   0.0002509 /   0.0002509 (  perturbed bounds)
1 /   0.0002511 /   0.0002511 (unperturbed bounds)
Solve 1: Forcing phase 2 since near primal feasible with unperturbed costs
num / max / sum primal infeasiblitiles
1 /   0.0002833 /   0.0002833 (  perturbed bounds)
1 /   0.0002833 /   0.0002833 (unperturbed bounds)
Solve 1: Forcing phase 2 since near primal feasible with unperturbed costs
num / max / sum primal infeasiblitiles
1 /   0.0002301 /   0.0002301 (  perturbed bounds)
1 /   0.0002302 /   0.0002302 (unperturbed bounds)
Solve 1: Forcing phase 2 since near primal feasible with unperturbed costs
num / max / sum primal infeasiblitiles
1 /   0.0002007 /   0.0002007 (  perturbed bounds)
1 /   0.0002009 /   0.0002009 (unperturbed bounds)
Solve 1: Forcing phase 2 since near primal feasible with unperturbed costs
num / max / sum primal infeasiblitiles
1 /   0.0002964 /   0.0002964 (  perturbed bounds)
1 /   0.0002966 /   0.0002966 (unperturbed bounds)
Solve 1: Forcing phase 2 since near primal feasible with unperturbed costs
num / max / sum primal infeasiblitiles
1 /   0.0002208 /   0.0002208 (  perturbed bounds)
1 /    0.000221 /    0.000221 (unperturbed bounds)
Solve 1: Forcing phase 2 since near primal feasible with unperturbed costs
num / max / sum primal infeasiblitiles
1 /   0.0002044 /   0.0002044 (  perturbed bounds)
1 /   0.0002046 /   0.0002046 (unperturbed bounds)
Solve 1: Forcing phase 2 since near primal feasible with unperturbed costs
num / max / sum primal infeasiblitiles
1 /   3.269e-05 /   3.269e-05 (  perturbed bounds)
1 /   3.288e-05 /   3.288e-05 (unperturbed bounds)
Solve 1: Forcing phase 2 since near primal feasible with unperturbed costs
num / max / sum primal infeasiblitiles
1 /   2.154e-05 /   2.154e-05 (  perturbed bounds)
1 /   2.158e-05 /   2.158e-05 (unperturbed bounds)
Solve 1: Forcing phase 2 since near primal feasible with unperturbed costs
num / max / sum primal infeasiblitiles
1 /   0.0001766 /   0.0001766 (  perturbed bounds)
1 /   0.0001768 /   0.0001768 (unperturbed bounds)
Solve 1: Forcing phase 2 since near primal feasible with unperturbed costs
num / max / sum primal infeasiblitiles
1 /   0.0003157 /   0.0003157 (  perturbed bounds)
1 /   0.0003157 /   0.0003157 (unperturbed bounds)
Solve 1: Forcing phase 2 since near primal feasible with unperturbed costs
num / max / sum primal infeasiblitiles
1 /   0.0001313 /   0.0001313 (  perturbed bounds)
1 /   0.0001315 /   0.0001315 (unperturbed bounds)
Solve 1: Forcing phase 2 since near primal feasible with unperturbed costs
num / max / sum primal infeasiblitiles
1 /   0.0002154 /   0.0002154 (  perturbed bounds)
1 /   0.0002156 /   0.0002156 (unperturbed bounds)
Solve 1: Forcing phase 2 since near primal feasible with unperturbed costs
num / max / sum primal infeasiblitiles
1 /   4.837e-05 /   4.837e-05 (  perturbed bounds)
1 /   4.857e-05 /   4.857e-05 (unperturbed bounds)
Solve 1: Forcing phase 2 since near primal feasible with unperturbed costs
num / max / sum primal infeasiblitiles
1 /   0.0001887 /   0.0001887 (  perturbed bounds)
1 /   0.0001889 /   0.0001889 (unperturbed bounds)
Solve 1: Forcing phase 2 since near primal feasible with unperturbed costs
num / max / sum primal infeasiblitiles
1 /   0.0003067 /   0.0003067 (  perturbed bounds)
1 /   0.0003069 /   0.0003069 (unperturbed bounds)
Solve 1: Forcing phase 2 since near primal feasible with unperturbed costs
num / max / sum primal infeasiblitiles
1 /     1.9e-05 /     1.9e-05 (  perturbed bounds)
1 /   1.918e-05 /   1.918e-05 (unperturbed bounds)
Solve 1: Forcing phase 2 since near primal feasible with unperturbed costs
num / max / sum primal infeasiblitiles
1 /   0.0002888 /   0.0002888 (  perturbed bounds)
1 /   0.0002889 /   0.0002889 (unperturbed bounds)
Solve 1: Forcing phase 2 since near primal feasible with unperturbed costs
num / max / sum primal infeasiblitiles
1 /   0.0002123 /   0.0002123 (  perturbed bounds)
1 /   0.0002125 /   0.0002125 (unperturbed bounds)
Solve 1: Forcing phase 2 since near primal feasible with unperturbed costs
num / max / sum primal infeasiblitiles
1 /    8.75e-05 /    8.75e-05 (  perturbed bounds)
1 /   8.769e-05 /   8.769e-05 (unperturbed bounds)
Solve 1: Forcing phase 2 since near primal feasible with unperturbed costs
num / max / sum primal infeasiblitiles
1 /   0.0001556 /   0.0001556 (  perturbed bounds)
1 /   0.0001556 /   0.0001556 (unperturbed bounds)
Solve 1: Forcing phase 2 since near primal feasible with unperturbed costs
num / max / sum primal infeasiblitiles
1 /   0.0002762 /   0.0002762 (  perturbed bounds)
1 /   0.0002762 /   0.0002762 (unperturbed bounds)
Solve 1: Forcing phase 2 since near primal feasible with unperturbed costs
num / max / sum primal infeasiblitiles
1 /   0.0001323 /   0.0001323 (  perturbed bounds)
1 /   0.0001323 /   0.0001323 (unperturbed bounds)
Solve 1: Forcing phase 2 since near primal feasible with unperturbed costs
num / max / sum primal infeasiblitiles
1 /   0.0002927 /   0.0002927 (  perturbed bounds)
1 /   0.0002927 /   0.0002927 (unperturbed bounds)
Solve 1: Forcing phase 2 since near primal feasible with unperturbed costs
num / max / sum primal infeasiblitiles
1 /   0.0001429 /   0.0001429 (  perturbed bounds)
1 /    0.000143 /    0.000143 (unperturbed bounds)
Solve 1: Forcing phase 2 since near primal feasible with unperturbed costs
num / max / sum primal infeasiblitiles
1 /   0.0001103 /   0.0001103 (  perturbed bounds)
1 /   0.0001105 /   0.0001105 (unperturbed bounds)
Solve 1: Forcing phase 2 since near primal feasible with unperturbed costs
num / max / sum primal infeasiblitiles
1 /    0.000106 /    0.000106 (  perturbed bounds)
1 /   0.0001062 /   0.0001062 (unperturbed bounds)
Solve 1: Forcing phase 2 since near primal feasible with unperturbed costs
num / max / sum primal infeasiblitiles
1 /   0.0001379 /   0.0001379 (  perturbed bounds)
1 /   0.0001381 /   0.0001381 (unperturbed bounds)
Solve 1: Forcing phase 2 since near primal feasible with unperturbed costs
num / max / sum primal infeasiblitiles
1 /   0.0002232 /   0.0002232 (  perturbed bounds)
1 /   0.0002232 /   0.0002232 (unperturbed bounds)
Solve 1: Forcing phase 2 since near primal feasible with unperturbed costs
num /[ 1457.9s]   [q32] 713/2500
 max / sum primal infeasiblitiles
1 /   0.0001415 /   0.0001415 (  perturbed bounds)
1 /   0.0001416 /   0.0001416 (unperturbed bounds)
Solve 1: Forcing phase 2 since near primal feasible with unperturbed costs
num / max / sum primal infeasiblitiles
1 /   0.0001433 /   0.0001433 (  perturbed bounds)
1 /   0.0001435 /   0.0001435 (unperturbed bounds)
Solve 1: Forcing phase 2 since near primal feasible with unperturbed costs
num / max / sum primal infeasiblitiles
1 /   0.0003069 /   0.0003069 (  perturbed bounds)
1 /   0.0003069 /   0.0003069 (unperturbed bounds)
Solve 1: Forcing phase 2 since near primal feasible with unperturbed costs
num / max / sum primal infeasiblitiles
1 /   2.533e-05 /   2.533e-05 (  perturbed bounds)
1 /   2.552e-05 /   2.552e-05 (unperturbed bounds)
Solve 1: Forcing phase 2 since near primal feasible with unperturbed costs
num / max / sum primal infeasiblitiles
1 /    5.48e-05 /    5.48e-05 (  perturbed bounds)
1 /   5.483e-05 /   5.483e-05 (unperturbed bounds)
Solve 1: Forcing phase 2 since near primal feasible with unperturbed costs
num / max / sum primal infeasiblitiles
1 /   7.805e-05 /   7.805e-05 (  perturbed bounds)
1 /   7.808e-05 /   7.808e-05 (unperturbed bounds)
Solve 1: Forcing phase 2 since near primal feasible with unperturbed costs
num / max / sum primal infeasiblitiles
1 /   0.0001076 /   0.0001076 (  perturbed bounds)
1 /   0.0001078 /   0.0001078 (unperturbed bounds)
Solve 1: Forcing phase 2 since near primal feasible with unperturbed costs
num / max / sum primal infeasiblitiles
1 /   9.189e-05 /   9.189e-05 (  perturbed bounds)
1 /   9.207e-05 /   9.207e-05 (unperturbed bounds)
Solve 1: Forcing phase 2 since near primal feasible with unperturbed costs
num / max / sum primal infeasiblitiles
1 /   6.973e-05 /   6.973e-05 (  perturbed bounds)
1 /   6.993e-05 /   6.993e-05 (unperturbed bounds)
Solve 1: Forcing phase 2 since near primal feasible with unperturbed costs
num / max / sum primal infeasiblitiles
1 /   0.0001534 /   0.0001534 (  perturbed bounds)
1 /   0.0001535 /   0.0001535 (unperturbed bounds)
Solve 1: Forcing phase 2 since near primal feasible with unperturbed costs
num / max / sum primal infeasiblitiles
1 /   0.0001759 /   0.0001759 (  perturbed bounds)
1 /   0.0001761 /   0.0001761 (unperturbed bounds)
Solve 1: Forcing phase 2 since near primal feasible with unperturbed costs
num / max / sum primal infeasiblitiles
1 /   0.0002832 /   0.0002832 (  perturbed bounds)
1 /   0.0002833 /   0.0002833 (unperturbed bounds)
Solve 1: Forcing phase 2 since near primal feasible with unperturbed costs
num / max / sum primal infeasiblitiles
1 /    0.000106 /    0.000106 (  perturbed bounds)
1 /   0.0001062 /   0.0001062 (unperturbed bounds)
Solve 1: Forcing phase 2 since near primal feasible with unperturbed costs
num / max / sum primal infeasiblitiles
1 /   0.0001672 /   0.0001672 (  perturbed bounds)
1 /   0.0001674 /   0.0001674 (unperturbed bounds)
Solve 1: Forcing phase 2 since near primal feasible with unperturbed costs
num / max / sum primal infeasiblitiles
1 /   0.0001795 /   0.0001795 (  perturbed bounds)
1 /   0.0001797 /   0.0001797 (unperturbed bounds)
Solve 1: Forcing phase 2 since near primal feasible with unperturbed costs
num / max / sum primal infeasiblitiles
1 /   0.0001442 /   0.0001442 (  perturbed bounds)
1 /   0.0001444 /   0.0001444 (unperturbed bounds)
Solve 1: Forcing phase 2 since near primal feasible with unperturbed costs
num / max / sum primal infeasiblitiles
1 /   0.0002813 /   0.0002813 (  perturbed bounds)
1 /   0.0002815 /   0.0002815 (unperturbed bounds)
Solve 1: Forcing phase 2 since near primal feasible with unperturbed costs
num / max / sum primal infeasiblitiles
1 /   0.0002831 /   0.0002831 (  perturbed bounds)
1 /   0.0002833 /   0.0002833 (unperturbed bounds)
Solve 1: Forcing phase 2 since near primal feasible with unperturbed costs
num / max / sum primal infeasiblitiles
1 /   0.0003112 /   0.0003112 (  perturbed bounds)
1 /   0.0003112 /   0.0003112 (unperturbed bounds)
Solve 1: Forcing phase 2 since near primal feasible with unperturbed costs
num / max / sum primal infeasiblitiles
1 /   0.0001461 /   0.0001461 (  perturbed bounds)
1 /   0.0001463 /   0.0001463 (unperturbed bounds)
Solve 1: Forcing phase 2 since near primal feasible with unperturbed costs
num / max / sum primal infeasiblitiles
1 /   0.0001937 /   0.0001937 (  perturbed bounds)
1 /   0.0001938 /   0.0001938 (unperturbed bounds)
Solve 1: Forcing phase 2 since near primal feasible with unperturbed costs
num / max / sum primal infeasiblitiles
1 /   0.0001725 /   0.0001725 (  perturbed bounds)
1 /   0.0001726 /   0.0001726 (unperturbed bounds)
Solve 1: Forcing phase 2 since near primal feasible with unperturbed costs
num / max / sum primal infeasiblitiles
1 /   0.0001973 /   0.0001973 (  perturbed bounds)
1 /   0.0001973 /   0.0001973 (unperturbed bounds)
Solve 1: Forcing phase 2 since near primal feasible with unperturbed costs
num / max / sum primal infeasiblitiles
1 /   0.0001255 /   0.0001255 (  perturbed bounds)
1 /   0.0001256 /   0.0001256 (unperturbed bounds)
Solve 1: Forcing phase 2 since near primal feasible with unperturbed costs
num / max / sum primal infeasiblitiles
1 /   0.0002518 /   0.0002518 (  perturbed bounds)
1 /   0.0002518 /   0.0002518 (unperturbed bounds)
Solve 1: Forcing phase 2 since near primal feasible with unperturbed costs
num / max / sum primal infeasiblitiles
1 /   0.0001704 /   0.0001704 (  perturbed bounds)
1 /   0.0001706 /   0.0001706 (unperturbed bounds)
Solve 1: Forcing phase 2 since near primal feasible with unperturbed costs
num / max / sum primal infeasiblitiles
1 /   0.0003046 /   0.0003046 (  perturbed bounds)
1 /   0.0003048 /   0.0003048 (unperturbed bounds)
Solve 1: Forcing phase 2 since near primal feasible with unperturbed costs
num / max / sum primal infeasiblitiles
1 /   0.0002426 /   0.0002426 (  perturbed bounds)
1 /   0.0002428 /   0.0002428 (unperturbed bounds)
Solve 1: Forcing phase 2 since near primal feasible with unperturbed costs
num / max / sum primal infeasiblitiles
1 /   0.0001329 /   0.0001329 (  perturbed bounds)
1 /   0.0001331 /   0.0001331 (unperturbed bounds)
Solve 1: Forcing phase 2 since near primal feasible with unperturbed costs
num / max / sum primal infeasiblitiles
1 /   1.707e-05 /   1.707e-05 (  perturbed bounds)
1 /   1.726e-05 /   1.726e-05 (unperturbed bounds)
Solve 1: Forcing phase 2 since near primal feasible with unperturbed costs
num / max / sum primal infeasiblitiles
1 /   0.0002762 /   0.0002762 (  perturbed bounds)
1 /   0.0002762 /   0.0002762 (unperturbed bounds)
Solve 1: Forcing phase 2 since near primal feasible with unperturbed costs
num / max / sum primal infeasiblitiles
1 /   5.987e-05 /   5.987e-05 (  perturbed bounds)
1 /   6.005e-05 /   6.005e-05 (unperturbed bounds)
Solve 1: Forcing phase 2 since near primal feasible with unperturbed costs
num / max / sum primal infeasiblitiles
1 /   0.0002182 /   0.0002182 (  perturbed bounds)
1 /   0.0002182 /   0.0002182 (unperturbed bounds)
Solve 1: Forcing phase 2 since near primal feasible with unperturbed costs
num / max / sum primal infeasiblitiles
1 /   0.0002209 /   0.0002209 (  perturbed bounds)
1 /    0.000221 /    0.000221 (unperturbed bounds)
Solve 1: Forcing phase 2 since near primal feasible with unperturbed costs
num / max / sum primal infeasiblitiles
1 /     4.3e-05 /     4.3e-05 (  perturbed bounds)
1 /   4.316e-05 /   4.316e-05 (unperturbed bounds)
Solve 1: Forcing phase 2 since near primal feasible with unperturbed costs
num / max / sum primal infeasiblitiles
1 /   0.0001724 /   0.0001724 (  perturbed bounds)
1 /   0.0001726 /   0.0001726 (unperturbed bounds)
Solve 1: Forcing phase 2 since near primal feasible with unperturbed costs
num / max / sum primal infeasiblitiles
1 /   7.988e-05 /   7.988e-05 (  perturbed bounds)
1 /   8.006e-05 /   8.006e-05 (unperturbed bounds)
Solve 1: Forcing phase 2 since near primal feasible with unperturbed costs
num / max / sum primal infeasiblitiles
1 /   0.0001726 /   0.0001726 (  perturbed bounds)
1 /   0.0001726 /   0.0001726 (unperturbed bounds)
Solve 1: Forcing phase 2 since near primal feasible with unperturbed costs
num / max / sum primal infeasiblitiles
1 /     0.00023 /     0.00023 (  perturbed bounds)
1 /   0.0002302 /   0.0002302 (unperturbed bounds)
Solve 1: Forcing phase 2 since near primal feasible with unperturbed costs
num / max / sum primal infeasiblitiles
1 /   0.0002208 /   0.0002208 (  perturbed bounds)
1 /    0.000221 /    0.000221 (unperturbed bounds)
Solve 1: Forcing phase 2 since near primal feasible with unperturbed costs
num / max / sum primal infeasiblitiles
1 /   0.0002123 /   0.0002123 (  perturbed bounds)
1 /   0.0002125 /   0.0002125 (unperturbed bounds)
Solve 1: Forcing phase 2 since near primal feasible with unperturbed costs
num / max / sum primal infeasiblitiles
1 /   0.0002208 /   0.0002208 (  perturbed bounds)
1 /    0.000221 /    0.000221 (unperturbed bounds)
Solve 1: Forcing phase 2 since near primal feasible with unperturbed costs
num / max / sum primal infeasiblitiles
1 /     0.00023 /     0.00023 (  perturbed bounds)
1 /   0.0002302 /   0.0002302 (unperturbed bounds)
Solve 1: Forcing phase 2 since near primal feasible with unperturbed costs
num / max / sum primal infeasiblitiles
1 /   0.0002868 /   0.0002868 (  perturbed bounds)
1 /    0.000287 /    0.000287 (unperturbed bounds)
Solve 1: Forcing phase 2 since near primal feasible with unperturbed costs
num / max / sum primal infeasiblitiles
1 /   0.0003123 /   0.0003123 (  perturbed bounds)
1 /   0.0003123 /   0.0003123 (unperturbed bounds)
Solve 1: Forcing phase 2 since near primal feasible with unperturbed costs
num / max / sum primal infeasiblitiles
1 /   6.902e-05 /   6.902e-05 (  perturbed bounds)
1 /   6.905e-05 /   6.905e-05 (unperturbed bounds)
Solve 1: Forcing phase 2 since near primal feasible with unperturbed costs
num / max / sum primal infeasiblitiles
1 /   0.0002124 /   0.0002124 (  perturbed bounds)
1 /   0.0002125 /   0.0002125 (unperturbed bounds)
Solve 1: Forcing phase 2 since near primal feasible with unperturbed costs
num / max / sum primal infeasiblitiles
1 /   0.0002509 /   0.0002509 (  perturbed bounds)
1 /   0.0002511 /   0.0002511 (unperturbed bounds)
Solve 1: Forcing phase 2 since near primal feasible with unperturbed costs
num / max / sum primal infeasiblitiles
1 /    0.000178 /    0.000178 (  perturbed bounds)
1 /   0.0001782 /   0.0001782 (unperturbed bounds)
Solve 1: Forcing phase 2 since near primal feasible with unperturbed costs
num / max / sum primal infeasiblitiles
1 /   0.0001534 /   0.0001534 (  perturbed bounds)
1 /   0.0001535 /   0.0001535 (unperturbed bounds)
Solve 1: Forcing phase 2 since near primal feasible with unperturbed costs
num / max / sum primal infeasiblitiles
1 /   0.0002363 /   0.0002363 (  perturbed bounds)
1 /   0.0002363 /   0.0002363 (unperturbed bounds)
Solve 1: Forcing phase 2 since near primal feasible with unperturbed costs
num / max / sum primal infeasiblitiles
1 /   3.032e-05 /   3.032e-05 (  perturbed bounds)
1 /   3.052e-05 /   3.052e-05 (unperturbed bounds)
Solve 1: Forcing phase 2 since near primal feasible with unperturbed costs
num / max / sum primal infeasiblitiles
1 /   6.887e-05 /   6.887e-05 (  perturbed bounds)
1 /   6.905e-05 /   6.905e-05 (unperturbed bounds)
Solve 1: Forcing phase 2 since near primal feasible with unperturbed costs
num / max / sum primal infeasiblitiles
1 /   0.0001416 /   0.0001416 (  perturbed bounds)
1 /   0.0001416 /   0.0001416 (unperturbed bounds)
Solve 1: Forcing phase 2 since near primal feasible with unperturbed costs
num / max / sum primal infeasiblitiles
1 /   0.0002453 /   0.0002453 (  perturbed bounds)
1 /   0.0002455 /   0.0002455 (unperturbed bounds)
Solve 1: Forcing phase 2 since near primal feasible with unperturbed costs
num / max / sum primal infeasiblitiles
1 /   3.119e-05 /   3.119e-05 (  perturbed bounds)
1 /   3.139e-05 /   3.139e-05 (unperturbed bounds)
Solve 1: Forcing phase 2 since near primal feasible with unperturbed costs
num / max / sum primal infeasiblitiles
1 /   0.0002661 /   0.0002661 (  perturbed bounds)
1 /   0.0002662 /   0.0002662 (unperturbed bounds)
Solve 1: Forcing phase 2 since near primal feasible with[ 1638.1s]   [q32] 1386/2500
 unperturbed costs
num / max / sum primal infeasiblitiles
1 /   0.0002907 /   0.0002907 (  perturbed bounds)
1 /   0.0002908 /   0.0002908 (unperturbed bounds)
Solve 1: Forcing phase 2 since near primal feasible with unperturbed costs
num / max / sum primal infeasiblitiles
1 /   0.0002964 /   0.0002964 (  perturbed bounds)
1 /   0.0002966 /   0.0002966 (unperturbed bounds)
Solve 1: Forcing phase 2 since near primal feasible with unperturbed costs
num / max / sum primal infeasiblitiles
2 /   0.0002481 /   0.0003522 (  perturbed bounds)
2 /   0.0002483 /   0.0003525 (unperturbed bounds)
Solve 1: Forcing phase 2 since near primal feasible with unperturbed costs
num / max / sum primal infeasiblitiles
1 /   0.0001543 /   0.0001543 (  perturbed bounds)
1 /   0.0001545 /   0.0001545 (unperturbed bounds)
Solve 1: Forcing phase 2 since near primal feasible with unperturbed costs
num / max / sum primal infeasiblitiles
1 /   0.0002728 /   0.0002728 (  perturbed bounds)
1 /   0.0002728 /   0.0002728 (unperturbed bounds)
Solve 1: Forcing phase 2 since near primal feasible with unperturbed costs
num / max / sum primal infeasiblitiles
1 /   7.412e-05 /   7.412e-05 (  perturbed bounds)
1 /   7.415e-05 /   7.415e-05 (unperturbed bounds)
Solve 1: Forcing phase 2 since near primal feasible with unperturbed costs
num / max / sum primal infeasiblitiles
1 /   0.0002906 /   0.0002906 (  perturbed bounds)
1 /   0.0002908 /   0.0002908 (unperturbed bounds)
Solve 1: Forcing phase 2 since near primal feasible with unperturbed costs
num / max / sum primal infeasiblitiles
1 /    0.000178 /    0.000178 (  perturbed bounds)
1 /   0.0001782 /   0.0001782 (unperturbed bounds)
Solve 1: Forcing phase 2 since near primal feasible with unperturbed costs
num / max / sum primal infeasiblitiles
1 /   0.0001298 /   0.0001298 (  perturbed bounds)
1 /     0.00013 /     0.00013 (unperturbed bounds)
Solve 1: Forcing phase 2 since near primal feasible with unperturbed costs
num / max / sum primal infeasiblitiles
1 /   0.0001971 /   0.0001971 (  perturbed bounds)
1 /   0.0001973 /   0.0001973 (unperturbed bounds)
Solve 1: Forcing phase 2 since near primal feasible with unperturbed costs
num / max / sum primal infeasiblitiles
1 /   0.0002349 /   0.0002349 (  perturbed bounds)
1 /   0.0002351 /   0.0002351 (unperturbed bounds)
Solve 1: Forcing phase 2 since near primal feasible with unperturbed costs
num / max / sum primal infeasiblitiles
1 /   0.0002906 /   0.0002906 (  perturbed bounds)
1 /   0.0002908 /   0.0002908 (unperturbed bounds)
Solve 1: Forcing phase 2 since near primal feasible with unperturbed costs
num / max / sum primal infeasiblitiles
1 /   7.121e-06 /   7.121e-06 (  perturbed bounds)
1 /   7.156e-06 /   7.156e-06 (unperturbed bounds)
Solve 1: Forcing phase 2 since near primal feasible with unperturbed costs
num / max / sum primal infeasiblitiles
1 /   0.0003123 /   0.0003123 (  perturbed bounds)
1 /   0.0003123 /   0.0003123 (unperturbed bounds)
Solve 1: Forcing phase 2 since near primal feasible with unperturbed costs
num / max / sum primal infeasiblitiles
1 /   0.0001577 /   0.0001577 (  perturbed bounds)
1 /   0.0001578 /   0.0001578 (unperturbed bounds)
Solve 1: Forcing phase 2 since near primal feasible with unperturbed costs
num / max / sum primal infeasiblitiles
1 /   0.0002629 /   0.0002629 (  perturbed bounds)
1 /   0.0002631 /   0.0002631 (unperturbed bounds)
Solve 1: Forcing phase 2 since near primal feasible with unperturbed costs
num / max / sum primal infeasiblitiles
1 /   0.0002294 /   0.0002294 (  perturbed bounds)
1 /   0.0002296 /   0.0002296 (unperturbed bounds)
Solve 1: Forcing phase 2 since near primal feasible with unperturbed costs
num / max / sum primal infeasiblitiles
1 /   0.0001003 /   0.0001003 (  perturbed bounds)
1 /   0.0001004 /   0.0001004 (unperturbed bounds)
Solve 1: Forcing phase 2 since near primal feasible with unperturbed costs
num / max / sum primal infeasiblitiles
1 /     0.00024 /     0.00024 (  perturbed bounds)
1 /   0.0002402 /   0.0002402 (unperturbed bounds)
Solve 1: Forcing phase 2 since near primal feasible with unperturbed costs
num / max / sum primal infeasiblitiles
1 /   0.0001903 /   0.0001903 (  perturbed bounds)
1 /   0.0001905 /   0.0001905 (unperturbed bounds)
Solve 1: Forcing phase 2 since near primal feasible with unperturbed costs
num / max / sum primal infeasiblitiles
1 /   0.0001667 /   0.0001667 (  perturbed bounds)
1 /   0.0001668 /   0.0001668 (unperturbed bounds)
Solve 1: Forcing phase 2 since near primal feasible with unperturbed costs
num / max / sum primal infeasiblitiles
1 /   0.0002093 /   0.0002093 (  perturbed bounds)
1 /   0.0002095 /   0.0002095 (unperturbed bounds)
Solve 1: Forcing phase 2 since near primal feasible with unperturbed costs
num / max / sum primal infeasiblitiles
1 /   0.0001787 /   0.0001787 (  perturbed bounds)
1 /   0.0001789 /   0.0001789 (unperturbed bounds)
Solve 1: Forcing phase 2 since near primal feasible with unperturbed costs
num / max / sum primal infeasiblitiles
1 /   0.0002509 /   0.0002509 (  perturbed bounds)
1 /   0.0002511 /   0.0002511 (unperturbed bounds)
Solve 1: Forcing phase 2 since near primal feasible with unperturbed costs
num / max / sum primal infeasiblitiles
1 /   0.0001705 /   0.0001705 (  perturbed bounds)
1 /   0.0001706 /   0.0001706 (unperturbed bounds)
Solve 1: Forcing phase 2 since near primal feasible with unperturbed costs
num / max / sum primal infeasiblitiles
1 /   0.0002103 /   0.0002103 (  perturbed bounds)
1 /   0.0002104 /   0.0002104 (unperturbed bounds)
Solve 1: Forcing phase 2 since near primal feasible with unperturbed costs
num / max / sum primal infeasiblitiles
1 /     4.8e-05 /     4.8e-05 (  perturbed bounds)
1 /   4.804e-05 /   4.804e-05 (unperturbed bounds)
Solve 1: Forcing phase 2 since near primal feasible with unperturbed costs
num / max / sum primal infeasiblitiles
1 /   0.0002165 /   0.0002165 (  perturbed bounds)
1 /   0.0002166 /   0.0002166 (unperturbed bounds)
Solve 1: Forcing phase 2 since near primal feasible with unperturbed costs
num / max / sum primal infeasiblitiles
1 /    0.000244 /    0.000244 (  perturbed bounds)
1 /   0.0002442 /   0.0002442 (unperturbed bounds)
Solve 1: Forcing phase 2 since near primal feasible with unperturbed costs
num / max / sum primal infeasiblitiles
1 /    0.000175 /    0.000175 (  perturbed bounds)
1 /    0.000175 /    0.000175 (unperturbed bounds)
Solve 1: Forcing phase 2 since near primal feasible with unperturbed costs
num / max / sum primal infeasiblitiles
1 /   9.347e-05 /   9.347e-05 (  perturbed bounds)
1 /   9.363e-05 /   9.363e-05 (unperturbed bounds)
Solve 1: Forcing phase 2 since near primal feasible with unperturbed costs
num / max / sum primal infeasiblitiles
1 /     0.00023 /     0.00023 (  perturbed bounds)
1 /   0.0002302 /   0.0002302 (unperturbed bounds)
Solve 1: Forcing phase 2 since near primal feasible with unperturbed costs
num / max / sum primal infeasiblitiles
1 /   0.0002762 /   0.0002762 (  perturbed bounds)
1 /   0.0002762 /   0.0002762 (unperturbed bounds)
Solve 1: Forcing phase 2 since near primal feasible with unperturbed costs
num / max / sum primal infeasiblitiles
1 /   6.171e-05 /   6.171e-05 (  perturbed bounds)
1 /    6.19e-05 /    6.19e-05 (unperturbed bounds)
Solve 1: Forcing phase 2 since near primal feasible with unperturbed costs
num / max / sum primal infeasiblitiles
1 /   0.0001257 /   0.0001257 (  perturbed bounds)
1 /   0.0001259 /   0.0001259 (unperturbed bounds)
Solve 1: Forcing phase 2 since near primal feasible with unperturbed costs
num / max / sum primal infeasiblitiles
1 /   0.0002402 /   0.0002402 (  perturbed bounds)
1 /   0.0002402 /   0.0002402 (unperturbed bounds)
Solve 1: Forcing phase 2 since near primal feasible with unperturbed costs
num / max / sum primal infeasiblitiles
1 /   0.0001284 /   0.0001284 (  perturbed bounds)
1 /   0.0001285 /   0.0001285 (unperturbed bounds)
Solve 1: Forcing phase 2 since near primal feasible with unperturbed costs
num / max / sum primal infeasiblitiles
1 /   0.0003155 /   0.0003155 (  perturbed bounds)
1 /   0.0003157 /   0.0003157 (unperturbed bounds)
Solve 1: Forcing phase 2 since near primal feasible with unperturbed costs
num / max / sum primal infeasiblitiles
1 /   0.0001379 /   0.0001379 (  perturbed bounds)
1 /   0.0001381 /   0.0001381 (unperturbed bounds)
Solve 1: Forcing phase 2 since near primal feasible with unperturbed costs
num / max / sum primal infeasiblitiles
1 /   0.0001041 /   0.0001041 (  perturbed bounds)
1 /   0.0001042 /   0.0001042 (unperturbed bounds)
Solve 1: Forcing phase 2 since near primal feasible with unperturbed costs
num / max / sum primal infeasiblitiles
1 /   0.0002569 /   0.0002569 (  perturbed bounds)
1 /   0.0002569 /   0.0002569 (unperturbed bounds)
Solve 1: Forcing phase 2 since near primal feasible with unperturbed costs
num / max / sum primal infeasiblitiles
1 /   0.0001809 /   0.0001809 (  perturbed bounds)
1 /   0.0001811 /   0.0001811 (unperturbed bounds)
Solve 1: Forcing phase 2 since near primal feasible with unperturbed costs
num / max / sum primal infeasiblitiles
1 /    0.000276 /    0.000276 (  perturbed bounds)
1 /   0.0002762 /   0.0002762 (unperturbed bounds)
Solve 1: Forcing phase 2 since near primal feasible with unperturbed costs
num / max / sum primal infeasiblitiles
1 /   0.0001601 /   0.0001601 (  perturbed bounds)
1 /   0.0001601 /   0.0001601 (unperturbed bounds)
Solve 1: Forcing phase 2 since near primal feasible with unperturbed costs
num / max / sum primal infeasiblitiles
1 /   0.0002509 /   0.0002509 (  perturbed bounds)
1 /   0.0002511 /   0.0002511 (unperturbed bounds)
Solve 1: Forcing phase 2 since near primal feasible with unperturbed costs
num / max / sum primal infeasiblitiles
1 /   2.089e-05 /   2.089e-05 (  perturbed bounds)
1 /   2.109e-05 /   2.109e-05 (unperturbed bounds)
Solve 1: Forcing phase 2 since near primal feasible with unperturbed costs
num / max / sum primal infeasiblitiles
1 /   0.0002324 /   0.0002324 (  perturbed bounds)
1 /   0.0002326 /   0.0002326 (unperturbed bounds)
Solve 1: Forcing phase 2 since near primal feasible with unperturbed costs
num / max / sum primal infeasiblitiles
1 /   0.0003069 /   0.0003069 (  perturbed bounds)
1 /   0.0003069 /   0.0003069 (unperturbed bounds)
Solve 1: Forcing phase 2 since near primal feasible with unperturbed costs
num / max / sum primal infeasiblitiles
1 /   0.0003112 /   0.0003112 (  perturbed bounds)
1 /   0.0003112 /   0.0003112 (unperturbed bounds)
Solve 1: Forcing phase 2 since near primal feasible with unperturbed costs
num / max / sum primal infeasiblitiles
1 /   0.0001782 /   0.0001782 (  perturbed bounds)
1 /   0.0001782 /   0.0001782 (unperturbed bounds)
Solve 1: Forcing phase 2 since near primal feasible with unperturbed costs
num / max / sum primal infeasiblitiles
1 /   0.0002154 /   0.0002154 (  perturbed bounds)
1 /   0.0002156 /   0.0002156 (unperturbed bounds)
Solve 1: Forcing phase 2 since near primal feasible with unperturbed costs
num / max / sum primal infeasiblitiles
1 /   9.861e-05 /   9.861e-05 (  perturbed bounds)
1 /   9.865e-05 /   9.865e-05 (unperturbed bounds)
Solve 1: Forcing phase 2 since near primal feasible with unperturbed costs
num / max / sum primal infeasiblitiles
1 /    0.000178 /    0.000178 (  perturbed bounds)
1 /   0.0001782 /   0.0001782 (unperturbed bounds)
Solve 1: Forcing phase 2 since near primal feasible with unperturbed costs
num / max / sum primal infeasiblitiles
1 /   0.0002166 /   0.0002166 (  perturbed bounds)
1 /   0.0002166 /   0.0002166 (unperturbed bounds)
Solve 1: Forcing phase 2 since near primal feasible with unperturbed costs
num / max / sum primal infeasiblitiles
1 /   0.0001442 /   0.0001442 (  perturbed bounds)
1 /   0.0001444 /   0.0001444 (unperturbed bounds)
Solve 1: Forcing phase 2 since near primal feasible with unperturbed costs
num / max / sum primal infeasiblitiles
1 /   0.0002833 /   0.0002833 (  perturbed bounds)
1 /   0.0002833 /   0.0002833 (unperturbed bounds)
Solve 1: Forcing phase 2 since near primal feasible with unperturbed costs
num / max / sum primal infeasiblitiles
1 /   0.0003069 /   0.0003069 (  perturbed bounds)
1 /   0.0003069 /   0.0003069 (unperturbed bounds)
Solve 1: Forcing phase 2 since n[ 1818.2s]   [q32] 2137/2500
ear primal feasible with unperturbed costs
num / max / sum primal infeasiblitiles
1 /   0.0002887 /   0.0002887 (  perturbed bounds)
1 /   0.0002889 /   0.0002889 (unperturbed bounds)
Solve 1: Forcing phase 2 since near primal feasible with unperturbed costs
num / max / sum primal infeasiblitiles
1 /   0.0001452 /   0.0001452 (  perturbed bounds)
1 /   0.0001454 /   0.0001454 (unperturbed bounds)
Solve 1: Forcing phase 2 since near primal feasible with unperturbed costs
num / max / sum primal infeasiblitiles
1 /   5.826e-05 /   5.826e-05 (  perturbed bounds)
1 /   5.846e-05 /   5.846e-05 (unperturbed bounds)
Solve 1: Forcing phase 2 since near primal feasible with unperturbed costs
num / max / sum primal infeasiblitiles
1 /   0.0002788 /   0.0002788 (  perturbed bounds)
1 /   0.0002788 /   0.0002788 (unperturbed bounds)
Solve 1: Forcing phase 2 since near primal feasible with unperturbed costs
num / max / sum primal infeasiblitiles
1 /   0.0001254 /   0.0001254 (  perturbed bounds)
1 /   0.0001256 /   0.0001256 (unperturbed bounds)
Solve 1: Forcing phase 2 since near primal feasible with unperturbed costs
num / max / sum primal infeasiblitiles
1 /   0.0002349 /   0.0002349 (  perturbed bounds)
1 /   0.0002351 /   0.0002351 (unperturbed bounds)
Solve 1: Forcing phase 2 since near primal feasible with unperturbed costs
num / max / sum primal infeasiblitiles
1 /   0.0003132 /   0.0003132 (  perturbed bounds)
1 /   0.0003134 /   0.0003134 (unperturbed bounds)
Solve 1: Forcing phase 2 since near primal feasible with unperturbed costs
num / max / sum primal infeasiblitiles
1 /   0.0001004 /   0.0001004 (  perturbed bounds)
1 /   0.0001004 /   0.0001004 (unperturbed bounds)
Solve 1: Forcing phase 2 since near primal feasible with unperturbed costs
num / max / sum primal infeasiblitiles
1 /   0.0002718 /   0.0002718 (  perturbed bounds)
1 /    0.000272 /    0.000272 (unperturbed bounds)
Solve 1: Forcing phase 2 since near primal feasible with unperturbed costs
num / max / sum primal infeasiblitiles
1 /   0.0002426 /   0.0002426 (  perturbed bounds)
1 /   0.0002428 /   0.0002428 (unperturbed bounds)
Solve 1: Forcing phase 2 since near primal feasible with unperturbed costs
num / max / sum primal infeasiblitiles
1 /    5.05e-05 /    5.05e-05 (  perturbed bounds)
1 /   5.068e-05 /   5.068e-05 (unperturbed bounds)
Solve 1: Forcing phase 2 since near primal feasible with unperturbed costs
num / max / sum primal infeasiblitiles
1 /   3.104e-06 /   3.104e-06 (  perturbed bounds)
1 /   3.139e-06 /   3.139e-06 (unperturbed bounds)
Solve 1: Forcing phase 2 since near primal feasible with unperturbed costs
num / max / sum primal infeasiblitiles
1 /   0.0002726 /   0.0002726 (  perturbed bounds)
1 /   0.0002728 /   0.0002728 (unperturbed bounds)
Solve 1: Forcing phase 2 since near primal feasible with unperturbed costs
num / max / sum primal infeasiblitiles
1 /   7.462e-05 /   7.462e-05 (  perturbed bounds)
1 /   7.465e-05 /   7.465e-05 (unperturbed bounds)
Solve 1: Forcing phase 2 since near primal feasible with unperturbed costs
num / max / sum primal infeasiblitiles
1 /   0.0002349 /   0.0002349 (  perturbed bounds)
1 /   0.0002351 /   0.0002351 (unperturbed bounds)
Solve 1: Forcing phase 2 since near primal feasible with unperturbed costs
num / max / sum primal infeasiblitiles
1 /    0.000127 /    0.000127 (  perturbed bounds)
1 /    0.000127 /    0.000127 (unperturbed bounds)
Solve 1: Forcing phase 2 since near primal feasible with unperturbed costs
num / max / sum primal infeasiblitiles
1 /   0.0001415 /   0.0001415 (  perturbed bounds)
1 /   0.0001416 /   0.0001416 (unperturbed bounds)
Solve 1: Forcing phase 2 since near primal feasible with unperturbed costs
num / max / sum primal infeasiblitiles
1 /   0.0002701 /   0.0002701 (  perturbed bounds)
1 /   0.0002703 /   0.0002703 (unperturbed bounds)
Solve 1: Forcing phase 2 since near primal feasible with unperturbed costs
num / max / sum primal infeasiblitiles
1 /   0.0003025 /   0.0003025 (  perturbed bounds)
1 /   0.0003027 /   0.0003027 (unperturbed bounds)
Solve 1: Forcing phase 2[ 1902.2s] quantum n=40: 1200 paths
 since near primal feasible with unperturbed costs
num / max / sum primal infeasiblitiles
1 /   1.391e-05 /   1.391e-05 (  perturbed bounds)
1 /   1.409e-05 /   1.409e-05 (unperturbed bounds)
Solve 1: Forcing phase 2 since near primal feasible with unperturbed costs
num / max / sum primal infeasiblitiles
1 /   0.0001973 /   0.0001973 (  perturbed bounds)
1 /   0.0001973 /   0.0001973 (unperturbed bounds)
Solve 1: Forcing phase 2 since near primal feasible with unperturbed costs
num / max / sum primal infeasiblitiles
1 /   0.0001588 /   0.0001588 (  perturbed bounds)
1 /    0.000159 /    0.000159 (unperturbed bounds)
Solve 1: Forcing phase 2 since near primal feasible with unperturbed costs
num / max / sum primal infeasiblitiles
1 /    6.42e-05 /    6.42e-05 (  perturbed bounds)
1 /   6.424e-05 /   6.424e-05 (unperturbed bounds)
Solve 1: Forcing phase 2 since near primal feasible with unperturbed costs
num / max / sum primal infeasiblitiles
1 /   0.0002389 /   0.0002389 (  perturbed bounds)
1 /   0.0002389 /   0.0002389 (unperturbed bounds)
Solve 1: Forcing phase 2 since near primal feasible with unperturbed costs
num / max / sum primal infeasiblitiles
1 /    0.000254 /    0.000254 (  perturbed bounds)
1 /    0.000254 /    0.000254 (unperturbed bounds)
Solve 1: Forcing phase 2 since near primal feasible with unperturbed costs
num / max / sum primal infeasiblitiles
1 /   0.0002598 /   0.0002598 (  perturbed bounds)
1 /     0.00026 /     0.00026 (unperturbed bounds)
Solve 1: Forcing phase 2 since near primal feasible with unperturbed costs
num / max / sum primal infeasiblitiles
1 /   0.0003016 /   0.0003016 (  perturbed bounds)
1 /   0.0003017 /   0.0003017 (unperturbed bounds)
Solve 1: Forcing phase 2 since near primal feasible with unperturbed costs
num / max / sum primal infeasiblitiles
1 /   0.0002312 /   0.0002312 (  perturbed bounds)
1 /   0.0002314 /   0.0002314 (unperturbed bounds)
Solve 1: Forcing phase 2 since near primal feasible with unperturbed costs
num / max / sum primal infeasiblitiles
1 /    0.000263 /    0.000263 (  perturbed bounds)
1 /   0.0002631 /   0.0002631 (unperturbed bounds)
Solve 1: Forcing phase 2 since near primal feasible with unperturbed costs
num / max / sum primal infeasiblitiles
1 /    0.000276 /    0.000276 (  perturbed bounds)
1 /   0.0002762 /   0.0002762 (unperturbed bounds)
Solve 1: Forcing phase 2 since near primal feasible with unperturbed costs
num / max / sum primal infeasiblitiles
1 /   0.0001577 /   0.0001577 (  perturbed bounds)
1 /   0.0001578 /   0.0001578 (unperturbed bounds)
Solve 1: Forcing phase 2 since near primal feasible with unperturbed costs
num / max / sum primal infeasiblitiles
1 /   0.0001254 /   0.0001254 (  perturbed bounds)
1 /   0.0001256 /   0.0001256 (unperturbed bounds)
Solve 1: Forcing phase 2 since near primal feasible with unperturbed costs
num / max / sum primal infeasiblitiles
1 /   1.076e-05 /   1.076e-05 (  perturbed bounds)
1 /   1.079e-05 /   1.079e-05 (unperturbed bounds)
Solve 1: Forcing phase 2 since near primal feasible with unperturbed costs
num / max / sum primal infeasiblitiles
1 /   0.0002046 /   0.0002046 (  perturbed bounds)
1 /   0.0002046 /   0.0002046 (unperturbed bounds)
Solve 1: Forcing phase 2 since near primal feasible with unperturbed costs
num / max / sum primal infeasiblitiles
1 /   7.669e-05 /   7.669e-05 (  perturbed bounds)
1 /   7.673e-05 /   7.673e-05 (unperturbed bounds)
Solve 1: Forcing phase 2 since near primal feasible with unperturbed costs
num / max / sum primal infeasiblitiles
1 /   0.0002144 /   0.0002144 (  perturbed bounds)
1 /   0.0002145 /   0.0002145 (unperturbed bounds)
Solve 1: Forcing phase 2 since near primal feasible with unperturbed costs
num / max / sum primal infeasiblitiles
1 /   0.0002278 /   0.0002278 (  perturbed bounds)
1 /   0.0002278 /   0.0002278 (unperturbed bounds)
Solve 1: Forcing phase 2 since near primal feasible with unperturbed costs
num / max / sum primal infeasiblitiles
1 /   0.0001921 /   0.0001921 (  perturbed bounds)
1 /   0.0001921 /   0.0001921 (unperturbed bounds)
Solve 1: Forcing phase 2 since near primal feasible with unperturbed costs
num / max / sum primal infeasiblitiles
1 /    1.49e-05 /    1.49e-05 (  perturbed bounds)
1 /   1.493e-05 /   1.493e-05 (unperturbed bounds)
Solve 1: Forcing phase 2 since near primal feasible with unperturbed costs
num / max / sum primal infeasiblitiles
1 /    6.42e-05 /    6.42e-05 (  perturbed bounds)
1 /   6.424e-05 /   6.424e-05 (unperturbed bounds)
Solve 1: Forcing phase 2 since near primal feasible with unperturbed costs
num / max / sum primal infeasiblitiles
1 /   0.0002538 /   0.0002538 (  perturbed bounds)
1 /    0.000254 /    0.000254 (unperturbed bounds)
Solve 1: Forcing phase 2 since near primal feasible with unperturbed costs
num / max / sum primal infeasiblitiles
1 /    0.000178 /    0.000178 (  perturbed bounds)
1 /   0.0001782 /   0.0001782 (unperturbed bounds)
Solve 1: Forcing phase 2 since near primal feasible with unperturbed costs
num / max / sum primal infeasiblitiles
1 /   0.0002662 /   0.0002662 (  perturbed bounds)
1 /   0.0002662 /   0.0002662 (unperturbed bounds)
Solve 1: Forcing phase 2 since near primal feasible with unperturbed costs
num / max / sum primal infeasiblitiles
1 /   0.0001453 /   0.0001453 (  perturbed bounds)
1 /   0.0001454 /   0.0001454 (unperturbed bounds)
Solve 1: Forcing phase 2 since near primal feasible with unperturbed costs
num / max / sum primal infeasiblitiles
1 /   0.0002324 /   0.0002324 (  perturbed bounds)
1 /   0.0002326 /   0.0002326 (unperturbed bounds)
Solve 1: Forcing phase 2 since near primal feasible with unperturbed costs
num / max / sum primal infeasiblitiles
1 /   1.229e-06 /   1.229e-06 (  perturbed bounds)
1 /   1.265e-06 /   1.265e-06 (unperturbed bounds)
Solve 1: Forcing phase 2 since near primal feasible with unperturbed costs
num / max / sum primal infeasiblitiles
1 /   9.521e-05 /   9.521e-05 (  perturbed bounds)
1 /   9.525e-05 /   9.525e-05 (unperturbed bounds)
Solve 1: Forcing phase 2 since near primal feasible with unperturbed costs
num / max / sum primal infeasiblitiles
1 /   0.0001879 /   0.0001879 (  perturbed bounds)
1 /   0.0001881 /   0.0001881 (unperturbed bounds)
Solve 1: Forcing phase 2 since near primal feasible with unperturbed costs
num / max / sum primal infeasiblitiles
2 /   0.0003006 /   0.0003511 (  perturbed bounds)
2 /   0.0003006 /   0.0003513 (unperturbed bounds)
Solve 1: Forcing phase 2 since near primal feasible with unperturbed costs
num / max / sum primal infeasiblitiles
1 /   0.0001452 /   0.0001452 (  perturbed bounds)
1 /   0.0001454 /   0.0001454 (unperturbed bounds)
Solve 1: Forcing phase 2 since near primal feasible with unperturbed costs
num / max / sum primal infeasiblitiles
1 /   2.794e-05 /   2.794e-05 (  perturbed bounds)
1 /   2.797e-05 /   2.797e-05 (unperturbed bounds)
Solve 1: Forcing phase 2 since near primal feasible with unperturbed costs
num / max / sum primal infeasiblitiles
1 /    9.44e-05 /    9.44e-05 (  perturbed bounds)
1 /   9.443e-05 /   9.443e-05 (unperturbed bounds)
Solve 1: Forcing phase 2 since near primal feasible with unperturbed costs
num / max / sum primal infeasiblitiles
1 /   0.0002418 /   0.0002418 (  perturbed bounds)
1 /   0.0002418 /   0.0002418 (unperturbed bounds)
Solve 1: Forcing phase 2 since near primal feasible with unperturbed costs
num / max / sum primal infeasiblitiles
1 /   0.0002678 /   0.0002678 (  perturbed bounds)
1 /   0.0002678 /   0.0002678 (unperturbed bounds)
Solve 1: Forcing phase 2 since near primal feasible with unperturbed costs
num / max / sum primal infeasiblitiles
1 /   1.969e-05 /   1.969e-05 (  perturbed bounds)
1 /   1.972e-05 /   1.972e-05 (unperturbed bounds)
Solve 1: Forcing phase 2 since near primal feasible with unperturbed costs
num / max / sum primal infeasiblitiles
1 /   0.0001379 /   0.0001379 (  perturbed bounds)
1 /   0.0001381 /   0.0001381 (unperturbed bounds)
Solve 1: Forcing phase 2 since near primal feasible with unperturbed costs
num / max / sum primal infeasiblitiles
1 /   0.0003122 /   0.0003122 (  perturbed bounds)
1 /   0.0003123 /   0.0003123 (unperturbed bounds)
Solve 1: Forcing phase 2 since near primal feasible with unperturbed costs
num / max / sum primal infeasiblitiles
1 /   0.0001872 /   0.0001872 (  perturbed bounds)
1 /   0.0001873 /   0.0001873 (unperturbed bounds)
Solve 1: Forcing phase 2 since near primal feasible with unperturbed costs
num / max / sum primal infeasiblitiles
1 /   0.0002824 /   0.0002824 (  perturbed bounds)
1 /   0.0002824 /   0.0002824 (unperturbed bounds)
Solve 1: Forcing phase 2 since near primal feasible with unperturbed costs
num / max / sum primal infeasiblitiles
1 /   8.563e-05 /   8.563e-05 (  perturbed bounds)
1 /   8.565e-05 /   8.565e-05 (unperturbed bounds)
Solve 1: Forcing phase 2 since near primal feasible with unperturbed costs
num / max / sum primal infeasiblitiles
1 /   0.0001519 /   0.0001519 (  perturbed bounds)
1 /   0.0001521 /   0.0001521 (unperturbed bounds)
Solve 1: Forcing phase 2 since near primal feasible with unperturbed costs
num / max / sum primal infeasiblitiles
1 /   0.0001076 /   0.0001076 (  perturbed bounds)
1 /   0.0001078 /   0.0001078 (unperturbed bounds)
Solve 1: Forcing phase 2 since near primal feasible with unperturbed costs
num / max / sum primal infeasiblitiles
1 /   0.0001105 /   0.0001105 (  perturbed bounds)
1 /   0.0001105 /   0.0001105 (unperturbed bounds)
Solve 1: Forcing phase 2 since near primal feasible with unperturbed costs
num / max / sum primal infeasiblitiles
1 /   0.0002049 /   0.0002049 (  perturbed bounds)
1 /   0.0002051 /   0.0002051 (unperturbed bounds)
Solve 1: Forcing phase 2 since near primal feasible with unperturbed costs
num / max / sum primal infeasiblitiles
1 /   0.0001828 /   0.0001828 (  perturbed bounds)
1 /    0.000183 /    0.000183 (unperturbed bounds)
Solve 1: Forcing phase 2 since near primal feasible with unperturbed costs
num / max / sum primal infeasiblitiles
1 /   0.0002693 /   0.0002693 (  perturbed bounds)
1 /   0.0002695 /   0.0002695 (unperturbed bounds)
Solve 1: Forcing phase 2 since near primal feasible with unperturbed costs
num / max / sum primal infeasiblitiles
1 /   4.165e-05 /   4.165e-05 (  perturbed bounds)
1 /   4.185e-05 /   4.185e-05 (unperturbed bounds)
Solve 1: Forcing phase 2 since near primal feasible with unperturbed costs
num / max / sum primal infeasiblitiles
1 /   0.0003025 /   0.0003025 (  perturbed bounds)
1 /   0.0003027 /   0.0003027 (unperturbed bounds)
Solve 1: Forcing phase 2 since near primal feasible with unperturbed costs
num / max / sum primal infeasiblitiles
1 /   0.0001435 /   0.0001435 (  perturbed bounds)
1 /   0.0001435 /   0.0001435 (unperturbed bounds)
Solve 1: Forcing phase 2 since near primal feasible with unperturbed costs
num / max / sum primal infeasiblitiles
1 /   9.166e-05 /   9.166e-05 (  perturbed bounds)
1 /   9.169e-05 /   9.169e-05 (unperturbed bounds)
Solve 1: Forcing phase 2 since near primal feasible with unperturbed costs
num / max / sum primal infeasiblitiles
1 /   2.041e-05 /   2.041e-05 (  perturbed bounds)
1 /   2.059e-05 /   2.059e-05 (unperturbed bounds)
Solve 1: Forcing phase 2 since near primal feasible with unperturbed costs
num / max / sum primal infeasiblitiles
1 /   0.0001871 /   0.0001871 (  perturbed bounds)
1 /   0.0001873 /   0.0001873 (unperturbed bounds)
Solve 1: Forcing phase 2 since near primal feasible with unperturbed costs
num / max / sum primal infeasiblitiles
1 /   8.351e-05 /   8.351e-05 (  perturbed bounds)
1 /    8.37e-05 /    8.37e-05 (unperturbed bounds)
Solve 1: Forcing phase 2 since near primal feasible with unperturbed costs
num / max / sum primal infeasiblitiles
1 /   0.0002124 /   0.0002124 (  perturbed bounds)
1 /   0.0002125 /   0.0002125 (unperturbed bounds)
Solve 1: Forcing phase 2 since near primal feasible with unperturbed costs
num / max / sum primal infeasiblitiles
1 /   0.0001367 /   0.0001367 (  perturbed bounds)
1 /   0.0001368 /   0.0001368 (unperturbed bounds)
Solve 1: Forcing phase 2 since near primal feasible with unperturbed costs
num / max / sum primal infeasiblitiles
1 /   5.705e-05 /   5.705e-05 (  perturbed bounds)
1 /   5.725e-05 /   5.725e-05 (unperturbed bounds)
Solve 1: Forcing phase 2 since near primal feasible with unperturbed costs
num / max / sum primal infeasiblitiles
1 /   0.0001254 /   0.0001254 (  perturbed bounds)
1 /   0.0001256 /   0.0001256 (unperturbed bounds)
Solve 1: Forcing phase 2 since near primal feasible with unperturbed costs
num / max / sum primal infeasiblitiles
1 /   0.0003015 /   0.0003015 (  perturbed bounds)
1 /   0.0003017 /   0.0003017 (unperturbed bounds)
Solve 1: Forcing phase 2 since near primal feasible with unperturbed costs
num / max / sum primal infeasiblitiles
1 /   0.0001809 /   0.0001809 (  perturbed bounds)
1 /   0.0001811 /   0.0001811 (unperturbed bounds)
Solve 1: Forcing phase 2 since near primal feasible with unperturbed costs
num / max / sum primal infeasiblitiles
1 /    0.000276 /    0.000276 (  perturbed bounds)
1 /   0.0002762 /   0.0002762 (unperturbed bounds)
Solve 1: Forcing phase 2 since near primal feasible with unperturbed costs
num / max / sum primal infeasiblitiles
1 /   3.049e-05 /   3.049e-05 (  perturbed bounds)
1 /   3.069e-05 /   3.069e-05 (unperturbed bounds)
Solve 1: Forcing phase 2 since near primal feasible with unperturbed costs
num / max / sum primal infeasiblitiles
1 /   0.0002966 /   0.0002966 (  perturbed bounds)
1 /   0.0002966 /   0.0002966 (unperturbed bounds)
Solve 1: Forcing phase 2 since near primal feasible with unperturbed costs
num / max / sum primal infeasiblitiles
1 /   0.0001347 /   0.0001347 (  perturbed bounds)
1 /   0.0001347 /   0.0001347 (unperturbed bounds)
Solve 1: Forcing phase 2 since near primal feasible with unperturbed costs
num / max / sum primal infeasiblitiles
1 /   0.0002592 /   0.0002592 (  perturbed bounds)
1 /   0.0002592 /   0.0002592 (unperturbed bounds)
Solve 1: Forcing phase 2 since near primal feasible with unperturbed costs
num / max / sum primal infeasiblitiles
1 /   0.0001716 /   0.0001716 (  perturbed bounds)
1 /   0.0001716 /   0.0001716 (unperturbed bounds)
Solve 1: Forcing phase 2 since near primal feasible with unperturbed costs
num / max / sum primal infeasiblitiles
1 /   0.0001598 /   0.0001598 (  perturbed bounds)
1 /   0.0001598 /   0.0001598 (unperturbed bounds)
Solve 1: Forcing phase 2 since near primal feasible with unperturbed costs
num / max / sum primal infeasiblitiles
1 /   8.481e-05 /   8.481e-05 (  perturbed bounds)
1 /   8.499e-05 /   8.499e-05 (unperturbed bounds)
Solve 1: Forcing phase 2 since near primal feasible with unperturbed costs
num / max / sum primal infeasiblitiles
1 /   0.0002407 /   0.0002407 (  perturbed bounds)
1 /   0.0002408 /   0.0002408 (unperturbed bounds)
Solve 1: Forcing phase 2 since near primal feasible with unperturbed costs
num / max / sum primal infeasiblitiles
1 /   8.964e-05 /   8.964e-05 (  perturbed bounds)
1 /   8.983e-05 /   8.983e-05 (unperturbed bounds)
Solve 1: Forcing phase 2 since near primal feasible with unperturbed costs
num / max / sum primal infeasiblitiles
1 /   0.0001984 /   0.0001984 (  perturbed bounds)
1 /   0.0001986 /   0.0001986 (unperturbed bounds)
Solve 1: Forcing phase 2 since near primal feasible with unperturbed costs
num / max / sum primal infeasiblitiles
1 /   2.829e-05 /   2.829e-05 (  perturbed bounds)
1 /   2.848e-05 /   2.848e-05 (unperturbed bounds)
Solve 1: Forcing phase 2 since near primal feasible with unperturbed costs
num / max / sum primal infeasiblitiles
1 /   0.0002901 /   0.0002901 (  perturbed bounds)
1 /   0.0002903 /   0.0002903 (unperturbed bounds)
Solve 1: Forcing phase 2 since near primal feasible with unperturbed costs
num / max / sum primal infeasiblitiles
1 /   0.0002133 /   0.0002133 (  perturbed bounds)
1 /   0.0002135 /   0.0002135 (unperturbed bounds)
Solve 1: Forcing phase 2 since near primal feasible with unperturbed costs
num / max / sum primal infeasiblitiles
1 /   0.0002402 /   0.0002402 (  perturbed bounds)
1 /   0.0002402 /   0.0002402 (unperturbed bounds)
Solve 1: Forcing phase 2 since near primal feasible with unperturbed costs
num / max / sum primal infeasiblitiles
1 /   9.348e-05 /   9.348e-05 (  perturbed bounds)
1 /   9.363e-05 /   9.363e-05 (unperturbed [ 2082.5s]   [q40] 501/1200
bounds)
Solve 1: Forcing phase 2 since near primal feasible with unperturbed costs
num / max / sum primal infeasiblitiles
1 /   7.654e-05 /   7.654e-05 (  perturbed bounds)
1 /   7.673e-05 /   7.673e-05 (unperturbed bounds)
Solve 1: Forcing phase 2 since near primal feasible with unperturbed costs
num / max / sum primal infeasiblitiles
1 /   0.0001973 /   0.0001973 (  perturbed bounds)
1 /   0.0001973 /   0.0001973 (unperturbed bounds)
Solve 1: Forcing phase 2 since near primal feasible with unperturbed costs
num / max / sum primal infeasiblitiles
1 /   0.0002693 /   0.0002693 (  perturbed bounds)
1 /   0.0002695 /   0.0002695 (unperturbed bounds)
Solve 1: Forcing phase 2 since near primal feasible with unperturbed costs
num / max / sum primal infeasiblitiles
1 /   0.0002509 /   0.0002509 (  perturbed bounds)
1 /   0.0002511 /   0.0002511 (unperturbed bounds)
Solve 1: Forcing phase 2 since near primal feasible with unperturbed costs
num / max / sum primal infeasiblitiles
1 /    0.000188 /    0.000188 (  perturbed bounds)
1 /   0.0001881 /   0.0001881 (unperturbed bounds)
Solve 1: Forcing phase 2 since near primal feasible with unperturbed costs
num / max / sum primal infeasiblitiles
1 /   0.0002301 /   0.0002301 (  perturbed bounds)
1 /   0.0002302 /   0.0002302 (unperturbed bounds)
Solve 1: Forcing phase 2 since near primal feasible with unperturbed costs
num / max / sum primal infeasiblitiles
1 /   0.0001454 /   0.0001454 (  perturbed bounds)
1 /   0.0001454 /   0.0001454 (unperturbed bounds)
Solve 1: Forcing phase 2 since near primal feasible with unperturbed costs
num / max / sum primal infeasiblitiles
1 /   0.0002984 /   0.0002984 (  perturbed bounds)
1 /   0.0002986 /   0.0002986 (unperturbed bounds)
Solve 1: Forcing phase 2 since near primal feasible with unperturbed costs
num / max / sum primal infeasiblitiles
1 /   0.0002143 /   0.0002143 (  perturbed bounds)
1 /   0.0002145 /   0.0002145 (unperturbed bounds)
Solve 1: Forcing phase 2 since near primal feasible with unperturbed costs
num / max / sum primal infeasiblitiles
1 /   1.104e-05 /   1.104e-05 (  perturbed bounds)
1 /   1.123e-05 /   1.123e-05 (unperturbed bounds)
Solve 1: Forcing phase 2 since near primal feasible with unperturbed costs
num / max / sum primal infeasiblitiles
1 /   0.0002123 /   0.0002123 (  perturbed bounds)
1 /   0.0002125 /   0.0002125 (unperturbed bounds)
Solve 1: Forcing phase 2 since near primal feasible with unperturbed costs
num / max / sum primal infeasiblitiles
1 /   0.0003068 /   0.0003068 (  perturbed bounds)
1 /   0.0003069 /   0.0003069 (unperturbed bounds)
Solve 1: Forcing phase 2 since near primal feasible with unperturbed costs
num / max / sum primal infeasiblitiles
1 /   6.346e-05 /   6.346e-05 (  perturbed bounds)
1 /    6.35e-05 /    6.35e-05 (unperturbed bounds)
Solve 1: Forcing phase 2 since near primal feasible with unperturbed costs
num / max / sum primal infeasiblitiles
1 /   0.0003155 /   0.0003155 (  perturbed bounds)
1 /   0.0003157 /   0.0003157 (unperturbed bounds)
Solve 1: Forcing phase 2 since near primal feasible with unperturbed costs
num / max / sum primal infeasiblitiles
1 /   6.274e-05 /   6.274e-05 (  perturbed bounds)
1 /   6.278e-05 /   6.278e-05 (unperturbed bounds)
Solve 1: Forcing phase 2 since near primal feasible with unperturbed costs
num / max / sum primal infeasiblitiles
1 /   7.487e-05 /   7.487e-05 (  perturbed bounds)
1 /   7.491e-05 /   7.491e-05 (unperturbed bounds)
Solve 1: Forcing phase 2 since near primal feasible with unperturbed costs
num / max / sum primal infeasiblitiles
1 /   0.0002906 /   0.0002906 (  perturbed bounds)
1 /   0.0002908 /   0.0002908 (unperturbed bounds)
Solve 1: Forcing phase 2 since near primal feasible with unperturbed costs
num / max / sum primal infeasiblitiles
1 /   0.0002253 /   0.0002253 (  perturbed bounds)
1 /   0.0002255 /   0.0002255 (unperturbed bounds)
Solve 1: Forcing phase 2 since near primal feasible with unperturbed costs
num / max / sum primal infeasiblitiles
1 /   0.0001327 /   0.0001327 (  perturbed bounds)
1 /   0.0001329 /   0.0001329 (unperturbed bounds)
Solve 1: Forcing phase 2 since near primal feasible with unperturbed costs
num / max / sum primal infeasiblitiles
1 /   0.0002351 /   0.0002351 (  perturbed bounds)
1 /   0.0002351 /   0.0002351 (unperturbed bounds)
Solve 1: Forcing phase 2 since near primal feasible with unperturbed costs
num / max / sum primal infeasiblitiles
1 /   0.0003074 /   0.0003074 (  perturbed bounds)
1 /   0.0003074 /   0.0003074 (unperturbed bounds)
Solve 1: Forcing phase 2 since near primal feasible with unperturbed costs
num / max / sum primal infeasiblitiles
1 /    0.000178 /    0.000178 (  perturbed bounds)
1 /   0.0001782 /   0.0001782 (unperturbed bounds)
Solve 1: Forcing phase 2 since near primal feasible with unperturbed costs
num / max / sum primal infeasiblitiles
1 /   0.0001398 /   0.0001398 (  perturbed bounds)
1 /   0.0001399 /   0.0001399 (unperturbed bounds)
Solve 1: Forcing phase 2 since near primal feasible with unperturbed costs
num / max / sum primal infeasiblitiles
1 /   0.0002495 /   0.0002495 (  perturbed bounds)
1 /   0.0002497 /   0.0002497 (unperturbed bounds)
Solve 1: Forcing phase 2 since near primal feasible with unperturbed costs
num / max / sum primal infeasiblitiles
1 /   0.0002743 /   0.0002743 (  perturbed bounds)
1 /   0.0002745 /   0.0002745 (unperturbed bounds)
Solve 1: Forcing phase 2 since near primal feasible with unperturbed costs
num / max / sum primal infeasiblitiles
1 /   0.0002046 /   0.0002046 (  perturbed bounds)
1 /   0.0002046 /   0.0002046 (unperturbed bounds)
Solve 1: Forcing phase 2 since near primal feasible with unperturbed costs
num / max / sum primal infeasiblitiles
1 /   0.0001993 /   0.0001993 (  perturbed bounds)
1 /   0.0001995 /   0.0001995 (unperturbed bounds)
Solve 1: Forcing phase 2 since near primal feasible with unperturbed costs
num / max / sum primal infeasiblitiles
1 /   7.723e-05 /   7.723e-05 (  perturbed bounds)
1 /   7.726e-05 /   7.726e-05 (unperturbed bounds)
Solve 1: Forcing phase 2 since near primal feasible with unperturbed costs
num / max / sum primal infeasiblitiles
1 /   5.453e-05 /   5.453e-05 (  perturbed bounds)
1 /   5.456e-05 /   5.456e-05 (unperturbed bounds)
Solve 1: Forcing phase 2 since near primal feasible with unperturbed costs
num / max / sum primal infeasiblitiles
1 /   4.381e-05 /   4.381e-05 (  perturbed bounds)
1 /   4.397e-05 /   4.397e-05 (unperturbed bounds)
Solve 1: Forcing phase 2 since near primal feasible with unperturbed costs
num / max / sum primal infeasiblitiles
1 /   0.0003156 /   0.0003156 (  perturbed bounds)
1 /   0.0003157 /   0.0003157 (unperturbed bounds)
Solve 1: Forcing phase 2 since near primal feasible with unperturbed costs
num / max / sum primal infeasiblitiles
1 /   0.0002845 /   0.0002845 (  perturbed bounds)
1 /   0.0002847 /   0.0002847 (unperturbed bounds)
Solve 1: Forcing phase 2 since near primal feasible with unperturbed costs
num / max / sum primal infeasiblitiles
1 /   9.325e-05 /   9.325e-05 (  perturbed bounds)
1 /   9.343e-05 /   9.343e-05 (unperturbed bounds)
Solve 1: Forcing phase 2 since near primal feasible with unperturbed costs
num / max / sum primal infeasiblitiles
1 /   2.474e-05 /   2.474e-05 (  perturbed bounds)
1 /   2.477e-05 /   2.477e-05 (unperturbed bounds)
Solve 1: Forcing phase 2 since near primal feasible with unperturbed costs
num / max / sum primal infeasiblitiles
1 /   0.0003078 /   0.0003078 (  perturbed bounds)
1 /    0.000308 /    0.000308 (unperturbed bounds)
Solve 1: Forcing phase 2 since near primal feasible with unperturbed costs
num / max / sum primal infeasiblitiles
1 /   0.0003027 /   0.0003027 (  perturbed bounds)
1 /   0.0003027 /   0.0003027 (unperturbed bounds)
Solve 1: Forcing phase 2 since near primal feasible with unperturbed costs
num / max / sum primal infeasiblitiles
1 /   0.0001491 /   0.0001491 (  perturbed bounds)
1 /   0.0001493 /   0.0001493 (unperturbed bounds)
Solve 1: Forcing phase 2 since near primal feasible with unperturbed costs
num / max / sum primal infeasiblitiles
1 /    0.000156 /    0.000156 (  perturbed bounds)
1 /   0.0001562 /   0.0001562 (unperturbed bounds)
Solve 1: Forcing phase 2 since near primal feasible with unperturbed costs
num / max / sum primal infeasiblitiles
1 /   0.0001347 /   0.0001347 (  perturbed bounds)
1 /   0.0001347 /   0.0001347 (unperturbed bounds)
Solve 1: Forcing phase 2 since near primal feasible with unperturbed costs
num / max / sum primal infeasiblitiles
1 /   6.519e-05 /   6.519e-05 (  perturbed bounds)
1 /   6.538e-05 /   6.538e-05 (unperturbed bounds)
Solve 1: Forcing phase 2 since near primal feasible with unperturbed costs
num / max / sum primal infeasiblitiles
1 /   7.125e-05 /   7.125e-05 (  perturbed bounds)
1 /   7.128e-05 /   7.128e-05 (unperturbed bounds)
Solve 1: Forcing phase 2 since near primal feasible with unperturbed costs
num / max / sum primal infeasiblitiles
1 /   0.0001841 /   0.0001841 (  perturbed bounds)
1 /   0.0001841 /   0.0001841 (unperturbed bounds)
Solve 1: Forcing phase 2 since near primal feasible with unperturbed costs
num / max / sum primal infeasiblitiles
1 /   0.0002833 /   0.0002833 (  perturbed bounds)
1 /   0.0002833 /   0.0002833 (unperturbed bounds)
Solve 1: Forcing phase 2 since near primal feasible with unperturbed costs
num / max / sum primal infeasiblitiles
1 /   0.0001685 /   0.0001685 (  perturbed bounds)
1 /   0.0001687 /   0.0001687 (unperturbed bounds)
Solve 1: Forcing phase 2 since near primal feasible with unperturbed costs
num / max / sum primal infeasiblitiles
1 /   0.0001283 /   0.0001283 (  perturbed bounds)
1 /   0.0001285 /   0.0001285 (unperturbed bounds)
Solve 1: Forcing phase 2 since near primal feasible with unperturbed costs
num / max / sum primal infeasiblitiles
1 /   0.0001379 /   0.0001379 (  perturbed bounds)
1 /   0.0001381 /   0.0001381 (unperturbed bounds)
Solve 1: Forcing phase 2 since near primal feasible with unperturbed costs
num / max / sum primal infeasiblitiles
1 /   9.688e-05 /   9.688e-05 (  perturbed bounds)
1 /   9.692e-05 /   9.692e-05 (unperturbed bounds)
Solve 1: Forcing phase 2 since near primal feasible with unperturbed costs
num / max / sum primal infeasiblitiles
1 /   0.0002906 /   0.0002906 (  perturbed bounds)
1 /   0.0002908 /   0.0002908 (unperturbed bounds)
Solve 1: Forcing phase 2 since near primal feasible with unperturbed costs
num / max / sum primal infeasiblitiles
1 /   0.0002762 /   0.0002762 (  perturbed bounds)
1 /   0.0002762 /   0.0002762 (unperturbed bounds)
Solve 1: Forcing phase 2 since near primal feasible with unperturbed costs
num / max / sum primal infeasiblitiles
1 /    0.000198 /    0.000198 (  perturbed bounds)
1 /   0.0001982 /   0.0001982 (unperturbed bounds)
Solve 1: Forcing phase 2 since near primal feasible with unperturbed costs
num / max / sum primal infeasiblitiles
1 /   0.0001718 /   0.0001718 (  perturbed bounds)
1 /    0.000172 /    0.000172 (unperturbed bounds)
Solve 1: Forcing phase 2 since near primal feasible with unperturbed costs
num / max / sum primal infeasiblitiles
1 /   0.0001559 /   0.0001559 (  perturbed bounds)
1 /    0.000156 /    0.000156 (unperturbed bounds)
Solve 1: Forcing phase 2 since near primal feasible with unperturbed costs
num / max / sum primal infeasiblitiles
1 /   6.204e-05 /   6.204e-05 (  perturbed bounds)
1 /   6.207e-05 /   6.207e-05 (unperturbed bounds)
Solve 1: Forcing phase 2 since near primal feasible with unperturbed costs
num / max / sum primal infeasiblitiles
1 /   0.0001724 /   0.0001724 (  perturbed bounds)
1 /   0.0001726 /   0.0001726 (unperturbed bounds)
Solve 1: Forcing phase 2 since near primal feasible with unperturbed costs
num / max / sum primal infeasiblitiles
1 /   0.0002613 /   0.0002613 (  perturbed bounds)
1 /   0.0002615 /   0.0002615 (unperturbed bounds)
Solve 1: Forcing phase 2 since near primal feasible with unperturbed costs
num / max / sum primal infeasiblitiles
1 /   0.0001838 /   0.0001838 (  perturbed bounds)
1 /    0.000184 /    0.000184 (unperturbed bounds)
Solve 1: Forcing phase 2 since near primal feasible with unperturbed costs
num / max / sum primal infeasiblitiles
1 /   4.711e-06 /   4.711e-06 (  perturbed bounds)
1 /   4.897e-06 /  [ 2262.9s]   [q40] 1002/1200
 4.897e-06 (unperturbed bounds)
Solve 1: Forcing phase 2 since near primal feasible with unperturbed costs
num / max / sum primal infeasiblitiles
1 /   0.0003006 /   0.0003006 (  perturbed bounds)
1 /   0.0003006 /   0.0003006 (unperturbed bounds)
Solve 1: Forcing phase 2 since near primal feasible with unperturbed costs
num / max / sum primal infeasiblitiles
1 /   0.0003155 /   0.0003155 (  perturbed bounds)
1 /   0.0003157 /   0.0003157 (unperturbed bounds)
Solve 1: Forcing phase 2 since near primal feasible with unperturbed costs
num / max / sum primal infeasiblitiles
1 /   0.0002831 /   0.0002831 (  perturbed bounds)
1 /   0.0002833 /   0.0002833 (unperturbed bounds)
Solve 1: Forcing phase 2 since near primal feasible with unperturbed costs
num / max / sum primal infeasiblitiles
1 /   0.0002219 /   0.0002219 (  perturbed bounds)
1 /   0.0002221 /   0.0002221 (unperturbed bounds)
Solve 1: Forcing phase 2 since near primal feasible with unperturbed costs
num / max / sum primal infeasiblitiles
1 /   0.0002701 /   0.0002701 (  perturbed bounds)
1 /   0.0002703 /   0.0002703 (unperturbed bounds)
Solve 1: Forcing phase 2 since near primal feasible with unperturbed costs
num / max / sum primal infeasiblitiles
1 /    5.67e-05 /    5.67e-05 (  perturbed bounds)
1 /   5.673e-05 /   5.673e-05 (unperturbed bounds)
Solve 1: Forcing phase 2 since near primal feasible with unperturbed costs
num / max / sum primal infeasiblitiles
1 /   0.0002387 /   0.0002387 (  perturbed bounds)
1 /   0.0002389 /   0.0002389 (unperturbed bounds)
Solve 1: Forcing phase 2 since near primal feasible with unperturbed costs
num / max / sum primal infeasiblitiles
1 /   0.0001151 /   0.0001151 (  perturbed bounds)
1 /   0.0001151 /   0.0001151 (unperturbed bounds)
Solve 1: Forcing phase 2 since near primal feasible with unperturbed costs
num / max / sum primal infeasiblitiles
1 /   0.0002569 /   0.0002569 (  perturbed bounds)
1 /   0.0002569 /   0.0002569 (unperturbed bounds)
Solve 1: Forcing phase 2 since near primal feasible with unperturbed costs
num / max / sum primal infeasiblitiles
1 /   0.0002146 /   0.0002146 (  perturbed bounds)
1 /   0.0002148 /   0.0002148 (unperturbed bounds)
Solve 1: Forcing phase 2 since near primal feasible with unperturbed costs
num / max / sum primal infeasiblitiles
1 /   0.0002455 /   0.0002455 (  perturbed bounds)
1 /   0.0002455 /   0.0002455 (unperturbed bounds)
Solve 1: Forcing phase 2 since near primal feasible with unperturbed costs
num / max / sum primal infeasiblitiles
1 /   8.698e-05 /   8.698e-05 (  perturbed bounds)
1 /   8.717e-05 /   8.717e-05 (unperturbed bounds)
Solve 1: Forcing phase 2 since near primal feasible with unperturbed costs
num / max / sum primal infeasiblitiles
1 /   0.0001083 /   0.0001083 (  perturbed bounds)
1 /   0.0001083 /   0.0001083 (unperturbed bounds)
Solve 1: Forcing phase 2 since near primal feasible with unperturbed costs
num / max / sum primal infeasiblitiles
1 /   0.0002083 /   0.0002083 (  perturbed bounds)
1 /   0.0002085 /   0.0002085 (unperturbed bounds)
Solve 1: Forcing phase 2 since near primal feasible with unperturbed costs
num / max / sum primal infeasiblitiles
1 /   0.0002599 /   0.0002599 (  perturbed bounds)
1 /     0.00026 /     0.00026 (unperturbed bounds)
Solve 1: Forcing phase 2 since near primal feasible with unperturbed costs
num / max / sum primal infeasiblitiles
1 /   0.0001623 /   0.0001623 (  perturbed bounds)
1 /   0.0001625 /   0.0001625 (unperturbed bounds)
Solve 1: Forcing phase 2 since near primal feasible with unperturbed costs
num / max / sum primal infeasiblitiles
1 /   7.669e-05 /   7.669e-05 (  perturbed bounds)
1 /   7.673e-05 /   7.673e-05 (unperturbed bounds)
Solve 1: Forcing phase 2 since near primal feasible with unperturbed costs
num / max / sum primal infeasiblitiles
1 /   0.0002813 /   0.0002813 (  perturbed bounds)
1 /   0.0002815 /   0.0002815 (unperturbed bounds)
Solve 1: Forcing phase 2 since near primal feasible with unperturbed costs
num / max / sum primal infeasiblitiles
1 /   9.191e-05 /   9.191e-05 (  perturbed bounds)
1 /   9.207e-05 /   9.207e-05 (unperturbed bounds)
Solve 1: Forcing phase 2 since near primal feasible with unperturbed costs
num / max / sum primal infeasiblitiles
1 /   0.0002149 /   0.0002149 (  perturbed bounds)
1 /   0.0002151 /   0.0002151 (unperturbed bounds)
Solve 1: Forcing phase 2 since near primal feasible with unperturbed costs
num / max / sum primal infeasiblitiles
1 /   6.721e-05 /   6.721e-05 (  perturbed bounds)
1 /   6.737e-05 /   6.737e-05 (unperturbed bounds)
Solve 1: Forcing phase 2 since near primal feasible with unperturbed costs
num / max / sum primal infeasiblitiles
1 /    0.000191 /    0.000191 (  perturbed bounds)
1 /   0.0001912 /   0.0001912 (unperturbed bounds)
Solve 1: Forcing phase 2 since near primal feasible with unperturbed costs
num / max / sum primal infeasiblitiles
1 /   0.0003046 /   0.0003046 (  perturbed bounds)
1 /   0.0003048 /   0.0003048 (unperturbed bounds)
Solve 1: Forcing phase 2 since near primal feasible with unperturbed costs
num / max / sum primal infeasiblitiles
1 /   6.404e-05 /   6.404e-05 (  perturbed bounds)
1 /   6.424e-05 /   6.424e-05 (unperturbed bounds)
Solve 1: Forcing phase 2 since near primal feasible with unperturbed costs
num / max / sum primal infeasiblitiles
1 /    0.000134 /    0.000134 (  perturbed bounds)
1 /    0.000134 /    0.000134 (unperturbed bounds)
Solve 1: Forcing phase 2 since near primal feasible with unperturbed costs
num / max / sum primal infeasiblitiles
1 /   2.362e-05 /   2.362e-05 (  perturbed bounds)
1 /   2.366e-05 /   2.366e-05 (unperturbed bounds)
Solve 1: Forcing phase 2 since near primal feasible with unperturbed costs
num / max / sum primal infeasiblitiles
1 /   0.0001254 /   0.0001254 (  perturbed bounds)
1 /   0.0001256 /   0.0001256 (unperturbed bounds)
Solve 1: Forcing phase 2 since near primal feasible with unperturbed costs
num / max / sum primal infeasiblitiles
1 /   0.0002665 /   0.0002665 (  perturbed bounds)
1 /   0.0002666 /   0.0002666 (unperturbed bounds)
Solve 1: Forcing phase 2 since near primal feasible with unperturbed costs
num / max / sum primal infeasiblitiles
1 /   0.0002709 /   0.0002709 (  perturbed bounds)
1 /   0.0002711 /   0.0002711 (unperturbed bounds)
Solve 1: Forcing phase 2 since near primal feasible with unperturbed costs
num / max / sum primal infeasiblitiles
1 /   0.0001578 /   0.0001578 (  perturbed bounds)
1 /   0.0001578 /   0.0001578 (unperturbed bounds)
Solve 1: Forcing phase 2 since near primal feasible with unperturbed costs
num / max / sum primal infeasiblitiles
1 /    0.000101 /    0.000101 (  perturbed bounds)
1 /   0.0001012 /   0.0001012 (unperturbed bounds)
Solve 1: Forcing phase 2 since near primal feasible with unperturbed costs
num / max / sum primal infeasiblitiles
1 /   0.0002906 /   0.0002906 (  perturbed bounds)
1 /   0.0002908 /   0.0002908 (unperturbed bounds)
Solve 1: Forcing phase 2 since near primal feasible with unperturbed costs
num / max / sum primal infeasiblitiles
1 /   0.0001508 /   0.0001508 (  perturbed bounds)
1 /   0.0001508 /   0.0001508 (unperturbed bounds)
Solve 1: Forcing phase 2 since near primal feasible with unperturbed costs
num / max / sum primal infeasiblitiles
1 /   0.0002586 /   0.0002586 (  perturbed bounds)
1 /   0.0002588 /   0.0002588 (unperturbed bounds)
Solve 1: Forcing phase 2 since near primal feasible with unperturbed costs
num / max / sum primal infeasiblitiles
1 /   0.0001938 /   0.0001938 (  perturbed bounds)
1 /   0.0001938 /   0.0001938 (unperturbed bounds)
Solve 1: Forcing phase 2 since near primal feasible with unperturbed costs
num / max / sum primal infeasiblitiles
1 /   0.0002964 /   0.0002964 (  perturbed bounds)
1 /   0.0002966 /   0.0002966 (unperturbed bounds)
Solve 1: Forcing phase 2 since near primal feasible with unperturbed costs
num / max / sum primal infeasiblitiles
1 /    2.13e-05 /    2.13e-05 (  perturbed bounds)
1 /    2.15e-05 /    2.15e-05 (unperturbed bounds)
Solve 1: Forcing phase 2 since near primal feasible with unperturbed costs
num / max / sum primal infeasiblitiles
1 /    0.000118 /    0.000118 (  perturbed bounds)
1 /[ 2335.0s] classical n=28: 800 paths
[ 2339.5s] classical n=40: 400 paths
[ 2350.3s] == signature (a): skew stability ==
[ 2350.3s]   n=20: N=4000 mean=5.756 sd=0.818 skew=+0.3784+-0.039 (z_TW +3.98, z_0 +9.77)  ex-kurt=+0.639
[ 2350.3s]   n=28: N=4000 mean=6.885 sd=0.884 skew=+0.2808+-0.039 (z_TW +1.46, z_0 +7.25)  ex-kurt=+0.296
[ 2350.3s]   n=32: N=2500 mean=7.354 sd=0.887 skew=+0.1962+-0.049 (z_TW -0.57, z_0 +4.00)  ex-kurt=+0.266
[ 2350.3s]   n=40: N=1200 mean=8.282 sd=0.960 skew=+0.2088+-0.071 (z_TW -0.22, z_0 +2.95)  ex-kurt=+0.195
[ 2350.3s]   CLASSICAL n=28: skew=+0.4981+-0.087
[ 2350.3s]   CLASSICAL n=40: skew=+0.3672+-0.122
[ 2350.3s] == signature (b): multinomial LL, TW vs Gaussian ==
[ 2350.3s]   n=20: Delta-LL(TW - Gauss) = +29.94 (+7.5 per 1000 samples)
[ 2350.3s]   n=28: Delta-LL(TW - Gauss) = +20.85 (+5.2 per 1000 samples)
[ 2350.3s]   n=32: Delta-LL(TW - Gauss) = +7.04 (+2.8 per 1000 samples)
[ 2350.3s]   n=40: Delta-LL(TW - Gauss) = +3.93 (+3.3 per 1000 samples)
[ 2350.3s]   CLASSICAL n=28: Delta-LL = +10.05
[ 2350.3s]   CLASSICAL n=40: Delta-LL = +3.02
[ 2350.3s] == signature (c): fluctuation exponent sd ~ n^chi ==
[ 2350.3s]   sd: n=20:0.818  n=28:0.884  n=32:0.887  n=40:0.960
[ 2350.3s]   chi = 0.222  (KPZ 1/6 = 0.167; additive-Gaussian 0.5)
[ 2350.3s]   mean-height exponent = 0.524 (2D longest-chain 1/2)
[ 2350.3s] DONE
   0.0001182 /   0.0001182 (unperturbed bounds)
Solve 1: Forcing phase 2 since near primal feasible with unperturbed costs
num / max / sum primal infeasiblitiles
1 /   4.437e-05 /   4.437e-05 (  perturbed bounds)
1 /   4.455e-05 /   4.455e-05 (unperturbed bounds)
Solve 1: Forcing phase 2 since near primal feasible with unperturbed costs
num / max / sum primal infeasiblitiles
1 /   0.0001503 /   0.0001503 (  perturbed bounds)
1 /   0.0001503 /   0.0001503 (unperturbed bounds)
Solve 1: Forcing phase 2 since near primal feasible with unperturbed costs
num / max / sum primal infeasiblitiles
1 /   0.0001989 /   0.0001989 (  perturbed bounds)
1 /   0.0001991 /   0.0001991 (unperturbed bounds)
Solve 1: Forcing phase 2 since near primal feasible with unperturbed costs
num / max / sum primal infeasiblitiles
1 /    0.000285 /    0.000285 (  perturbed bounds)
1 /   0.0002851 /   0.0002851 (unperturbed bounds)
Solve 1: Forcing phase 2 since near primal feasible with unperturbed costs
num / max / sum primal infeasiblitiles
1 /   0.0002381 /   0.0002381 (  perturbed bounds)
1 /   0.0002382 /   0.0002382 (unperturbed bounds)
Solve 1: Forcing phase 2 since near primal feasible with unperturbed costs
num / max / sum primal infeasiblitiles
1 /   0.0002361 /   0.0002361 (  perturbed bounds)
1 /   0.0002363 /   0.0002363 (unperturbed bounds)
Solve 1: Forcing phase 2 since near primal feasible with unperturbed costs
num / max / sum primal infeasiblitiles
1 /   7.311e-05 /   7.311e-05 (  perturbed bounds)
1 /   7.329e-05 /   7.329e-05 (unperturbed bounds)
