{
  "model": "3+1_causal_diamond",
  "inverse_square": {
    "dimension": "3+1",
    "N_events": 62,
    "N_links": 318,
    "N_faces": 1433,
    "Q_source": 2.0,
    "alpha_fit": 1.9830739093209362,
    "A_fit": 0.16579806284208126,
    "expected_alpha": 2.0,
    "error_pct": 1.692609067906381,
    "r_values": [
      0.3,
      0.5,
      0.8,
      1.0,
      1.3,
      1.6,
      2.0
    ],
    "F_theory": [
      1.768388256576615,
      0.6366197723675814,
      0.24867959858108646,
      0.15915494309189535,
      0.09417452253958304,
      0.062169899645271615,
      0.039788735772973836
    ],
    "passed": true
  },
  "robustness": {
    "pass": 20,
    "total": 20,
    "skip": 0,
    "rate": 1.0
  },
  "alpha_stability": {
    "mean": 2.0035296115262895,
    "std": 0.06261845888823928,
    "n_seeds": 10
  },
  "ALL_PASS": true
}