{
  "best_sigma": 0.3435897435897436,
  "masses_up_GeV": [
    1.9031901424314228,
    1.9101796562059405,
    8.43361813383384
  ],
  "masses_down_GeV": [
    1.9064875102410375,
    1.920060694772112,
    8.529620216035019
  ],
  "ckm": {
    "V_CKM_abs": [
      [
        0.9994050452187176,
        0.03137521831453317,
        0.01432310256503215
      ],
      [
        0.03399391800951394,
        0.8282562108400731,
        0.5593174972618028
      ],
      [
        0.005828304190370111,
        0.5594705040308737,
        0.8288297690054967
      ]
    ],
    "V_us": 0.03137521831453317,
    "V_cb": 0.5593174972618028,
    "V_ub": 0.01432310256503215,
    "Jarlskog": -1.848244081749461e-05,
    "unitarity_check": 3.1286304352367404e-16
  },
  "n_points": 200000
}