{
  "N": 8000,
  "k": 15,
  "a": 1.0,
  "b": 1.0,
  "best_theta": 0.4,
  "best_phi_off": 0.19999999999999998,
  "up_type": {
    "yukawa_eigenvalues": [
      0.5159589977595251,
      0.5375677093990096,
      0.5799470243899721
    ],
    "masses_GeV": [
      89.77686561015737,
      93.53678143542766,
      100.91078224385515
    ],
    "m1_MeV": 89776.86561015737,
    "m2_GeV": 93.53678143542766,
    "m3_GeV": 100.91078224385515,
    "ratio_32": 1.0788353062321059,
    "ratio_21": 1.0418806760485175,
    "y0": 0.19331567479665737,
    "epsilon": 0.9269255411120696,
    "U": [
      [
        "(-0.9107590825911185+3.988397321949158e-19j)",
        "(-0.3764552223145549+1.8931061714985227e-18j)",
        "(0.16970373911579967+7.969660592697371e-19j)"
      ],
      [
        "(0.16914523584135624+0.10224295667861005j)",
        "(-0.6769435877069321-0.334956235290939j)",
        "(-0.5939078862388484-0.19432289923547258j)"
      ],
      [
        "(-0.3468848669787846-0.10547535039374438j)",
        "(0.50215131955562+0.18888413740395713j)",
        "(-0.7477210416023661-0.14705753422117898j)"
      ]
    ],
    "Vh": [
      [
        "(-0.9107590825911182+0j)",
        "(0.1691452358413562-0.10224295667861003j)",
        "(-0.34688486697878457+0.10547535039374432j)"
      ],
      [
        "(-0.3764552223145549+0j)",
        "(-0.6769435877069317+0.33495623529093893j)",
        "(0.5021513195556201-0.18888413740395707j)"
      ],
      [
        "(0.16970373911579967+0j)",
        "(-0.5939078862388483+0.1943228992354726j)",
        "(-0.7477210416023659+0.14705753422117895j)"
      ]
    ]
  },
  "down_type": {
    "yukawa_eigenvalues": [
      0.43987043903696865,
      0.4480067391218148,
      0.47579301840954624
    ],
    "masses_GeV": [
      76.53745639243255,
      77.95317260719578,
      82.78798520326104
    ],
    "m1_MeV": 76537.45639243255,
    "m2_GeV": 77.95317260719578,
    "m3_GeV": 82.78798520326104,
    "ratio_32": 1.0620220118612462,
    "ratio_21": 1.0184970376792297,
    "y0": 0.15859767280318207,
    "epsilon": 0.941600069331379,
    "U": [
      [
        "(-0.8431440438974032-5.170153868040649e-19j)",
        "(0.4653724367313735+2.413952635364937e-18j)",
        "(-0.26932622666765477+1.8419453552912754e-18j)"
      ],
      [
        "(-0.017065924551095145-0.3309071501528432j)",
        "(0.18472735657207234-0.11384461915756512j)",
        "(0.3726189385246432+0.8392136469770207j)"
      ],
      [
        "(-0.36920578979480156-0.20737506653228605j)",
        "(-0.8097485447076234-0.28399118982347493j)",
        "(-0.2433516838047244+0.15848950438014864j)"
      ]
    ],
    "Vh": [
      [
        "(-0.8431440438974033+0j)",
        "(-0.017065924551095082+0.33090715015284317j)",
        "(-0.3692057897948015+0.207375066532286j)"
      ],
      [
        "(0.4653724367313735+0j)",
        "(0.18472735657207237+0.11384461915756511j)",
        "(-0.8097485447076235+0.283991189823475j)"
      ],
      [
        "(-0.2693262266676547+0j)",
        "(0.3726189385246431-0.8392136469770208j)",
        "(-0.24335168380472447-0.15848950438014853j)"
      ]
    ]
  },
  "ckm": {
    "V_abs": [
      [
        0.8813822124775844,
        0.0966910974513571,
        0.46240266781428657
      ],
      [
        0.28309164327328573,
        0.7376308765751382,
        0.6129925052003685
      ],
      [
        0.378185823421434,
        0.6682451059279411,
        0.6406433964120809
      ]
    ],
    "V_us": 0.0966910974513571,
    "V_cb": 0.6129925052003685,
    "V_ub": 0.46240266781428657,
    "Jarlskog": -0.016566128417615473,
    "unitarity": 6.661338147750939e-16
  },
  "higgs_profile": {
    "mean": 1.6334737315485073,
    "std": 0.6900064925266891,
    "min": 0.7718862828178195,
    "max": 29.332408894221835,
    "vev": 0.7071067811865476
  }
}